50,1,2981,HAS_LINK_TO
50,1,2289,HAS_LINK_TO
50,1,4638,HAS_LINK_TO
50,1,2926,HAS_LINK_TO
50,1,707,HAS_LINK_TO
50,1,616,HAS_LINK_TO
50,1,1092,HAS_LINK_TO
50,1,3897,HAS_LINK_TO
50,1,1830,HAS_LINK_TO
50,1,3531,HAS_LINK_TO
50,1,2656,HAS_LINK_TO
50,1,3918,HAS_LINK_TO
50,1,3860,HAS_LINK_TO
50,1,4060,HAS_LINK_TO
50,1,135,HAS_LINK_TO
50,1,2044,HAS_LINK_TO
50,1,13,HAS_LINK_TO
50,1,3802,HAS_LINK_TO
50,1,3777,HAS_LINK_TO
50,1,365,HAS_LINK_TO
50,1,3164,HAS_LINK_TO
50,1,44,HAS_LINK_TO
50,1,4413,HAS_LINK_TO
50,1,1174,HAS_LINK_TO
50,1,3713,HAS_LINK_TO
50,1,1404,HAS_LINK_TO
50,1,335,HAS_LINK_TO
50,1,2166,HAS_LINK_TO
50,1,521,HAS_LINK_TO
50,1,1562,HAS_LINK_TO
50,1,1795,HAS_LINK_TO
50,1,3452,HAS_LINK_TO
50,1,4317,HAS_LINK_TO
50,1,1725,HAS_LINK_TO
50,1,3851,HAS_LINK_TO
50,1,4297,HAS_LINK_TO
50,1,3896,HAS_LINK_TO
50,1,561,HAS_LINK_TO
50,1,2218,HAS_LINK_TO
50,1,2062,HAS_LINK_TO
50,1,3130,HAS_LINK_TO
50,1,148,HAS_LINK_TO
50,1,1523,HAS_LINK_TO
50,1,6,HAS_LINK_TO
50,1,1312,HAS_LINK_TO
50,1,693,HAS_LINK_TO
50,1,1471,HAS_LINK_TO
50,1,1310,HAS_LINK_TO
50,1,2122,HAS_LINK_TO
50,1,310,HAS_LINK_TO
50,1,2763,HAS_LINK_TO
50,1,2003,HAS_LINK_TO
50,1,3435,HAS_LINK_TO
50,1,4134,HAS_LINK_TO
50,1,26,HAS_LINK_TO
50,1,517,HAS_LINK_TO
50,1,3176,HAS_LINK_TO
50,1,4220,HAS_LINK_TO
50,1,2655,HAS_LINK_TO
50,1,4572,HAS_LINK_TO
50,1,3824,HAS_LINK_TO
50,1,3783,HAS_LINK_TO
50,1,2575,HAS_LINK_TO
50,1,1735,HAS_LINK_TO
50,1,4642,HAS_LINK_TO
50,1,12,HAS_LINK_TO
50,1,3680,HAS_LINK_TO
50,1,2746,HAS_LINK_TO
50,1,3828,HAS_LINK_TO
50,1,1909,HAS_LINK_TO
50,1,2466,HAS_LINK_TO
50,1,1575,HAS_LINK_TO
50,1,134,HAS_LINK_TO
50,1,4277,HAS_LINK_TO
50,1,4423,HAS_LINK_TO
50,1,2547,HAS_LINK_TO
50,1,1765,HAS_LINK_TO
50,1,1374,HAS_LINK_TO
50,1,2039,HAS_LINK_TO
50,1,581,HAS_LINK_TO
50,1,1566,HAS_LINK_TO
50,1,4449,HAS_LINK_TO
50,1,3533,HAS_LINK_TO
50,1,4442,HAS_LINK_TO
50,1,1740,HAS_LINK_TO
50,1,3734,HAS_LINK_TO
50,1,3920,HAS_LINK_TO
50,1,22,HAS_LINK_TO
50,1,3441,HAS_LINK_TO
50,1,3233,HAS_LINK_TO
50,1,545,HAS_LINK_TO
50,1,3387,HAS_LINK_TO
50,1,3751,HAS_LINK_TO
50,1,236,HAS_LINK_TO
50,1,3811,HAS_LINK_TO
50,1,399,HAS_LINK_TO
50,1,3807,HAS_LINK_TO
50,1,836,HAS_LINK_TO
50,1,570,HAS_LINK_TO
50,1,739,HAS_LINK_TO
50,1,2288,HAS_LINK_TO
50,1,3830,HAS_LINK_TO
50,1,1524,HAS_LINK_TO
50,1,149,HAS_LINK_TO
50,1,1216,HAS_LINK_TO
50,1,916,HAS_LINK_TO
50,1,1744,HAS_LINK_TO
50,1,4394,HAS_LINK_TO
50,1,2856,HAS_LINK_TO
50,1,2027,HAS_LINK_TO
50,1,3238,HAS_LINK_TO
50,1,3672,HAS_LINK_TO
50,1,3775,HAS_LINK_TO
50,1,3852,HAS_LINK_TO
50,1,4184,HAS_LINK_TO
50,1,1900,HAS_LINK_TO
50,1,709,HAS_LINK_TO
50,1,2893,HAS_LINK_TO
50,1,4003,HAS_LINK_TO
50,1,4148,HAS_LINK_TO
50,1,246,HAS_LINK_TO
50,1,2203,HAS_LINK_TO
50,1,47,HAS_LINK_TO
50,1,1810,HAS_LINK_TO
50,1,1032,HAS_LINK_TO
50,1,2418,HAS_LINK_TO
50,1,4301,HAS_LINK_TO
50,1,1415,HAS_LINK_TO
50,1,3555,HAS_LINK_TO
50,1,2555,HAS_LINK_TO
50,1,2458,HAS_LINK_TO
50,1,2204,HAS_LINK_TO
50,1,1717,HAS_LINK_TO
50,1,1878,HAS_LINK_TO
50,1,3514,HAS_LINK_TO
50,1,1003,HAS_LINK_TO
50,1,3546,HAS_LINK_TO
50,1,4639,HAS_LINK_TO
50,1,2041,HAS_LINK_TO
50,1,145,HAS_LINK_TO
50,1,1136,HAS_LINK_TO
50,1,3889,HAS_LINK_TO
50,1,780,HAS_LINK_TO
50,1,3456,HAS_LINK_TO
50,1,659,HAS_LINK_TO
50,1,2912,HAS_LINK_TO
50,1,4611,HAS_LINK_TO
50,1,3619,HAS_LINK_TO
50,1,1184,HAS_LINK_TO
50,1,933,HAS_LINK_TO
50,1,2167,HAS_LINK_TO
50,1,1395,HAS_LINK_TO
50,1,2886,HAS_LINK_TO
50,1,978,HAS_LINK_TO
50,1,3459,HAS_LINK_TO
50,1,2076,HAS_LINK_TO
50,1,2271,HAS_LINK_TO
50,1,2666,HAS_LINK_TO
50,1,2192,HAS_LINK_TO
50,1,2282,HAS_LINK_TO
50,1,4041,HAS_LINK_TO
50,1,2421,HAS_LINK_TO
50,1,4375,HAS_LINK_TO
50,1,1642,HAS_LINK_TO
50,1,3478,HAS_LINK_TO
50,1,3237,HAS_LINK_TO
50,1,1922,HAS_LINK_TO
50,1,1470,HAS_LINK_TO
50,1,2905,HAS_LINK_TO
50,1,704,HAS_LINK_TO
50,1,3001,HAS_LINK_TO
50,1,4328,HAS_LINK_TO
50,1,4333,HAS_LINK_TO
50,1,1167,HAS_LINK_TO
50,1,76,HAS_LINK_TO
50,1,4447,HAS_LINK_TO
50,1,396,HAS_LINK_TO
50,1,286,HAS_LINK_TO
50,1,1194,HAS_LINK_TO
50,1,1457,HAS_LINK_TO
50,1,1357,HAS_LINK_TO
50,1,3796,HAS_LINK_TO
50,1,250,HAS_LINK_TO
50,1,3936,HAS_LINK_TO
50,1,4362,HAS_LINK_TO
50,1,3938,HAS_LINK_TO
50,1,1925,HAS_LINK_TO
50,1,2274,HAS_LINK_TO
50,1,2029,HAS_LINK_TO
50,1,3738,HAS_LINK_TO
50,1,772,HAS_LINK_TO
50,1,2002,HAS_LINK_TO
50,1,1541,HAS_LINK_TO
50,1,1195,HAS_LINK_TO
50,1,4504,HAS_LINK_TO
50,1,432,HAS_LINK_TO
50,1,2532,HAS_LINK_TO
50,1,4586,HAS_LINK_TO
50,1,1788,HAS_LINK_TO
50,1,4441,HAS_LINK_TO
50,1,646,HAS_LINK_TO
50,1,3518,HAS_LINK_TO
50,1,1342,HAS_LINK_TO
50,1,981,HAS_LINK_TO
50,1,4106,HAS_LINK_TO
50,1,1700,HAS_LINK_TO
50,1,1817,HAS_LINK_TO
50,1,2950,HAS_LINK_TO
50,1,603,HAS_LINK_TO
50,1,3810,HAS_LINK_TO
50,1,4266,HAS_LINK_TO
50,1,1220,HAS_LINK_TO
50,1,1401,HAS_LINK_TO
50,1,973,HAS_LINK_TO
50,1,408,HAS_LINK_TO
50,1,3517,HAS_LINK_TO
50,1,54,HAS_LINK_TO
50,1,2162,HAS_LINK_TO
50,1,4265,HAS_LINK_TO
50,1,4357,HAS_LINK_TO
50,1,2834,HAS_LINK_TO
50,1,1008,HAS_LINK_TO
50,1,1741,HAS_LINK_TO
50,1,2468,HAS_LINK_TO
50,1,3695,HAS_LINK_TO
50,1,1883,HAS_LINK_TO
50,1,3798,HAS_LINK_TO
50,1,4598,HAS_LINK_TO
50,1,199,HAS_LINK_TO
50,1,966,HAS_LINK_TO
50,1,792,HAS_LINK_TO
50,1,1851,HAS_LINK_TO
50,1,1018,HAS_LINK_TO
50,1,737,HAS_LINK_TO
50,1,7,HAS_LINK_TO
50,1,3919,HAS_LINK_TO
50,1,924,HAS_LINK_TO
50,1,2811,HAS_LINK_TO
50,1,2557,HAS_LINK_TO
50,1,3044,HAS_LINK_TO
50,1,1340,HAS_LINK_TO
50,1,3808,HAS_LINK_TO
50,1,327,HAS_LINK_TO
50,1,437,HAS_LINK_TO
50,1,1128,HAS_LINK_TO
50,1,1284,HAS_LINK_TO
50,1,3450,HAS_LINK_TO
50,1,3696,HAS_LINK_TO
50,1,1131,HAS_LINK_TO
50,1,2230,HAS_LINK_TO
50,1,3863,HAS_LINK_TO
50,1,4612,HAS_LINK_TO
50,1,2868,HAS_LINK_TO
50,1,3227,HAS_LINK_TO
50,1,979,HAS_LINK_TO
50,1,1577,HAS_LINK_TO
50,1,2134,HAS_LINK_TO
50,1,1191,HAS_LINK_TO
50,1,3678,HAS_LINK_TO
50,1,3048,HAS_LINK_TO
50,1,984,HAS_LINK_TO
50,1,3385,HAS_LINK_TO
50,1,4218,HAS_LINK_TO
50,1,969,HAS_LINK_TO
50,1,1742,HAS_LINK_TO
50,1,4043,HAS_LINK_TO
50,1,1503,HAS_LINK_TO
50,1,2262,HAS_LINK_TO
50,1,4344,HAS_LINK_TO
50,1,696,HAS_LINK_TO
50,1,1029,HAS_LINK_TO
50,1,1854,HAS_LINK_TO
50,1,663,HAS_LINK_TO
50,1,4412,HAS_LINK_TO
50,1,3906,HAS_LINK_TO
50,1,215,HAS_LINK_TO
50,1,2408,HAS_LINK_TO
50,1,3634,HAS_LINK_TO
50,1,3885,HAS_LINK_TO
50,1,3868,HAS_LINK_TO
50,1,1300,HAS_LINK_TO
50,1,1189,HAS_LINK_TO
50,1,995,HAS_LINK_TO
50,1,3433,HAS_LINK_TO
50,1,3405,HAS_LINK_TO
50,1,2817,HAS_LINK_TO
50,1,1442,HAS_LINK_TO
50,1,4053,HAS_LINK_TO
50,1,36,HAS_LINK_TO
50,1,3216,HAS_LINK_TO
50,1,3876,HAS_LINK_TO
50,1,10,HAS_LINK_TO
50,1,3992,HAS_LINK_TO
50,1,4094,HAS_LINK_TO
50,1,643,HAS_LINK_TO
50,1,1305,HAS_LINK_TO
50,1,49,HAS_LINK_TO
50,1,2800,HAS_LINK_TO
50,1,2276,HAS_LINK_TO
50,1,3465,HAS_LINK_TO
50,1,1154,HAS_LINK_TO
50,1,2671,HAS_LINK_TO
50,1,4594,HAS_LINK_TO
50,1,43,HAS_LINK_TO
50,1,568,HAS_LINK_TO
50,1,1400,HAS_LINK_TO
50,1,4283,HAS_LINK_TO
50,1,143,HAS_LINK_TO
50,1,4285,HAS_LINK_TO
50,1,526,HAS_LINK_TO
50,1,3898,HAS_LINK_TO
50,1,2364,HAS_LINK_TO
50,1,1965,HAS_LINK_TO
50,1,569,HAS_LINK_TO
50,1,1797,HAS_LINK_TO
50,1,1631,HAS_LINK_TO
50,1,3440,HAS_LINK_TO
50,1,3887,HAS_LINK_TO
50,1,121,HAS_LINK_TO
50,1,1345,HAS_LINK_TO
50,1,2953,HAS_LINK_TO
50,1,983,HAS_LINK_TO
50,1,60,HAS_LINK_TO
50,1,1210,HAS_LINK_TO
50,1,1153,HAS_LINK_TO
50,1,1447,HAS_LINK_TO
50,1,1306,HAS_LINK_TO
50,1,3725,HAS_LINK_TO
50,1,519,HAS_LINK_TO
50,1,2970,HAS_LINK_TO
50,1,3140,HAS_LINK_TO
50,1,420,HAS_LINK_TO
50,1,3679,HAS_LINK_TO
50,1,1702,HAS_LINK_TO
50,1,2235,HAS_LINK_TO
50,1,516,HAS_LINK_TO
50,1,3062,HAS_LINK_TO
50,1,14,HAS_LINK_TO
50,1,23,HAS_LINK_TO
50,1,1201,HAS_LINK_TO
50,1,3765,HAS_LINK_TO
50,1,1590,HAS_LINK_TO
50,1,3591,HAS_LINK_TO
50,1,1316,HAS_LINK_TO
50,1,1626,HAS_LINK_TO
50,1,1953,HAS_LINK_TO
50,1,4466,HAS_LINK_TO
50,1,353,HAS_LINK_TO
50,1,3030,HAS_LINK_TO
50,1,564,HAS_LINK_TO
50,1,16,HAS_LINK_TO
50,1,723,HAS_LINK_TO
50,1,1622,HAS_LINK_TO
50,1,4200,HAS_LINK_TO
50,1,1755,HAS_LINK_TO
50,1,3180,HAS_LINK_TO
50,1,1832,HAS_LINK_TO
50,1,2748,HAS_LINK_TO
50,1,4596,HAS_LINK_TO
50,1,507,HAS_LINK_TO
50,1,1787,HAS_LINK_TO
50,1,424,HAS_LINK_TO
50,1,1379,HAS_LINK_TO
50,1,4567,HAS_LINK_TO
50,1,3574,HAS_LINK_TO
50,1,3106,HAS_LINK_TO
50,1,1908,HAS_LINK_TO
50,1,140,HAS_LINK_TO
50,1,2552,HAS_LINK_TO
50,1,2826,HAS_LINK_TO
50,1,3875,HAS_LINK_TO
50,1,1551,HAS_LINK_TO
50,1,806,HAS_LINK_TO
50,1,2942,HAS_LINK_TO
50,1,3827,HAS_LINK_TO
50,1,4129,HAS_LINK_TO
50,1,4632,HAS_LINK_TO
50,1,2207,HAS_LINK_TO
50,1,2762,HAS_LINK_TO
50,1,3742,HAS_LINK_TO
50,1,2606,HAS_LINK_TO
50,1,3698,HAS_LINK_TO
50,1,2314,HAS_LINK_TO
50,1,1937,HAS_LINK_TO
50,1,1533,HAS_LINK_TO
50,1,2895,HAS_LINK_TO
50,1,4472,HAS_LINK_TO
50,1,2306,HAS_LINK_TO
50,1,1662,HAS_LINK_TO
50,1,968,HAS_LINK_TO
50,1,4502,HAS_LINK_TO
50,1,3870,HAS_LINK_TO
50,1,3439,HAS_LINK_TO
50,1,2423,HAS_LINK_TO
50,1,3620,HAS_LINK_TO
50,1,3625,HAS_LINK_TO
50,1,3711,HAS_LINK_TO
50,1,4564,HAS_LINK_TO
50,1,2815,HAS_LINK_TO
50,1,2630,HAS_LINK_TO
50,1,1583,HAS_LINK_TO
50,1,4279,HAS_LINK_TO
50,1,71,HAS_LINK_TO
50,1,647,HAS_LINK_TO
50,1,3153,HAS_LINK_TO
50,1,2439,HAS_LINK_TO
50,1,2493,HAS_LINK_TO
50,1,4426,HAS_LINK_TO
50,1,2872,HAS_LINK_TO
50,1,3697,HAS_LINK_TO
50,1,4496,HAS_LINK_TO
50,1,1710,HAS_LINK_TO
50,1,4261,HAS_LINK_TO
50,1,1230,HAS_LINK_TO
50,1,3939,HAS_LINK_TO
50,1,383,HAS_LINK_TO
50,1,2808,HAS_LINK_TO
50,1,942,HAS_LINK_TO
50,1,752,HAS_LINK_TO
50,1,977,HAS_LINK_TO
50,1,3610,HAS_LINK_TO
50,1,1855,HAS_LINK_TO
50,1,1951,HAS_LINK_TO
50,1,2485,HAS_LINK_TO
50,1,9,HAS_LINK_TO
50,1,3733,HAS_LINK_TO
50,1,1017,HAS_LINK_TO
50,1,2873,HAS_LINK_TO
50,1,2518,HAS_LINK_TO
50,1,2241,HAS_LINK_TO
50,1,947,HAS_LINK_TO
50,1,1835,HAS_LINK_TO
50,1,1864,HAS_LINK_TO
50,1,3532,HAS_LINK_TO
50,1,2237,HAS_LINK_TO
50,1,1464,HAS_LINK_TO
50,1,3203,HAS_LINK_TO
50,1,3801,HAS_LINK_TO
50,1,1671,HAS_LINK_TO
50,1,4029,HAS_LINK_TO
50,1,1821,HAS_LINK_TO
50,1,1901,HAS_LINK_TO
50,1,48,HAS_LINK_TO
50,1,311,HAS_LINK_TO
50,1,4140,HAS_LINK_TO
50,1,3084,HAS_LINK_TO
50,1,4101,HAS_LINK_TO
50,1,514,HAS_LINK_TO
50,1,2957,HAS_LINK_TO
50,1,2057,HAS_LINK_TO
50,1,1080,HAS_LINK_TO
50,1,3204,HAS_LINK_TO
50,1,1603,HAS_LINK_TO
50,1,1581,HAS_LINK_TO
50,1,2986,HAS_LINK_TO
50,1,587,HAS_LINK_TO
50,1,2407,HAS_LINK_TO
50,1,1826,HAS_LINK_TO
50,1,2477,HAS_LINK_TO
50,1,4210,HAS_LINK_TO
50,1,166,HAS_LINK_TO
50,1,1315,HAS_LINK_TO
50,1,831,HAS_LINK_TO
50,1,4547,HAS_LINK_TO
50,1,3136,HAS_LINK_TO
50,1,3731,HAS_LINK_TO
50,1,990,HAS_LINK_TO
50,1,851,HAS_LINK_TO
50,1,3202,HAS_LINK_TO
50,1,324,HAS_LINK_TO
50,1,2160,HAS_LINK_TO
50,1,319,HAS_LINK_TO
50,1,4231,HAS_LINK_TO
50,1,3151,HAS_LINK_TO
50,1,1260,HAS_LINK_TO
50,1,1545,HAS_LINK_TO
50,1,3990,HAS_LINK_TO
50,1,3575,HAS_LINK_TO
50,1,795,HAS_LINK_TO
50,1,714,HAS_LINK_TO
50,1,503,HAS_LINK_TO
50,1,378,HAS_LINK_TO
50,1,1353,HAS_LINK_TO
50,1,4000,HAS_LINK_TO
50,1,4274,HAS_LINK_TO
50,1,4495,HAS_LINK_TO
50,1,4201,HAS_LINK_TO
50,1,4490,HAS_LINK_TO
50,1,3978,HAS_LINK_TO
50,1,774,HAS_LINK_TO
50,1,703,HAS_LINK_TO
50,1,4494,HAS_LINK_TO
50,1,3006,HAS_LINK_TO
50,1,1193,HAS_LINK_TO
50,1,2346,HAS_LINK_TO
50,1,1113,HAS_LINK_TO
50,1,1958,HAS_LINK_TO
50,1,1287,HAS_LINK_TO
50,1,152,HAS_LINK_TO
50,1,4431,HAS_LINK_TO
50,1,3748,HAS_LINK_TO
50,1,4574,HAS_LINK_TO
50,1,695,HAS_LINK_TO
50,1,4100,HAS_LINK_TO
50,1,4468,HAS_LINK_TO
50,1,2471,HAS_LINK_TO
50,1,3951,HAS_LINK_TO
50,1,3693,HAS_LINK_TO
50,1,2275,HAS_LINK_TO
50,1,368,HAS_LINK_TO
50,1,2698,HAS_LINK_TO
50,1,726,HAS_LINK_TO
50,1,3826,HAS_LINK_TO
50,1,2823,HAS_LINK_TO
50,1,3191,HAS_LINK_TO
50,1,2554,HAS_LINK_TO
50,1,1812,HAS_LINK_TO
50,1,635,HAS_LINK_TO
50,1,2093,HAS_LINK_TO
50,1,2419,HAS_LINK_TO
50,1,2593,HAS_LINK_TO
50,1,4171,HAS_LINK_TO
50,1,261,HAS_LINK_TO
50,1,996,HAS_LINK_TO
50,1,2461,HAS_LINK_TO
50,1,923,HAS_LINK_TO
50,1,2449,HAS_LINK_TO
50,1,444,HAS_LINK_TO
50,1,2269,HAS_LINK_TO
50,1,524,HAS_LINK_TO
50,1,838,HAS_LINK_TO
50,1,2710,HAS_LINK_TO
50,1,2880,HAS_LINK_TO
50,1,18,HAS_LINK_TO
50,1,278,HAS_LINK_TO
50,1,1978,HAS_LINK_TO
50,1,4415,HAS_LINK_TO
50,1,4130,HAS_LINK_TO
50,1,4421,HAS_LINK_TO
50,1,727,HAS_LINK_TO
50,1,1511,HAS_LINK_TO
50,1,769,HAS_LINK_TO
50,1,3056,HAS_LINK_TO
50,1,68,HAS_LINK_TO
50,1,1067,HAS_LINK_TO
50,1,1845,HAS_LINK_TO
50,1,4540,HAS_LINK_TO
50,1,4193,HAS_LINK_TO
50,1,3685,HAS_LINK_TO
50,1,2968,HAS_LINK_TO
50,1,1887,HAS_LINK_TO
50,1,75,HAS_LINK_TO
50,1,1066,HAS_LINK_TO
50,1,1009,HAS_LINK_TO
50,1,4059,HAS_LINK_TO
50,1,2728,HAS_LINK_TO
50,1,2055,HAS_LINK_TO
50,1,4035,HAS_LINK_TO
50,1,3197,HAS_LINK_TO
50,1,3669,HAS_LINK_TO
50,1,1976,HAS_LINK_TO
50,1,369,HAS_LINK_TO
50,1,2819,HAS_LINK_TO
50,1,98,HAS_LINK_TO
50,1,4023,HAS_LINK_TO
50,1,2363,HAS_LINK_TO
50,1,1012,HAS_LINK_TO
50,1,4583,HAS_LINK_TO
50,1,758,HAS_LINK_TO
50,1,702,HAS_LINK_TO
50,1,2681,HAS_LINK_TO
50,1,4487,HAS_LINK_TO
50,1,169,HAS_LINK_TO
50,1,1207,HAS_LINK_TO
50,1,1963,HAS_LINK_TO
50,1,2784,HAS_LINK_TO
50,1,2949,HAS_LINK_TO
50,1,1200,HAS_LINK_TO
50,1,3015,HAS_LINK_TO
50,1,4313,HAS_LINK_TO
50,1,1872,HAS_LINK_TO
50,1,2924,HAS_LINK_TO
50,1,3947,HAS_LINK_TO
50,1,633,HAS_LINK_TO
50,1,3025,HAS_LINK_TO
50,1,3813,HAS_LINK_TO
50,1,391,HAS_LINK_TO
50,1,2956,HAS_LINK_TO
50,1,302,HAS_LINK_TO
50,1,1510,HAS_LINK_TO
50,1,3633,HAS_LINK_TO
50,1,2753,HAS_LINK_TO
50,1,1987,HAS_LINK_TO
50,1,3134,HAS_LINK_TO
50,1,3124,HAS_LINK_TO
50,1,33,HAS_LINK_TO
50,1,2921,HAS_LINK_TO
50,1,198,HAS_LINK_TO
50,1,110,HAS_LINK_TO
50,1,4500,HAS_LINK_TO
50,1,1119,HAS_LINK_TO
50,1,1467,HAS_LINK_TO
50,1,62,HAS_LINK_TO
50,1,4176,HAS_LINK_TO
50,1,2899,HAS_LINK_TO
50,1,3055,HAS_LINK_TO
50,1,1955,HAS_LINK_TO
50,1,3179,HAS_LINK_TO
50,1,390,HAS_LINK_TO
50,1,3803,HAS_LINK_TO
50,1,3724,HAS_LINK_TO
50,1,2119,HAS_LINK_TO
50,1,3747,HAS_LINK_TO
50,1,3525,HAS_LINK_TO
50,1,4010,HAS_LINK_TO
50,1,3509,HAS_LINK_TO
50,1,30,HAS_LINK_TO
50,1,1879,HAS_LINK_TO
50,1,40,HAS_LINK_TO
50,1,4216,HAS_LINK_TO
50,1,3945,HAS_LINK_TO
50,1,2313,HAS_LINK_TO
50,1,5,HAS_LINK_TO
50,1,2709,HAS_LINK_TO
50,1,1962,HAS_LINK_TO
50,1,4001,HAS_LINK_TO
50,1,1440,HAS_LINK_TO
50,1,4217,HAS_LINK_TO
50,1,821,HAS_LINK_TO
50,1,4062,HAS_LINK_TO
50,1,825,HAS_LINK_TO
50,1,2362,HAS_LINK_TO
50,1,242,HAS_LINK_TO
50,1,347,HAS_LINK_TO
50,1,38,HAS_LINK_TO
50,1,3043,HAS_LINK_TO
50,1,2343,HAS_LINK_TO
50,1,418,HAS_LINK_TO
50,1,377,HAS_LINK_TO
50,1,1264,HAS_LINK_TO
50,1,1495,HAS_LINK_TO
50,1,442,HAS_LINK_TO
50,1,3528,HAS_LINK_TO
50,1,944,HAS_LINK_TO
50,1,618,HAS_LINK_TO
50,1,3007,HAS_LINK_TO
50,1,3502,HAS_LINK_TO
50,1,757,HAS_LINK_TO
50,1,1157,HAS_LINK_TO
50,1,320,HAS_LINK_TO
50,1,2977,HAS_LINK_TO
50,1,3409,HAS_LINK_TO
50,1,4145,HAS_LINK_TO
50,1,3539,HAS_LINK_TO
50,1,3488,HAS_LINK_TO
50,1,1388,HAS_LINK_TO
50,1,2264,HAS_LINK_TO
50,1,2258,HAS_LINK_TO
50,1,1637,HAS_LINK_TO
50,1,2824,HAS_LINK_TO
50,1,415,HAS_LINK_TO
50,1,1428,HAS_LINK_TO
50,1,3760,HAS_LINK_TO
50,1,4369,HAS_LINK_TO
50,1,943,HAS_LINK_TO
50,1,583,HAS_LINK_TO
50,1,1022,HAS_LINK_TO
50,1,4419,HAS_LINK_TO
50,1,1688,HAS_LINK_TO
50,1,2291,HAS_LINK_TO
50,1,2191,HAS_LINK_TO
50,1,1257,HAS_LINK_TO
50,1,3884,HAS_LINK_TO
50,1,3181,HAS_LINK_TO
50,1,1331,HAS_LINK_TO
50,1,433,HAS_LINK_TO
50,1,2385,HAS_LINK_TO
50,1,1232,HAS_LINK_TO
50,1,2247,HAS_LINK_TO
50,1,637,HAS_LINK_TO
50,1,4371,HAS_LINK_TO
50,1,2553,HAS_LINK_TO
50,1,2251,HAS_LINK_TO
50,1,679,HAS_LINK_TO
50,1,638,HAS_LINK_TO
50,1,3688,HAS_LINK_TO
50,1,840,HAS_LINK_TO
50,1,2870,HAS_LINK_TO
50,1,4206,HAS_LINK_TO
50,1,4488,HAS_LINK_TO
50,1,3879,HAS_LINK_TO
50,1,2803,HAS_LINK_TO
50,1,105,HAS_LINK_TO
50,1,938,HAS_LINK_TO
50,1,922,HAS_LINK_TO
50,1,482,HAS_LINK_TO
50,1,4219,HAS_LINK_TO
50,1,864,HAS_LINK_TO
50,1,3745,HAS_LINK_TO
50,1,2058,HAS_LINK_TO
50,1,1059,HAS_LINK_TO
50,1,1459,HAS_LINK_TO
50,1,1842,HAS_LINK_TO
50,1,2277,HAS_LINK_TO
50,1,1592,HAS_LINK_TO
50,1,413,HAS_LINK_TO
50,1,4484,HAS_LINK_TO
50,1,3158,HAS_LINK_TO
50,1,1543,HAS_LINK_TO
50,1,1834,HAS_LINK_TO
50,1,479,HAS_LINK_TO
50,1,2769,HAS_LINK_TO
50,1,3036,HAS_LINK_TO
50,1,533,HAS_LINK_TO
50,1,74,HAS_LINK_TO
50,1,3781,HAS_LINK_TO
50,1,4433,HAS_LINK_TO
50,1,3107,HAS_LINK_TO
50,1,2818,HAS_LINK_TO
50,1,2023,HAS_LINK_TO
50,1,717,HAS_LINK_TO
50,1,2222,HAS_LINK_TO
50,1,2345,HAS_LINK_TO
50,1,8,HAS_LINK_TO
50,1,3404,HAS_LINK_TO
50,1,422,HAS_LINK_TO
50,1,46,HAS_LINK_TO
50,1,3946,HAS_LINK_TO
50,1,1097,HAS_LINK_TO
50,1,1794,HAS_LINK_TO
50,1,3535,HAS_LINK_TO
50,1,158,HAS_LINK_TO
50,1,4272,HAS_LINK_TO
50,1,2368,HAS_LINK_TO
50,1,1086,HAS_LINK_TO
50,1,2409,HAS_LINK_TO
50,1,1558,HAS_LINK_TO
50,1,407,HAS_LINK_TO
50,1,2254,HAS_LINK_TO
50,1,1634,HAS_LINK_TO
50,1,1919,HAS_LINK_TO
50,1,3408,HAS_LINK_TO
50,1,2433,HAS_LINK_TO
50,1,2580,HAS_LINK_TO
50,1,2156,HAS_LINK_TO
50,1,3210,HAS_LINK_TO
50,1,3970,HAS_LINK_TO
50,1,1819,HAS_LINK_TO
50,1,3709,HAS_LINK_TO
50,1,1432,HAS_LINK_TO
50,1,358,HAS_LINK_TO
50,1,2535,HAS_LINK_TO
50,1,1075,HAS_LINK_TO
50,1,3,HAS_LINK_TO
50,1,3626,HAS_LINK_TO
50,1,3418,HAS_LINK_TO
50,1,1019,HAS_LINK_TO
50,1,3735,HAS_LINK_TO
50,1,3832,HAS_LINK_TO
50,1,3569,HAS_LINK_TO
50,1,3173,HAS_LINK_TO
50,1,1529,HAS_LINK_TO
50,1,970,HAS_LINK_TO
50,1,2147,HAS_LINK_TO
50,1,3052,HAS_LINK_TO
50,1,4198,HAS_LINK_TO
50,1,3836,HAS_LINK_TO
50,1,3971,HAS_LINK_TO
50,1,2918,HAS_LINK_TO
50,1,4408,HAS_LINK_TO
50,1,2209,HAS_LINK_TO
50,1,4493,HAS_LINK_TO
50,1,1776,HAS_LINK_TO
50,1,2315,HAS_LINK_TO
50,1,1806,HAS_LINK_TO
50,1,3483,HAS_LINK_TO
50,1,42,HAS_LINK_TO
50,1,3789,HAS_LINK_TO
50,1,463,HAS_LINK_TO
50,1,3694,HAS_LINK_TO
50,1,2046,HAS_LINK_TO
50,1,3016,HAS_LINK_TO
50,1,1779,HAS_LINK_TO
50,1,588,HAS_LINK_TO
50,1,3861,HAS_LINK_TO
50,1,1139,HAS_LINK_TO
50,1,3117,HAS_LINK_TO
50,1,1090,HAS_LINK_TO
50,1,186,HAS_LINK_TO
50,1,237,HAS_LINK_TO
50,1,4323,HAS_LINK_TO
50,1,1667,HAS_LINK_TO
50,1,786,HAS_LINK_TO
50,1,681,HAS_LINK_TO
50,1,4024,HAS_LINK_TO
50,1,3037,HAS_LINK_TO
50,1,3979,HAS_LINK_TO
50,1,2814,HAS_LINK_TO
50,1,1584,HAS_LINK_TO
50,1,27,HAS_LINK_TO
50,1,535,HAS_LINK_TO
50,1,2459,HAS_LINK_TO
50,1,2920,HAS_LINK_TO
50,1,4259,HAS_LINK_TO
50,1,0,HAS_LINK_TO
50,1,1993,HAS_LINK_TO
50,1,32,HAS_LINK_TO
50,1,1308,HAS_LINK_TO
50,1,3035,HAS_LINK_TO
50,1,61,HAS_LINK_TO
50,1,2564,HAS_LINK_TO
50,1,3699,HAS_LINK_TO
50,1,1663,HAS_LINK_TO
50,1,53,HAS_LINK_TO
50,1,932,HAS_LINK_TO
50,1,1768,HAS_LINK_TO
50,1,4359,HAS_LINK_TO
50,1,78,HAS_LINK_TO
50,1,2200,HAS_LINK_TO
50,1,3774,HAS_LINK_TO
50,1,2757,HAS_LINK_TO
50,1,4311,HAS_LINK_TO
50,1,174,HAS_LINK_TO
50,1,181,HAS_LINK_TO
50,1,3138,HAS_LINK_TO
50,1,3189,HAS_LINK_TO
50,1,4399,HAS_LINK_TO
50,1,2349,HAS_LINK_TO
50,1,3406,HAS_LINK_TO
50,1,3784,HAS_LINK_TO
50,1,1980,HAS_LINK_TO
50,1,2810,HAS_LINK_TO
50,1,1487,HAS_LINK_TO
50,1,651,HAS_LINK_TO
50,1,2348,HAS_LINK_TO
50,1,1275,HAS_LINK_TO
50,1,1314,HAS_LINK_TO
50,1,2809,HAS_LINK_TO
50,1,1367,HAS_LINK_TO
50,1,3589,HAS_LINK_TO
50,1,692,HAS_LINK_TO
50,1,2936,HAS_LINK_TO
50,1,3640,HAS_LINK_TO
50,1,508,HAS_LINK_TO
50,1,1555,HAS_LINK_TO
50,1,3846,HAS_LINK_TO
50,1,1617,HAS_LINK_TO
50,1,3491,HAS_LINK_TO
50,1,4013,HAS_LINK_TO
50,1,2980,HAS_LINK_TO
50,1,661,HAS_LINK_TO
50,1,3677,HAS_LINK_TO
50,1,1754,HAS_LINK_TO
50,1,45,HAS_LINK_TO
50,1,2530,HAS_LINK_TO
50,1,3481,HAS_LINK_TO
50,1,869,HAS_LINK_TO
50,1,2779,HAS_LINK_TO
50,1,3049,HAS_LINK_TO
50,1,488,HAS_LINK_TO
50,1,1393,HAS_LINK_TO
50,1,2089,HAS_LINK_TO
50,1,116,HAS_LINK_TO
50,1,1266,HAS_LINK_TO
50,1,3893,HAS_LINK_TO
50,1,2771,HAS_LINK_TO
50,1,1249,HAS_LINK_TO
50,1,3980,HAS_LINK_TO
50,1,2014,HAS_LINK_TO
50,1,144,HAS_LINK_TO
50,1,1685,HAS_LINK_TO
50,1,1122,HAS_LINK_TO
50,1,1418,HAS_LINK_TO
50,1,1454,HAS_LINK_TO
50,1,2914,HAS_LINK_TO
50,1,2205,HAS_LINK_TO
50,1,1209,HAS_LINK_TO
50,1,1512,HAS_LINK_TO
50,1,484,HAS_LINK_TO
50,1,721,HAS_LINK_TO
50,1,3764,HAS_LINK_TO
50,1,2943,HAS_LINK_TO
50,1,1162,HAS_LINK_TO
50,1,2901,HAS_LINK_TO
50,1,58,HAS_LINK_TO
50,1,713,HAS_LINK_TO
50,1,1339,HAS_LINK_TO
50,1,475,HAS_LINK_TO
50,1,4269,HAS_LINK_TO
50,1,4252,HAS_LINK_TO
50,1,59,HAS_LINK_TO
50,1,165,HAS_LINK_TO
50,1,3912,HAS_LINK_TO
50,1,1816,HAS_LINK_TO
50,1,2894,HAS_LINK_TO
50,1,1982,HAS_LINK_TO
50,1,1416,HAS_LINK_TO
50,1,2786,HAS_LINK_TO
50,1,1532,HAS_LINK_TO
50,1,3600,HAS_LINK_TO
50,1,1542,HAS_LINK_TO
50,1,4247,HAS_LINK_TO
50,1,3388,HAS_LINK_TO
50,1,2225,HAS_LINK_TO
50,1,3194,HAS_LINK_TO
50,1,1944,HAS_LINK_TO
50,1,931,HAS_LINK_TO
50,1,1914,HAS_LINK_TO
50,1,2340,HAS_LINK_TO
50,1,483,HAS_LINK_TO
50,1,412,HAS_LINK_TO
50,1,3850,HAS_LINK_TO
50,1,3482,HAS_LINK_TO
50,1,1796,HAS_LINK_TO
50,1,749,HAS_LINK_TO
50,1,495,HAS_LINK_TO
50,1,3849,HAS_LINK_TO
50,1,4451,HAS_LINK_TO
50,1,2132,HAS_LINK_TO
50,1,2279,HAS_LINK_TO
50,1,3156,HAS_LINK_TO
50,1,4416,HAS_LINK_TO
50,1,1298,HAS_LINK_TO
50,1,1354,HAS_LINK_TO
50,1,3553,HAS_LINK_TO
50,1,4335,HAS_LINK_TO
50,1,356,HAS_LINK_TO
50,1,3137,HAS_LINK_TO
50,1,1089,HAS_LINK_TO
50,1,4621,HAS_LINK_TO
50,1,1665,HAS_LINK_TO
50,1,21,HAS_LINK_TO
50,1,2704,HAS_LINK_TO
50,1,2777,HAS_LINK_TO
50,1,2667,HAS_LINK_TO
50,1,1831,HAS_LINK_TO
50,1,1704,HAS_LINK_TO
50,1,229,HAS_LINK_TO
50,1,2876,HAS_LINK_TO
50,1,111,HAS_LINK_TO
50,1,401,HAS_LINK_TO
50,1,3966,HAS_LINK_TO
50,1,1764,HAS_LINK_TO
50,1,52,HAS_LINK_TO
50,1,1508,HAS_LINK_TO
50,1,4521,HAS_LINK_TO
50,1,367,HAS_LINK_TO
50,1,100,HAS_LINK_TO
50,1,1640,HAS_LINK_TO
50,1,1633,HAS_LINK_TO
50,1,3952,HAS_LINK_TO
50,1,4356,HAS_LINK_TO
50,1,2978,HAS_LINK_TO
50,1,952,HAS_LINK_TO
50,1,2605,HAS_LINK_TO
50,1,879,HAS_LINK_TO
50,1,1995,HAS_LINK_TO
50,1,2201,HAS_LINK_TO
50,1,4561,HAS_LINK_TO
50,1,731,HAS_LINK_TO
50,1,2470,HAS_LINK_TO
50,1,3157,HAS_LINK_TO
50,1,1618,HAS_LINK_TO
50,1,1064,HAS_LINK_TO
50,1,3112,HAS_LINK_TO
50,1,39,HAS_LINK_TO
50,1,4355,HAS_LINK_TO
50,1,816,HAS_LINK_TO
50,1,2250,HAS_LINK_TO
50,1,3931,HAS_LINK_TO
50,1,2791,HAS_LINK_TO
50,1,1673,HAS_LINK_TO
50,1,2197,HAS_LINK_TO
50,1,4214,HAS_LINK_TO
50,1,1291,HAS_LINK_TO
50,1,2907,HAS_LINK_TO
50,1,1302,HAS_LINK_TO
50,1,751,HAS_LINK_TO
50,1,1807,HAS_LINK_TO
50,1,35,HAS_LINK_TO
50,1,2635,HAS_LINK_TO
50,1,3039,HAS_LINK_TO
50,1,773,HAS_LINK_TO
50,1,37,HAS_LINK_TO
50,1,1506,HAS_LINK_TO
50,1,3376,HAS_LINK_TO
50,1,4422,HAS_LINK_TO
50,1,2037,HAS_LINK_TO
50,1,3737,HAS_LINK_TO
50,1,4557,HAS_LINK_TO
50,1,1818,HAS_LINK_TO
50,1,2020,HAS_LINK_TO
50,1,4223,HAS_LINK_TO
50,1,502,HAS_LINK_TO
50,1,4516,HAS_LINK_TO
50,1,72,HAS_LINK_TO
50,1,2976,HAS_LINK_TO
50,1,328,HAS_LINK_TO
50,1,1044,HAS_LINK_TO
50,1,3700,HAS_LINK_TO
50,1,794,HAS_LINK_TO
50,1,4401,HAS_LINK_TO
50,1,3438,HAS_LINK_TO
50,1,3996,HAS_LINK_TO
50,1,1561,HAS_LINK_TO
50,1,130,HAS_LINK_TO
50,1,601,HAS_LINK_TO
50,1,1576,HAS_LINK_TO
50,1,3736,HAS_LINK_TO
50,1,3690,HAS_LINK_TO
50,1,4454,HAS_LINK_TO
50,1,2120,HAS_LINK_TO
50,1,481,HAS_LINK_TO
50,1,2474,HAS_LINK_TO
50,1,1974,HAS_LINK_TO
50,1,3185,HAS_LINK_TO
50,1,3926,HAS_LINK_TO
50,1,3908,HAS_LINK_TO
50,1,65,HAS_LINK_TO
50,1,1371,HAS_LINK_TO
50,1,20,HAS_LINK_TO
50,1,3057,HAS_LINK_TO
50,1,216,HAS_LINK_TO
50,1,4351,HAS_LINK_TO
50,1,4624,HAS_LINK_TO
50,1,2301,HAS_LINK_TO
50,1,234,HAS_LINK_TO
50,1,2989,HAS_LINK_TO
50,1,4151,HAS_LINK_TO
50,1,2759,HAS_LINK_TO
50,1,4213,HAS_LINK_TO
50,1,2609,HAS_LINK_TO
50,1,3002,HAS_LINK_TO
50,1,1857,HAS_LINK_TO
50,1,1265,HAS_LINK_TO
50,1,1386,HAS_LINK_TO
50,1,31,HAS_LINK_TO
50,1,797,HAS_LINK_TO
50,1,2778,HAS_LINK_TO
50,1,3750,HAS_LINK_TO
50,1,2619,HAS_LINK_TO
50,1,2042,HAS_LINK_TO
50,1,657,HAS_LINK_TO
50,1,3236,HAS_LINK_TO
50,1,29,HAS_LINK_TO
50,1,3212,HAS_LINK_TO
50,1,2390,HAS_LINK_TO
50,1,708,HAS_LINK_TO
50,1,2236,HAS_LINK_TO
50,1,4553,HAS_LINK_TO
50,1,3922,HAS_LINK_TO
50,1,4032,HAS_LINK_TO
50,1,3873,HAS_LINK_TO
50,1,2083,HAS_LINK_TO
50,1,567,HAS_LINK_TO
50,1,843,HAS_LINK_TO
50,1,3073,HAS_LINK_TO
50,1,2922,HAS_LINK_TO
50,1,1827,HAS_LINK_TO
50,1,3460,HAS_LINK_TO
50,1,2825,HAS_LINK_TO
50,1,3857,HAS_LINK_TO
50,1,1144,HAS_LINK_TO
50,1,4156,HAS_LINK_TO
50,1,4199,HAS_LINK_TO
50,1,3473,HAS_LINK_TO
50,1,3599,HAS_LINK_TO
50,1,1546,HAS_LINK_TO
50,1,1028,HAS_LINK_TO
50,1,15,HAS_LINK_TO
50,1,2498,HAS_LINK_TO
50,1,426,HAS_LINK_TO
50,1,3187,HAS_LINK_TO
50,1,2549,HAS_LINK_TO
50,1,3580,HAS_LINK_TO
50,1,2845,HAS_LINK_TO
50,1,4211,HAS_LINK_TO
50,1,3556,HAS_LINK_TO
50,1,2436,HAS_LINK_TO
50,1,4113,HAS_LINK_TO
50,1,1948,HAS_LINK_TO
50,1,1166,HAS_LINK_TO
50,1,2232,HAS_LINK_TO
50,1,3729,HAS_LINK_TO
50,1,3758,HAS_LINK_TO
50,1,4092,HAS_LINK_TO
50,1,1403,HAS_LINK_TO
50,1,1848,HAS_LINK_TO
50,1,2673,HAS_LINK_TO
50,1,3989,HAS_LINK_TO
50,1,2637,HAS_LINK_TO
50,1,3489,HAS_LINK_TO
50,1,2917,HAS_LINK_TO
50,1,4566,HAS_LINK_TO
50,1,25,HAS_LINK_TO
50,1,1052,HAS_LINK_TO
50,1,460,HAS_LINK_TO
50,1,4067,HAS_LINK_TO
50,1,2525,HAS_LINK_TO
50,1,928,HAS_LINK_TO
50,1,212,HAS_LINK_TO
50,1,3955,HAS_LINK_TO
50,1,3595,HAS_LINK_TO
50,1,1515,HAS_LINK_TO
50,1,1686,HAS_LINK_TO
50,1,3101,HAS_LINK_TO
50,1,4463,HAS_LINK_TO
50,1,3739,HAS_LINK_TO
50,1,1468,HAS_LINK_TO
50,1,665,HAS_LINK_TO
50,1,571,HAS_LINK_TO
50,1,3691,HAS_LINK_TO
50,1,3541,HAS_LINK_TO
50,1,3142,HAS_LINK_TO
50,1,1380,HAS_LINK_TO
50,1,887,HAS_LINK_TO
50,1,2613,HAS_LINK_TO
50,1,4258,HAS_LINK_TO
50,1,1565,HAS_LINK_TO
50,1,2627,HAS_LINK_TO
50,1,4267,HAS_LINK_TO
50,1,3941,HAS_LINK_TO
50,1,2703,HAS_LINK_TO
50,1,28,HAS_LINK_TO
50,1,2678,HAS_LINK_TO
50,1,1589,HAS_LINK_TO
50,1,485,HAS_LINK_TO
50,1,77,HAS_LINK_TO
50,1,19,HAS_LINK_TO
50,1,1054,HAS_LINK_TO
50,1,766,HAS_LINK_TO
50,1,3901,HAS_LINK_TO
50,1,3416,HAS_LINK_TO
50,1,493,HAS_LINK_TO
50,1,1724,HAS_LINK_TO
50,1,3982,HAS_LINK_TO
50,1,4122,HAS_LINK_TO
50,1,472,HAS_LINK_TO
50,1,1970,HAS_LINK_TO
50,1,3550,HAS_LINK_TO
50,1,2440,HAS_LINK_TO
50,1,1580,HAS_LINK_TO
50,1,453,HAS_LINK_TO
50,1,97,HAS_LINK_TO
50,1,336,HAS_LINK_TO
50,1,2908,HAS_LINK_TO
50,1,3471,HAS_LINK_TO
50,1,4538,HAS_LINK_TO
50,1,3658,HAS_LINK_TO
50,1,1773,HAS_LINK_TO
50,1,2034,HAS_LINK_TO
50,1,2123,HAS_LINK_TO
50,1,2392,HAS_LINK_TO
50,1,2537,HAS_LINK_TO
50,1,3496,HAS_LINK_TO
50,1,2031,HAS_LINK_TO
50,1,1381,HAS_LINK_TO
50,1,1060,HAS_LINK_TO
50,1,3162,HAS_LINK_TO
50,1,3200,HAS_LINK_TO
50,1,2629,HAS_LINK_TO
50,1,2805,HAS_LINK_TO
50,1,4551,HAS_LINK_TO
50,1,871,HAS_LINK_TO
50,1,382,HAS_LINK_TO
50,1,776,HAS_LINK_TO
50,1,4439,HAS_LINK_TO
50,1,664,HAS_LINK_TO
50,1,3940,HAS_LINK_TO
50,1,972,HAS_LINK_TO
50,1,3833,HAS_LINK_TO
50,1,1437,HAS_LINK_TO
50,1,3766,HAS_LINK_TO
50,1,3129,HAS_LINK_TO
50,1,1945,HAS_LINK_TO
50,1,2012,HAS_LINK_TO
50,1,1789,HAS_LINK_TO
50,1,1065,HAS_LINK_TO
50,1,385,HAS_LINK_TO
50,1,572,HAS_LINK_TO
50,1,329,HAS_LINK_TO
50,1,982,HAS_LINK_TO
50,1,3223,HAS_LINK_TO
50,1,4150,HAS_LINK_TO
50,1,4348,HAS_LINK_TO
50,1,1771,HAS_LINK_TO
50,1,3503,HAS_LINK_TO
50,1,1658,HAS_LINK_TO
50,1,4152,HAS_LINK_TO
50,1,2431,HAS_LINK_TO
50,1,3999,HAS_LINK_TO
50,1,3993,HAS_LINK_TO
50,1,1322,HAS_LINK_TO
50,1,56,HAS_LINK_TO
50,1,3208,HAS_LINK_TO
50,1,844,HAS_LINK_TO
50,1,3492,HAS_LINK_TO
50,1,2070,HAS_LINK_TO
50,1,971,HAS_LINK_TO
50,1,3484,HAS_LINK_TO
50,1,3009,HAS_LINK_TO
50,1,3967,HAS_LINK_TO
50,1,3410,HAS_LINK_TO
50,1,4641,HAS_LINK_TO
50,1,667,HAS_LINK_TO
50,1,688,HAS_LINK_TO
50,1,2066,HAS_LINK_TO
50,1,2654,HAS_LINK_TO
50,1,1707,HAS_LINK_TO
50,1,2281,HAS_LINK_TO
50,1,3018,HAS_LINK_TO
50,1,764,HAS_LINK_TO
50,1,1904,HAS_LINK_TO
50,1,3756,HAS_LINK_TO
50,1,2372,HAS_LINK_TO
50,1,3942,HAS_LINK_TO
50,1,926,HAS_LINK_TO
50,1,1516,HAS_LINK_TO
50,1,3749,HAS_LINK_TO
50,1,1943,HAS_LINK_TO
50,1,2043,HAS_LINK_TO
50,1,4471,HAS_LINK_TO
50,1,2463,HAS_LINK_TO
50,1,2185,HAS_LINK_TO
50,1,323,HAS_LINK_TO
50,1,850,HAS_LINK_TO
50,1,2316,HAS_LINK_TO
50,1,1800,HAS_LINK_TO
50,1,235,HAS_LINK_TO
50,1,600,HAS_LINK_TO
50,1,2383,HAS_LINK_TO
50,1,2393,HAS_LINK_TO
50,1,877,HAS_LINK_TO
50,1,1182,HAS_LINK_TO
50,1,2945,HAS_LINK_TO
50,1,2338,HAS_LINK_TO
50,1,2087,HAS_LINK_TO
50,1,3618,HAS_LINK_TO
50,1,3943,HAS_LINK_TO
50,1,1964,HAS_LINK_TO
50,1,3991,HAS_LINK_TO
50,1,2406,HAS_LINK_TO
50,1,3443,HAS_LINK_TO
50,1,586,HAS_LINK_TO
50,1,3848,HAS_LINK_TO
50,1,745,HAS_LINK_TO
50,1,3082,HAS_LINK_TO
50,1,70,HAS_LINK_TO
50,1,1317,HAS_LINK_TO
50,1,2105,HAS_LINK_TO
50,1,2175,HAS_LINK_TO
50,1,2941,HAS_LINK_TO
50,1,2428,HAS_LINK_TO
50,1,2214,HAS_LINK_TO
50,1,3954,HAS_LINK_TO
50,1,528,HAS_LINK_TO
50,1,3099,HAS_LINK_TO
50,1,2545,HAS_LINK_TO
50,1,1456,HAS_LINK_TO
50,1,2450,HAS_LINK_TO
50,1,2499,HAS_LINK_TO
50,1,2502,HAS_LINK_TO
50,1,3916,HAS_LINK_TO
50,1,3042,HAS_LINK_TO
50,1,4121,HAS_LINK_TO
50,1,1343,HAS_LINK_TO
50,1,1715,HAS_LINK_TO
50,1,154,HAS_LINK_TO
50,1,3163,HAS_LINK_TO
50,1,1799,HAS_LINK_TO
50,1,4360,HAS_LINK_TO
50,1,1228,HAS_LINK_TO
50,1,2196,HAS_LINK_TO
50,1,3809,HAS_LINK_TO
50,1,1574,HAS_LINK_TO
50,1,486,HAS_LINK_TO
50,1,1829,HAS_LINK_TO
50,1,2770,HAS_LINK_TO
50,1,1709,HAS_LINK_TO
50,1,2738,HAS_LINK_TO
50,1,1727,HAS_LINK_TO
50,1,349,HAS_LINK_TO
50,1,4138,HAS_LINK_TO
50,1,3829,HAS_LINK_TO
50,1,4552,HAS_LINK_TO
50,1,4136,HAS_LINK_TO
50,1,668,HAS_LINK_TO
50,1,3523,HAS_LINK_TO
50,1,379,HAS_LINK_TO
50,1,1350,HAS_LINK_TO
50,1,1928,HAS_LINK_TO
50,1,2752,HAS_LINK_TO
50,1,3962,HAS_LINK_TO
50,1,2802,HAS_LINK_TO
50,1,3797,HAS_LINK_TO
50,1,3975,HAS_LINK_TO
50,1,230,HAS_LINK_TO
50,1,1140,HAS_LINK_TO
50,1,812,HAS_LINK_TO
50,1,1668,HAS_LINK_TO
50,1,1815,HAS_LINK_TO
50,1,1884,HAS_LINK_TO
50,1,1813,HAS_LINK_TO
50,1,57,HAS_LINK_TO
50,1,1966,HAS_LINK_TO
50,1,2429,HAS_LINK_TO
50,1,345,HAS_LINK_TO
50,1,1063,HAS_LINK_TO
50,1,1767,HAS_LINK_TO
50,1,826,HAS_LINK_TO
50,1,1229,HAS_LINK_TO
50,1,231,HAS_LINK_TO
50,1,4623,HAS_LINK_TO
50,1,4289,HAS_LINK_TO
50,1,2885,HAS_LINK_TO
50,1,4558,HAS_LINK_TO
50,1,1215,HAS_LINK_TO
50,1,1781,HAS_LINK_TO
50,1,1977,HAS_LINK_TO
50,1,1084,HAS_LINK_TO
50,1,2303,HAS_LINK_TO
50,1,1907,HAS_LINK_TO
50,1,3458,HAS_LINK_TO
50,1,4111,HAS_LINK_TO
50,1,66,HAS_LINK_TO
50,1,2386,HAS_LINK_TO
50,1,1079,HAS_LINK_TO
50,1,4119,HAS_LINK_TO
50,1,645,HAS_LINK_TO
50,1,1652,HAS_LINK_TO
50,1,3703,HAS_LINK_TO
50,1,3213,HAS_LINK_TO
50,1,4202,HAS_LINK_TO
50,1,1233,HAS_LINK_TO
50,1,4444,HAS_LINK_TO
50,1,4345,HAS_LINK_TO
50,1,136,HAS_LINK_TO
50,1,1434,HAS_LINK_TO
50,1,1237,HAS_LINK_TO
50,1,2951,HAS_LINK_TO
50,1,4633,HAS_LINK_TO
50,1,1173,HAS_LINK_TO
50,1,103,HAS_LINK_TO
50,1,1425,HAS_LINK_TO
50,1,3051,HAS_LINK_TO
50,1,652,HAS_LINK_TO
50,1,2507,HAS_LINK_TO
50,1,4459,HAS_LINK_TO
50,1,3817,HAS_LINK_TO
50,1,2855,HAS_LINK_TO
50,1,3538,HAS_LINK_TO
50,1,744,HAS_LINK_TO
50,1,434,HAS_LINK_TO
50,1,1021,HAS_LINK_TO
50,1,2939,HAS_LINK_TO
50,1,1766,HAS_LINK_TO
50,1,3432,HAS_LINK_TO
50,1,4209,HAS_LINK_TO
50,1,241,HAS_LINK_TO
50,1,1513,HAS_LINK_TO
50,1,2556,HAS_LINK_TO
50,1,3707,HAS_LINK_TO
50,1,4157,HAS_LINK_TO
50,1,805,HAS_LINK_TO
50,1,3128,HAS_LINK_TO
50,1,1858,HAS_LINK_TO
50,1,3964,HAS_LINK_TO
50,1,3097,HAS_LINK_TO
50,1,2632,HAS_LINK_TO
50,1,1178,HAS_LINK_TO
50,1,2871,HAS_LINK_TO
50,1,2158,HAS_LINK_TO
50,1,3472,HAS_LINK_TO
50,1,738,HAS_LINK_TO
50,1,3519,HAS_LINK_TO
50,1,833,HAS_LINK_TO
50,1,3880,HAS_LINK_TO
50,1,3587,HAS_LINK_TO
50,1,115,HAS_LINK_TO
50,1,4037,HAS_LINK_TO
50,1,457,HAS_LINK_TO
50,1,857,HAS_LINK_TO
50,1,525,HAS_LINK_TO
50,1,4125,HAS_LINK_TO
50,1,454,HAS_LINK_TO
50,1,2030,HAS_LINK_TO
50,1,1875,HAS_LINK_TO
50,1,2548,HAS_LINK_TO
50,1,233,HAS_LINK_TO
50,1,536,HAS_LINK_TO
50,1,3911,HAS_LINK_TO
50,1,789,HAS_LINK_TO
50,1,3148,HAS_LINK_TO
50,1,1825,HAS_LINK_TO
50,1,3228,HAS_LINK_TO
50,1,3894,HAS_LINK_TO
50,1,4363,HAS_LINK_TO
50,1,2533,HAS_LINK_TO
50,1,1890,HAS_LINK_TO
50,1,4203,HAS_LINK_TO
50,1,93,HAS_LINK_TO
50,1,2935,HAS_LINK_TO
50,1,11,HAS_LINK_TO
50,1,630,HAS_LINK_TO
50,1,2354,HAS_LINK_TO
50,1,1733,HAS_LINK_TO
50,1,2653,HAS_LINK_TO
50,1,478,HAS_LINK_TO
50,1,1582,HAS_LINK_TO
50,1,2118,HAS_LINK_TO
50,1,4040,HAS_LINK_TO
50,1,1433,HAS_LINK_TO
50,1,3636,HAS_LINK_TO
50,1,243,HAS_LINK_TO
50,1,3683,HAS_LINK_TO
50,1,863,HAS_LINK_TO
50,1,462,HAS_LINK_TO
50,1,1578,HAS_LINK_TO
50,1,799,HAS_LINK_TO
50,1,4515,HAS_LINK_TO
50,1,3571,HAS_LINK_TO
50,1,880,HAS_LINK_TO
50,1,2478,HAS_LINK_TO
50,1,608,HAS_LINK_TO
50,1,976,HAS_LINK_TO
50,1,2628,HAS_LINK_TO
50,1,2984,HAS_LINK_TO
51,1,55,HAS_LINK_TO
51,1,1,HAS_LINK_TO
51,1,33,HAS_LINK_TO
51,1,28,HAS_LINK_TO
51,1,58,HAS_LINK_TO
51,1,77,HAS_LINK_TO
51,1,19,HAS_LINK_TO
51,1,4019,HAS_LINK_TO
51,1,65,HAS_LINK_TO
51,1,20,HAS_LINK_TO
51,1,59,HAS_LINK_TO
51,1,62,HAS_LINK_TO
51,1,13,HAS_LINK_TO
51,1,50,HAS_LINK_TO
51,1,3442,HAS_LINK_TO
51,1,44,HAS_LINK_TO
51,1,70,HAS_LINK_TO
51,1,17,HAS_LINK_TO
51,1,27,HAS_LINK_TO
51,1,31,HAS_LINK_TO
51,1,67,HAS_LINK_TO
51,1,4375,HAS_LINK_TO
51,1,32,HAS_LINK_TO
51,1,36,HAS_LINK_TO
51,1,10,HAS_LINK_TO
51,1,61,HAS_LINK_TO
51,1,2471,HAS_LINK_TO
51,1,1370,HAS_LINK_TO
51,1,29,HAS_LINK_TO
51,1,74,HAS_LINK_TO
51,1,6,HAS_LINK_TO
51,1,71,HAS_LINK_TO
51,1,871,HAS_LINK_TO
51,1,49,HAS_LINK_TO
51,1,30,HAS_LINK_TO
51,1,40,HAS_LINK_TO
51,1,3826,HAS_LINK_TO
51,1,53,HAS_LINK_TO
51,1,78,HAS_LINK_TO
51,1,5,HAS_LINK_TO
51,1,76,HAS_LINK_TO
51,1,43,HAS_LINK_TO
51,1,79,HAS_LINK_TO
51,1,8,HAS_LINK_TO
51,1,4062,HAS_LINK_TO
51,1,26,HAS_LINK_TO
51,1,3029,HAS_LINK_TO
51,1,46,HAS_LINK_TO
51,1,63,HAS_LINK_TO
51,1,1665,HAS_LINK_TO
51,1,21,HAS_LINK_TO
51,1,41,HAS_LINK_TO
51,1,9,HAS_LINK_TO
51,1,38,HAS_LINK_TO
51,1,2575,HAS_LINK_TO
51,1,12,HAS_LINK_TO
51,1,4,HAS_LINK_TO
51,1,2576,HAS_LINK_TO
51,1,651,HAS_LINK_TO
51,1,1835,HAS_LINK_TO
51,1,2532,HAS_LINK_TO
51,1,60,HAS_LINK_TO
51,1,52,HAS_LINK_TO
51,1,18,HAS_LINK_TO
51,1,15,HAS_LINK_TO
51,1,69,HAS_LINK_TO
51,1,56,HAS_LINK_TO
51,1,2139,HAS_LINK_TO
51,1,24,HAS_LINK_TO
51,1,68,HAS_LINK_TO
51,1,48,HAS_LINK_TO
51,1,54,HAS_LINK_TO
51,1,22,HAS_LINK_TO
51,1,73,HAS_LINK_TO
51,1,23,HAS_LINK_TO
51,1,14,HAS_LINK_TO
51,1,3,HAS_LINK_TO
51,1,3027,HAS_LINK_TO
51,1,39,HAS_LINK_TO
51,1,75,HAS_LINK_TO
51,1,3573,HAS_LINK_TO
51,1,2,HAS_LINK_TO
51,1,45,HAS_LINK_TO
51,1,25,HAS_LINK_TO
51,1,2530,HAS_LINK_TO
51,1,35,HAS_LINK_TO
51,1,16,HAS_LINK_TO
51,1,11,HAS_LINK_TO
51,1,869,HAS_LINK_TO
51,1,4198,HAS_LINK_TO
51,1,57,HAS_LINK_TO
51,1,583,HAS_LINK_TO
51,1,7,HAS_LINK_TO
51,1,37,HAS_LINK_TO
51,1,1266,HAS_LINK_TO
51,1,1232,HAS_LINK_TO
51,1,974,HAS_LINK_TO
51,1,851,HAS_LINK_TO
51,1,3034,HAS_LINK_TO
51,1,72,HAS_LINK_TO
51,1,34,HAS_LINK_TO
51,1,140,HAS_LINK_TO
51,1,42,HAS_LINK_TO
51,1,64,HAS_LINK_TO
51,1,66,HAS_LINK_TO
51,1,47,HAS_LINK_TO
52,1,604,HAS_LINK_TO
52,1,2064,HAS_LINK_TO
52,1,2124,HAS_LINK_TO
52,1,2842,HAS_LINK_TO
52,1,1079,HAS_LINK_TO
52,1,600,HAS_LINK_TO
52,1,1162,HAS_LINK_TO
52,1,55,HAS_LINK_TO
52,1,4307,HAS_LINK_TO
52,1,1878,HAS_LINK_TO
52,1,1,HAS_LINK_TO
52,1,33,HAS_LINK_TO
52,1,470,HAS_LINK_TO
52,1,28,HAS_LINK_TO
52,1,58,HAS_LINK_TO
52,1,3618,HAS_LINK_TO
52,1,77,HAS_LINK_TO
52,1,19,HAS_LINK_TO
52,1,4500,HAS_LINK_TO
52,1,1591,HAS_LINK_TO
52,1,4019,HAS_LINK_TO
52,1,2397,HAS_LINK_TO
52,1,65,HAS_LINK_TO
52,1,20,HAS_LINK_TO
52,1,3416,HAS_LINK_TO
52,1,1672,HAS_LINK_TO
52,1,4252,HAS_LINK_TO
52,1,13,HAS_LINK_TO
52,1,59,HAS_LINK_TO
52,1,62,HAS_LINK_TO
52,1,1708,HAS_LINK_TO
52,1,50,HAS_LINK_TO
52,1,3991,HAS_LINK_TO
52,1,51,HAS_LINK_TO
52,1,4151,HAS_LINK_TO
52,1,2440,HAS_LINK_TO
52,1,1557,HAS_LINK_TO
52,1,4633,HAS_LINK_TO
52,1,3978,HAS_LINK_TO
52,1,745,HAS_LINK_TO
52,1,44,HAS_LINK_TO
52,1,2640,HAS_LINK_TO
52,1,228,HAS_LINK_TO
52,1,70,HAS_LINK_TO
52,1,2624,HAS_LINK_TO
52,1,17,HAS_LINK_TO
52,1,1955,HAS_LINK_TO
52,1,2908,HAS_LINK_TO
52,1,4229,HAS_LINK_TO
52,1,3388,HAS_LINK_TO
52,1,27,HAS_LINK_TO
52,1,31,HAS_LINK_TO
52,1,3215,HAS_LINK_TO
52,1,2226,HAS_LINK_TO
52,1,67,HAS_LINK_TO
52,1,4297,HAS_LINK_TO
52,1,1674,HAS_LINK_TO
52,1,4375,HAS_LINK_TO
52,1,3538,HAS_LINK_TO
52,1,4396,HAS_LINK_TO
52,1,32,HAS_LINK_TO
52,1,36,HAS_LINK_TO
52,1,10,HAS_LINK_TO
52,1,61,HAS_LINK_TO
52,1,29,HAS_LINK_TO
52,1,412,HAS_LINK_TO
52,1,74,HAS_LINK_TO
52,1,4505,HAS_LINK_TO
52,1,1922,HAS_LINK_TO
52,1,2805,HAS_LINK_TO
52,1,6,HAS_LINK_TO
52,1,871,HAS_LINK_TO
52,1,71,HAS_LINK_TO
52,1,49,HAS_LINK_TO
52,1,30,HAS_LINK_TO
52,1,1462,HAS_LINK_TO
52,1,53,HAS_LINK_TO
52,1,2054,HAS_LINK_TO
52,1,40,HAS_LINK_TO
52,1,2163,HAS_LINK_TO
52,1,4118,HAS_LINK_TO
52,1,78,HAS_LINK_TO
52,1,5,HAS_LINK_TO
52,1,664,HAS_LINK_TO
52,1,76,HAS_LINK_TO
52,1,3940,HAS_LINK_TO
52,1,3873,HAS_LINK_TO
52,1,43,HAS_LINK_TO
52,1,2003,HAS_LINK_TO
52,1,79,HAS_LINK_TO
52,1,685,HAS_LINK_TO
52,1,8,HAS_LINK_TO
52,1,4062,HAS_LINK_TO
52,1,4261,HAS_LINK_TO
52,1,26,HAS_LINK_TO
52,1,422,HAS_LINK_TO
52,1,996,HAS_LINK_TO
52,1,4220,HAS_LINK_TO
52,1,383,HAS_LINK_TO
52,1,473,HAS_LINK_TO
52,1,46,HAS_LINK_TO
52,1,63,HAS_LINK_TO
52,1,143,HAS_LINK_TO
52,1,2362,HAS_LINK_TO
52,1,21,HAS_LINK_TO
52,1,1945,HAS_LINK_TO
52,1,3138,HAS_LINK_TO
52,1,1827,HAS_LINK_TO
52,1,3189,HAS_LINK_TO
52,1,4617,HAS_LINK_TO
52,1,9,HAS_LINK_TO
52,1,41,HAS_LINK_TO
52,1,38,HAS_LINK_TO
52,1,4034,HAS_LINK_TO
52,1,4581,HAS_LINK_TO
52,1,2575,HAS_LINK_TO
52,1,2825,HAS_LINK_TO
52,1,12,HAS_LINK_TO
52,1,3680,HAS_LINK_TO
52,1,2427,HAS_LINK_TO
52,1,2601,HAS_LINK_TO
52,1,4,HAS_LINK_TO
52,1,2174,HAS_LINK_TO
52,1,1541,HAS_LINK_TO
52,1,2576,HAS_LINK_TO
52,1,1631,HAS_LINK_TO
52,1,511,HAS_LINK_TO
52,1,2598,HAS_LINK_TO
52,1,3473,HAS_LINK_TO
52,1,3792,HAS_LINK_TO
52,1,2668,HAS_LINK_TO
52,1,2241,HAS_LINK_TO
52,1,3380,HAS_LINK_TO
52,1,1676,HAS_LINK_TO
52,1,60,HAS_LINK_TO
52,1,1764,HAS_LINK_TO
52,1,1919,HAS_LINK_TO
52,1,18,HAS_LINK_TO
52,1,4395,HAS_LINK_TO
52,1,4521,HAS_LINK_TO
52,1,1240,HAS_LINK_TO
52,1,15,HAS_LINK_TO
52,1,1950,HAS_LINK_TO
52,1,69,HAS_LINK_TO
52,1,56,HAS_LINK_TO
52,1,2173,HAS_LINK_TO
52,1,2139,HAS_LINK_TO
52,1,24,HAS_LINK_TO
52,1,1432,HAS_LINK_TO
52,1,68,HAS_LINK_TO
52,1,408,HAS_LINK_TO
52,1,1053,HAS_LINK_TO
52,1,546,HAS_LINK_TO
52,1,3846,HAS_LINK_TO
52,1,3948,HAS_LINK_TO
52,1,2548,HAS_LINK_TO
52,1,4442,HAS_LINK_TO
52,1,48,HAS_LINK_TO
52,1,54,HAS_LINK_TO
52,1,661,HAS_LINK_TO
52,1,22,HAS_LINK_TO
52,1,23,HAS_LINK_TO
52,1,789,HAS_LINK_TO
52,1,3,HAS_LINK_TO
52,1,14,HAS_LINK_TO
52,1,73,HAS_LINK_TO
52,1,4033,HAS_LINK_TO
52,1,1299,HAS_LINK_TO
52,1,39,HAS_LINK_TO
52,1,2957,HAS_LINK_TO
52,1,75,HAS_LINK_TO
52,1,866,HAS_LINK_TO
52,1,456,HAS_LINK_TO
52,1,2728,HAS_LINK_TO
52,1,4035,HAS_LINK_TO
52,1,2,HAS_LINK_TO
52,1,4598,HAS_LINK_TO
52,1,45,HAS_LINK_TO
52,1,25,HAS_LINK_TO
52,1,35,HAS_LINK_TO
52,1,966,HAS_LINK_TO
52,1,3173,HAS_LINK_TO
52,1,11,HAS_LINK_TO
52,1,16,HAS_LINK_TO
52,1,869,HAS_LINK_TO
52,1,57,HAS_LINK_TO
52,1,3049,HAS_LINK_TO
52,1,2661,HAS_LINK_TO
52,1,583,HAS_LINK_TO
52,1,4419,HAS_LINK_TO
52,1,1313,HAS_LINK_TO
52,1,7,HAS_LINK_TO
52,1,37,HAS_LINK_TO
52,1,2597,HAS_LINK_TO
52,1,4012,HAS_LINK_TO
52,1,3672,HAS_LINK_TO
52,1,212,HAS_LINK_TO
52,1,4235,HAS_LINK_TO
52,1,3852,HAS_LINK_TO
52,1,2551,HAS_LINK_TO
52,1,2191,HAS_LINK_TO
52,1,842,HAS_LINK_TO
52,1,4567,HAS_LINK_TO
52,1,4400,HAS_LINK_TO
52,1,598,HAS_LINK_TO
52,1,4289,HAS_LINK_TO
52,1,144,HAS_LINK_TO
52,1,2885,HAS_LINK_TO
52,1,1963,HAS_LINK_TO
52,1,72,HAS_LINK_TO
52,1,34,HAS_LINK_TO
52,1,1806,HAS_LINK_TO
52,1,290,HAS_LINK_TO
52,1,1997,HAS_LINK_TO
52,1,1427,HAS_LINK_TO
52,1,42,HAS_LINK_TO
52,1,880,HAS_LINK_TO
52,1,64,HAS_LINK_TO
52,1,66,HAS_LINK_TO
52,1,47,HAS_LINK_TO
52,1,391,HAS_LINK_TO
52,1,1138,HAS_LINK_TO
53,1,721,HAS_LINK_TO
53,1,3555,HAS_LINK_TO
53,1,3941,HAS_LINK_TO
53,1,2555,HAS_LINK_TO
53,1,3678,HAS_LINK_TO
53,1,55,HAS_LINK_TO
53,1,1,HAS_LINK_TO
53,1,33,HAS_LINK_TO
53,1,2295,HAS_LINK_TO
53,1,2901,HAS_LINK_TO
53,1,28,HAS_LINK_TO
53,1,58,HAS_LINK_TO
53,1,77,HAS_LINK_TO
53,1,19,HAS_LINK_TO
53,1,3943,HAS_LINK_TO
53,1,1233,HAS_LINK_TO
53,1,4019,HAS_LINK_TO
53,1,65,HAS_LINK_TO
53,1,1371,HAS_LINK_TO
53,1,20,HAS_LINK_TO
53,1,3891,HAS_LINK_TO
53,1,3057,HAS_LINK_TO
53,1,59,HAS_LINK_TO
53,1,62,HAS_LINK_TO
53,1,13,HAS_LINK_TO
53,1,50,HAS_LINK_TO
53,1,2406,HAS_LINK_TO
53,1,51,HAS_LINK_TO
53,1,2786,HAS_LINK_TO
53,1,44,HAS_LINK_TO
53,1,2076,HAS_LINK_TO
53,1,70,HAS_LINK_TO
53,1,17,HAS_LINK_TO
53,1,3388,HAS_LINK_TO
53,1,27,HAS_LINK_TO
53,1,31,HAS_LINK_TO
53,1,67,HAS_LINK_TO
53,1,4375,HAS_LINK_TO
53,1,32,HAS_LINK_TO
53,1,36,HAS_LINK_TO
53,1,10,HAS_LINK_TO
53,1,61,HAS_LINK_TO
53,1,1370,HAS_LINK_TO
53,1,29,HAS_LINK_TO
53,1,74,HAS_LINK_TO
53,1,6,HAS_LINK_TO
53,1,71,HAS_LINK_TO
53,1,871,HAS_LINK_TO
53,1,49,HAS_LINK_TO
53,1,30,HAS_LINK_TO
53,1,40,HAS_LINK_TO
53,1,3945,HAS_LINK_TO
53,1,78,HAS_LINK_TO
53,1,5,HAS_LINK_TO
53,1,76,HAS_LINK_TO
53,1,43,HAS_LINK_TO
53,1,356,HAS_LINK_TO
53,1,79,HAS_LINK_TO
53,1,8,HAS_LINK_TO
53,1,4062,HAS_LINK_TO
53,1,26,HAS_LINK_TO
53,1,46,HAS_LINK_TO
53,1,63,HAS_LINK_TO
53,1,21,HAS_LINK_TO
53,1,41,HAS_LINK_TO
53,1,9,HAS_LINK_TO
53,1,38,HAS_LINK_TO
53,1,2575,HAS_LINK_TO
53,1,12,HAS_LINK_TO
53,1,4,HAS_LINK_TO
53,1,2576,HAS_LINK_TO
53,1,4277,HAS_LINK_TO
53,1,2532,HAS_LINK_TO
53,1,52,HAS_LINK_TO
53,1,60,HAS_LINK_TO
53,1,18,HAS_LINK_TO
53,1,15,HAS_LINK_TO
53,1,1322,HAS_LINK_TO
53,1,69,HAS_LINK_TO
53,1,56,HAS_LINK_TO
53,1,2139,HAS_LINK_TO
53,1,1166,HAS_LINK_TO
53,1,24,HAS_LINK_TO
53,1,68,HAS_LINK_TO
53,1,408,HAS_LINK_TO
53,1,48,HAS_LINK_TO
53,1,54,HAS_LINK_TO
53,1,22,HAS_LINK_TO
53,1,73,HAS_LINK_TO
53,1,23,HAS_LINK_TO
53,1,14,HAS_LINK_TO
53,1,3,HAS_LINK_TO
53,1,4246,HAS_LINK_TO
53,1,39,HAS_LINK_TO
53,1,75,HAS_LINK_TO
53,1,2728,HAS_LINK_TO
53,1,45,HAS_LINK_TO
53,1,2,HAS_LINK_TO
53,1,25,HAS_LINK_TO
53,1,35,HAS_LINK_TO
53,1,16,HAS_LINK_TO
53,1,11,HAS_LINK_TO
53,1,869,HAS_LINK_TO
53,1,57,HAS_LINK_TO
53,1,2661,HAS_LINK_TO
53,1,1313,HAS_LINK_TO
53,1,7,HAS_LINK_TO
53,1,37,HAS_LINK_TO
53,1,851,HAS_LINK_TO
53,1,571,HAS_LINK_TO
53,1,72,HAS_LINK_TO
53,1,34,HAS_LINK_TO
53,1,462,HAS_LINK_TO
53,1,683,HAS_LINK_TO
53,1,42,HAS_LINK_TO
53,1,64,HAS_LINK_TO
53,1,66,HAS_LINK_TO
53,1,47,HAS_LINK_TO
54,1,1209,HAS_LINK_TO
54,1,4267,HAS_LINK_TO
54,1,2124,HAS_LINK_TO
54,1,3996,HAS_LINK_TO
54,1,4133,HAS_LINK_TO
54,1,3692,HAS_LINK_TO
54,1,3861,HAS_LINK_TO
54,1,55,HAS_LINK_TO
54,1,4251,HAS_LINK_TO
54,1,1,HAS_LINK_TO
54,1,33,HAS_LINK_TO
54,1,28,HAS_LINK_TO
54,1,2901,HAS_LINK_TO
54,1,1176,HAS_LINK_TO
54,1,4060,HAS_LINK_TO
54,1,58,HAS_LINK_TO
54,1,3618,HAS_LINK_TO
54,1,77,HAS_LINK_TO
54,1,922,HAS_LINK_TO
54,1,145,HAS_LINK_TO
54,1,1233,HAS_LINK_TO
54,1,4500,HAS_LINK_TO
54,1,4274,HAS_LINK_TO
54,1,4019,HAS_LINK_TO
54,1,19,HAS_LINK_TO
54,1,1134,HAS_LINK_TO
54,1,65,HAS_LINK_TO
54,1,20,HAS_LINK_TO
54,1,59,HAS_LINK_TO
54,1,4252,HAS_LINK_TO
54,1,13,HAS_LINK_TO
54,1,62,HAS_LINK_TO
54,1,4351,HAS_LINK_TO
54,1,786,HAS_LINK_TO
54,1,50,HAS_LINK_TO
54,1,1459,HAS_LINK_TO
54,1,988,HAS_LINK_TO
54,1,51,HAS_LINK_TO
54,1,1416,HAS_LINK_TO
54,1,3094,HAS_LINK_TO
54,1,2314,HAS_LINK_TO
54,1,2159,HAS_LINK_TO
54,1,4309,HAS_LINK_TO
54,1,44,HAS_LINK_TO
54,1,4038,HAS_LINK_TO
54,1,742,HAS_LINK_TO
54,1,70,HAS_LINK_TO
54,1,17,HAS_LINK_TO
54,1,27,HAS_LINK_TO
54,1,31,HAS_LINK_TO
54,1,1425,HAS_LINK_TO
54,1,67,HAS_LINK_TO
54,1,686,HAS_LINK_TO
54,1,2218,HAS_LINK_TO
54,1,3817,HAS_LINK_TO
54,1,4375,HAS_LINK_TO
54,1,3538,HAS_LINK_TO
54,1,32,HAS_LINK_TO
54,1,36,HAS_LINK_TO
54,1,10,HAS_LINK_TO
54,1,2211,HAS_LINK_TO
54,1,61,HAS_LINK_TO
54,1,1370,HAS_LINK_TO
54,1,4010,HAS_LINK_TO
54,1,29,HAS_LINK_TO
54,1,74,HAS_LINK_TO
54,1,1906,HAS_LINK_TO
54,1,1305,HAS_LINK_TO
54,1,2629,HAS_LINK_TO
54,1,2805,HAS_LINK_TO
54,1,6,HAS_LINK_TO
54,1,71,HAS_LINK_TO
54,1,871,HAS_LINK_TO
54,1,1796,HAS_LINK_TO
54,1,49,HAS_LINK_TO
54,1,30,HAS_LINK_TO
54,1,726,HAS_LINK_TO
54,1,40,HAS_LINK_TO
54,1,53,HAS_LINK_TO
54,1,956,HAS_LINK_TO
54,1,78,HAS_LINK_TO
54,1,5,HAS_LINK_TO
54,1,76,HAS_LINK_TO
54,1,43,HAS_LINK_TO
54,1,2395,HAS_LINK_TO
54,1,3697,HAS_LINK_TO
54,1,79,HAS_LINK_TO
54,1,8,HAS_LINK_TO
54,1,4062,HAS_LINK_TO
54,1,1230,HAS_LINK_TO
54,1,26,HAS_LINK_TO
54,1,1170,HAS_LINK_TO
54,1,46,HAS_LINK_TO
54,1,1089,HAS_LINK_TO
54,1,63,HAS_LINK_TO
54,1,21,HAS_LINK_TO
54,1,2178,HAS_LINK_TO
54,1,41,HAS_LINK_TO
54,1,3189,HAS_LINK_TO
54,1,9,HAS_LINK_TO
54,1,38,HAS_LINK_TO
54,1,2575,HAS_LINK_TO
54,1,4226,HAS_LINK_TO
54,1,12,HAS_LINK_TO
54,1,4,HAS_LINK_TO
54,1,329,HAS_LINK_TO
54,1,2576,HAS_LINK_TO
54,1,1909,HAS_LINK_TO
54,1,1345,HAS_LINK_TO
54,1,2221,HAS_LINK_TO
54,1,3599,HAS_LINK_TO
54,1,2241,HAS_LINK_TO
54,1,4277,HAS_LINK_TO
54,1,60,HAS_LINK_TO
54,1,3503,HAS_LINK_TO
54,1,52,HAS_LINK_TO
54,1,3532,HAS_LINK_TO
54,1,18,HAS_LINK_TO
54,1,2431,HAS_LINK_TO
54,1,1464,HAS_LINK_TO
54,1,2580,HAS_LINK_TO
54,1,15,HAS_LINK_TO
54,1,1306,HAS_LINK_TO
54,1,1123,HAS_LINK_TO
54,1,981,HAS_LINK_TO
54,1,1322,HAS_LINK_TO
54,1,2144,HAS_LINK_TO
54,1,443,HAS_LINK_TO
54,1,69,HAS_LINK_TO
54,1,56,HAS_LINK_TO
54,1,2139,HAS_LINK_TO
54,1,24,HAS_LINK_TO
54,1,2302,HAS_LINK_TO
54,1,68,HAS_LINK_TO
54,1,408,HAS_LINK_TO
54,1,1875,HAS_LINK_TO
54,1,48,HAS_LINK_TO
54,1,1702,HAS_LINK_TO
54,1,441,HAS_LINK_TO
54,1,22,HAS_LINK_TO
54,1,73,HAS_LINK_TO
54,1,23,HAS_LINK_TO
54,1,14,HAS_LINK_TO
54,1,3,HAS_LINK_TO
54,1,1825,HAS_LINK_TO
54,1,3751,HAS_LINK_TO
54,1,955,HAS_LINK_TO
54,1,39,HAS_LINK_TO
54,1,75,HAS_LINK_TO
54,1,3807,HAS_LINK_TO
54,1,612,HAS_LINK_TO
54,1,4466,HAS_LINK_TO
54,1,1673,HAS_LINK_TO
54,1,866,HAS_LINK_TO
54,1,3735,HAS_LINK_TO
54,1,2728,HAS_LINK_TO
54,1,45,HAS_LINK_TO
54,1,2,HAS_LINK_TO
54,1,1449,HAS_LINK_TO
54,1,25,HAS_LINK_TO
54,1,1448,HAS_LINK_TO
54,1,35,HAS_LINK_TO
54,1,16,HAS_LINK_TO
54,1,11,HAS_LINK_TO
54,1,2147,HAS_LINK_TO
54,1,869,HAS_LINK_TO
54,1,98,HAS_LINK_TO
54,1,57,HAS_LINK_TO
54,1,2429,HAS_LINK_TO
54,1,2661,HAS_LINK_TO
54,1,1625,HAS_LINK_TO
54,1,7,HAS_LINK_TO
54,1,37,HAS_LINK_TO
54,1,1318,HAS_LINK_TO
54,1,1787,HAS_LINK_TO
54,1,1515,HAS_LINK_TO
54,1,3181,HAS_LINK_TO
54,1,2686,HAS_LINK_TO
54,1,1596,HAS_LINK_TO
54,1,4289,HAS_LINK_TO
54,1,2681,HAS_LINK_TO
54,1,3034,HAS_LINK_TO
54,1,2198,HAS_LINK_TO
54,1,3106,HAS_LINK_TO
54,1,72,HAS_LINK_TO
54,1,34,HAS_LINK_TO
54,1,3510,HAS_LINK_TO
54,1,42,HAS_LINK_TO
54,1,4231,HAS_LINK_TO
54,1,64,HAS_LINK_TO
54,1,3025,HAS_LINK_TO
54,1,66,HAS_LINK_TO
54,1,47,HAS_LINK_TO
54,1,1092,HAS_LINK_TO
54,1,2205,HAS_LINK_TO
54,1,2049,HAS_LINK_TO
55,1,1510,HAS_LINK_TO
55,1,3986,HAS_LINK_TO
55,1,698,HAS_LINK_TO
55,1,3862,HAS_LINK_TO
55,1,2773,HAS_LINK_TO
55,1,1878,HAS_LINK_TO
55,1,3736,HAS_LINK_TO
55,1,3476,HAS_LINK_TO
55,1,1,HAS_LINK_TO
55,1,33,HAS_LINK_TO
55,1,965,HAS_LINK_TO
55,1,2011,HAS_LINK_TO
55,1,2474,HAS_LINK_TO
55,1,481,HAS_LINK_TO
55,1,4022,HAS_LINK_TO
55,1,1974,HAS_LINK_TO
55,1,3185,HAS_LINK_TO
55,1,3926,HAS_LINK_TO
55,1,65,HAS_LINK_TO
55,1,3889,HAS_LINK_TO
55,1,1467,HAS_LINK_TO
55,1,20,HAS_LINK_TO
55,1,3057,HAS_LINK_TO
55,1,62,HAS_LINK_TO
55,1,1569,HAS_LINK_TO
55,1,1419,HAS_LINK_TO
55,1,659,HAS_LINK_TO
55,1,50,HAS_LINK_TO
55,1,835,HAS_LINK_TO
55,1,1474,HAS_LINK_TO
55,1,234,HAS_LINK_TO
55,1,2167,HAS_LINK_TO
55,1,4213,HAS_LINK_TO
55,1,2852,HAS_LINK_TO
55,1,3508,HAS_LINK_TO
55,1,17,HAS_LINK_TO
55,1,2271,HAS_LINK_TO
55,1,31,HAS_LINK_TO
55,1,3179,HAS_LINK_TO
55,1,390,HAS_LINK_TO
55,1,1473,HAS_LINK_TO
55,1,487,HAS_LINK_TO
55,1,67,HAS_LINK_TO
55,1,4183,HAS_LINK_TO
55,1,1147,HAS_LINK_TO
55,1,197,HAS_LINK_TO
55,1,2421,HAS_LINK_TO
55,1,2282,HAS_LINK_TO
55,1,4473,HAS_LINK_TO
55,1,4375,HAS_LINK_TO
55,1,2119,HAS_LINK_TO
55,1,3799,HAS_LINK_TO
55,1,4518,HAS_LINK_TO
55,1,1567,HAS_LINK_TO
55,1,3525,HAS_LINK_TO
55,1,4010,HAS_LINK_TO
55,1,29,HAS_LINK_TO
55,1,1081,HAS_LINK_TO
55,1,3237,HAS_LINK_TO
55,1,2743,HAS_LINK_TO
55,1,1114,HAS_LINK_TO
55,1,756,HAS_LINK_TO
55,1,1879,HAS_LINK_TO
55,1,30,HAS_LINK_TO
55,1,40,HAS_LINK_TO
55,1,4553,HAS_LINK_TO
55,1,3922,HAS_LINK_TO
55,1,4391,HAS_LINK_TO
55,1,1494,HAS_LINK_TO
55,1,1167,HAS_LINK_TO
55,1,4039,HAS_LINK_TO
55,1,5,HAS_LINK_TO
55,1,76,HAS_LINK_TO
55,1,396,HAS_LINK_TO
55,1,1962,HAS_LINK_TO
55,1,1457,HAS_LINK_TO
55,1,4062,HAS_LINK_TO
55,1,2877,HAS_LINK_TO
55,1,2836,HAS_LINK_TO
55,1,4362,HAS_LINK_TO
55,1,3073,HAS_LINK_TO
55,1,3938,HAS_LINK_TO
55,1,1994,HAS_LINK_TO
55,1,41,HAS_LINK_TO
55,1,1827,HAS_LINK_TO
55,1,1478,HAS_LINK_TO
55,1,3664,HAS_LINK_TO
55,1,38,HAS_LINK_TO
55,1,1541,HAS_LINK_TO
55,1,2576,HAS_LINK_TO
55,1,771,HAS_LINK_TO
55,1,1750,HAS_LINK_TO
55,1,4199,HAS_LINK_TO
55,1,4102,HAS_LINK_TO
55,1,2833,HAS_LINK_TO
55,1,2103,HAS_LINK_TO
55,1,4525,HAS_LINK_TO
55,1,351,HAS_LINK_TO
55,1,2631,HAS_LINK_TO
55,1,2256,HAS_LINK_TO
55,1,15,HAS_LINK_TO
55,1,1240,HAS_LINK_TO
55,1,4106,HAS_LINK_TO
55,1,512,HAS_LINK_TO
55,1,4301,HAS_LINK_TO
55,1,815,HAS_LINK_TO
55,1,3528,HAS_LINK_TO
55,1,69,HAS_LINK_TO
55,1,4139,HAS_LINK_TO
55,1,408,HAS_LINK_TO
55,1,4056,HAS_LINK_TO
55,1,1493,HAS_LINK_TO
55,1,4560,HAS_LINK_TO
55,1,54,HAS_LINK_TO
55,1,2528,HAS_LINK_TO
55,1,3720,HAS_LINK_TO
55,1,1055,HAS_LINK_TO
55,1,2038,HAS_LINK_TO
55,1,1221,HAS_LINK_TO
55,1,3539,HAS_LINK_TO
55,1,3904,HAS_LINK_TO
55,1,2637,HAS_LINK_TO
55,1,2879,HAS_LINK_TO
55,1,2468,HAS_LINK_TO
55,1,2264,HAS_LINK_TO
55,1,2258,HAS_LINK_TO
55,1,3695,HAS_LINK_TO
55,1,905,HAS_LINK_TO
55,1,4536,HAS_LINK_TO
55,1,2035,HAS_LINK_TO
55,1,3578,HAS_LINK_TO
55,1,2,HAS_LINK_TO
55,1,199,HAS_LINK_TO
55,1,4108,HAS_LINK_TO
55,1,1428,HAS_LINK_TO
55,1,2095,HAS_LINK_TO
55,1,25,HAS_LINK_TO
55,1,1730,HAS_LINK_TO
55,1,4187,HAS_LINK_TO
55,1,4419,HAS_LINK_TO
55,1,1018,HAS_LINK_TO
55,1,7,HAS_LINK_TO
55,1,763,HAS_LINK_TO
55,1,2811,HAS_LINK_TO
55,1,2557,HAS_LINK_TO
55,1,212,HAS_LINK_TO
55,1,2291,HAS_LINK_TO
55,1,87,HAS_LINK_TO
55,1,1686,HAS_LINK_TO
55,1,2191,HAS_LINK_TO
55,1,3594,HAS_LINK_TO
55,1,3181,HAS_LINK_TO
55,1,2686,HAS_LINK_TO
55,1,1479,HAS_LINK_TO
55,1,3691,HAS_LINK_TO
55,1,2822,HAS_LINK_TO
55,1,1758,HAS_LINK_TO
55,1,3450,HAS_LINK_TO
55,1,1480,HAS_LINK_TO
55,1,2925,HAS_LINK_TO
55,1,2230,HAS_LINK_TO
55,1,1979,HAS_LINK_TO
55,1,1565,HAS_LINK_TO
55,1,4206,HAS_LINK_TO
55,1,2134,HAS_LINK_TO
55,1,2133,HAS_LINK_TO
55,1,1245,HAS_LINK_TO
55,1,4307,HAS_LINK_TO
55,1,28,HAS_LINK_TO
55,1,105,HAS_LINK_TO
55,1,1742,HAS_LINK_TO
55,1,245,HAS_LINK_TO
55,1,4344,HAS_LINK_TO
55,1,77,HAS_LINK_TO
55,1,922,HAS_LINK_TO
55,1,482,HAS_LINK_TO
55,1,19,HAS_LINK_TO
55,1,2050,HAS_LINK_TO
55,1,4019,HAS_LINK_TO
55,1,1690,HAS_LINK_TO
55,1,2259,HAS_LINK_TO
55,1,4625,HAS_LINK_TO
55,1,3046,HAS_LINK_TO
55,1,1059,HAS_LINK_TO
55,1,3111,HAS_LINK_TO
55,1,472,HAS_LINK_TO
55,1,3550,HAS_LINK_TO
55,1,97,HAS_LINK_TO
55,1,4260,HAS_LINK_TO
55,1,2853,HAS_LINK_TO
55,1,3115,HAS_LINK_TO
55,1,414,HAS_LINK_TO
55,1,2415,HAS_LINK_TO
55,1,4484,HAS_LINK_TO
55,1,1543,HAS_LINK_TO
55,1,3496,HAS_LINK_TO
55,1,479,HAS_LINK_TO
55,1,2524,HAS_LINK_TO
55,1,734,HAS_LINK_TO
55,1,2121,HAS_LINK_TO
55,1,36,HAS_LINK_TO
55,1,10,HAS_LINK_TO
55,1,4094,HAS_LINK_TO
55,1,74,HAS_LINK_TO
55,1,2128,HAS_LINK_TO
55,1,3886,HAS_LINK_TO
55,1,2607,HAS_LINK_TO
55,1,871,HAS_LINK_TO
55,1,49,HAS_LINK_TO
55,1,3231,HAS_LINK_TO
55,1,2818,HAS_LINK_TO
55,1,1772,HAS_LINK_TO
55,1,4405,HAS_LINK_TO
55,1,2923,HAS_LINK_TO
55,1,43,HAS_LINK_TO
55,1,4327,HAS_LINK_TO
55,1,8,HAS_LINK_TO
55,1,255,HAS_LINK_TO
55,1,46,HAS_LINK_TO
55,1,63,HAS_LINK_TO
55,1,143,HAS_LINK_TO
55,1,4304,HAS_LINK_TO
55,1,1097,HAS_LINK_TO
55,1,1945,HAS_LINK_TO
55,1,1965,HAS_LINK_TO
55,1,4,HAS_LINK_TO
55,1,2509,HAS_LINK_TO
55,1,1179,HAS_LINK_TO
55,1,407,HAS_LINK_TO
55,1,3132,HAS_LINK_TO
55,1,60,HAS_LINK_TO
55,1,4348,HAS_LINK_TO
55,1,3503,HAS_LINK_TO
55,1,2431,HAS_LINK_TO
55,1,1306,HAS_LINK_TO
55,1,3671,HAS_LINK_TO
55,1,1475,HAS_LINK_TO
55,1,3999,HAS_LINK_TO
55,1,4330,HAS_LINK_TO
55,1,1683,HAS_LINK_TO
55,1,56,HAS_LINK_TO
55,1,24,HAS_LINK_TO
55,1,519,HAS_LINK_TO
55,1,3389,HAS_LINK_TO
55,1,1007,HAS_LINK_TO
55,1,3062,HAS_LINK_TO
55,1,14,HAS_LINK_TO
55,1,3,HAS_LINK_TO
55,1,1477,HAS_LINK_TO
55,1,23,HAS_LINK_TO
55,1,4646,HAS_LINK_TO
55,1,2712,HAS_LINK_TO
55,1,4466,HAS_LINK_TO
55,1,353,HAS_LINK_TO
55,1,682,HAS_LINK_TO
55,1,579,HAS_LINK_TO
55,1,3569,HAS_LINK_TO
55,1,16,HAS_LINK_TO
55,1,387,HAS_LINK_TO
55,1,2284,HAS_LINK_TO
55,1,2147,HAS_LINK_TO
55,1,3180,HAS_LINK_TO
55,1,1040,HAS_LINK_TO
55,1,4361,HAS_LINK_TO
55,1,507,HAS_LINK_TO
55,1,715,HAS_LINK_TO
55,1,842,HAS_LINK_TO
55,1,3480,HAS_LINK_TO
55,1,34,HAS_LINK_TO
55,1,3483,HAS_LINK_TO
55,1,1806,HAS_LINK_TO
55,1,2185,HAS_LINK_TO
55,1,3834,HAS_LINK_TO
55,1,42,HAS_LINK_TO
55,1,64,HAS_LINK_TO
55,1,3694,HAS_LINK_TO
55,1,2049,HAS_LINK_TO
55,1,4613,HAS_LINK_TO
55,1,206,HAS_LINK_TO
55,1,4133,HAS_LINK_TO
55,1,461,HAS_LINK_TO
55,1,1779,HAS_LINK_TO
55,1,235,HAS_LINK_TO
55,1,260,HAS_LINK_TO
55,1,600,HAS_LINK_TO
55,1,3692,HAS_LINK_TO
55,1,2383,HAS_LINK_TO
55,1,3878,HAS_LINK_TO
55,1,4175,HAS_LINK_TO
55,1,1481,HAS_LINK_TO
55,1,237,HAS_LINK_TO
55,1,2338,HAS_LINK_TO
55,1,1476,HAS_LINK_TO
55,1,1369,HAS_LINK_TO
55,1,173,HAS_LINK_TO
55,1,2762,HAS_LINK_TO
55,1,3069,HAS_LINK_TO
55,1,2005,HAS_LINK_TO
55,1,2606,HAS_LINK_TO
55,1,3698,HAS_LINK_TO
55,1,3991,HAS_LINK_TO
55,1,51,HAS_LINK_TO
55,1,2090,HAS_LINK_TO
55,1,745,HAS_LINK_TO
55,1,1533,HAS_LINK_TO
55,1,681,HAS_LINK_TO
55,1,3075,HAS_LINK_TO
55,1,1514,HAS_LINK_TO
55,1,70,HAS_LINK_TO
55,1,3462,HAS_LINK_TO
55,1,1317,HAS_LINK_TO
55,1,4643,HAS_LINK_TO
55,1,27,HAS_LINK_TO
55,1,3762,HAS_LINK_TO
55,1,3439,HAS_LINK_TO
55,1,4316,HAS_LINK_TO
55,1,884,HAS_LINK_TO
55,1,896,HAS_LINK_TO
55,1,32,HAS_LINK_TO
55,1,2815,HAS_LINK_TO
55,1,2499,HAS_LINK_TO
55,1,61,HAS_LINK_TO
55,1,4228,HAS_LINK_TO
55,1,2246,HAS_LINK_TO
55,1,2564,HAS_LINK_TO
55,1,1663,HAS_LINK_TO
55,1,71,HAS_LINK_TO
55,1,4121,HAS_LINK_TO
55,1,2054,HAS_LINK_TO
55,1,53,HAS_LINK_TO
55,1,2163,HAS_LINK_TO
55,1,582,HAS_LINK_TO
55,1,78,HAS_LINK_TO
55,1,1062,HAS_LINK_TO
55,1,3659,HAS_LINK_TO
55,1,79,HAS_LINK_TO
55,1,2196,HAS_LINK_TO
55,1,3939,HAS_LINK_TO
55,1,2238,HAS_LINK_TO
55,1,3809,HAS_LINK_TO
55,1,473,HAS_LINK_TO
55,1,752,HAS_LINK_TO
55,1,113,HAS_LINK_TO
55,1,1951,HAS_LINK_TO
55,1,2975,HAS_LINK_TO
55,1,2485,HAS_LINK_TO
55,1,3189,HAS_LINK_TO
55,1,9,HAS_LINK_TO
55,1,4399,HAS_LINK_TO
55,1,1980,HAS_LINK_TO
55,1,4170,HAS_LINK_TO
55,1,2025,HAS_LINK_TO
55,1,1487,HAS_LINK_TO
55,1,2237,HAS_LINK_TO
55,1,4552,HAS_LINK_TO
55,1,1032,HAS_LINK_TO
55,1,1027,HAS_LINK_TO
55,1,1367,HAS_LINK_TO
55,1,2139,HAS_LINK_TO
55,1,3801,HAS_LINK_TO
55,1,2936,HAS_LINK_TO
55,1,3640,HAS_LINK_TO
55,1,508,HAS_LINK_TO
55,1,2080,HAS_LINK_TO
55,1,4196,HAS_LINK_TO
55,1,118,HAS_LINK_TO
55,1,48,HAS_LINK_TO
55,1,1011,HAS_LINK_TO
55,1,2802,HAS_LINK_TO
55,1,3797,HAS_LINK_TO
55,1,4140,HAS_LINK_TO
55,1,2980,HAS_LINK_TO
55,1,73,HAS_LINK_TO
55,1,3975,HAS_LINK_TO
55,1,3084,HAS_LINK_TO
55,1,4324,HAS_LINK_TO
55,1,812,HAS_LINK_TO
55,1,1992,HAS_LINK_TO
55,1,45,HAS_LINK_TO
55,1,785,HAS_LINK_TO
55,1,1449,HAS_LINK_TO
55,1,2530,HAS_LINK_TO
55,1,1094,HAS_LINK_TO
55,1,587,HAS_LINK_TO
55,1,869,HAS_LINK_TO
55,1,2779,HAS_LINK_TO
55,1,2407,HAS_LINK_TO
55,1,1492,HAS_LINK_TO
55,1,57,HAS_LINK_TO
55,1,1063,HAS_LINK_TO
55,1,4012,HAS_LINK_TO
55,1,166,HAS_LINK_TO
55,1,1266,HAS_LINK_TO
55,1,1315,HAS_LINK_TO
55,1,2771,HAS_LINK_TO
55,1,4547,HAS_LINK_TO
55,1,2981,HAS_LINK_TO
55,1,3463,HAS_LINK_TO
55,1,4474,HAS_LINK_TO
55,1,4623,HAS_LINK_TO
55,1,2289,HAS_LINK_TO
55,1,3746,HAS_LINK_TO
55,1,4289,HAS_LINK_TO
55,1,144,HAS_LINK_TO
55,1,851,HAS_LINK_TO
55,1,1215,HAS_LINK_TO
55,1,3649,HAS_LINK_TO
55,1,146,HAS_LINK_TO
55,1,319,HAS_LINK_TO
55,1,3458,HAS_LINK_TO
55,1,707,HAS_LINK_TO
55,1,4111,HAS_LINK_TO
55,1,66,HAS_LINK_TO
55,1,489,HAS_LINK_TO
55,1,3072,HAS_LINK_TO
55,1,1209,HAS_LINK_TO
55,1,1512,HAS_LINK_TO
55,1,1079,HAS_LINK_TO
55,1,2006,HAS_LINK_TO
55,1,2669,HAS_LINK_TO
55,1,3575,HAS_LINK_TO
55,1,2901,HAS_LINK_TO
55,1,378,HAS_LINK_TO
55,1,58,HAS_LINK_TO
55,1,4202,HAS_LINK_TO
55,1,1233,HAS_LINK_TO
55,1,2611,HAS_LINK_TO
55,1,4274,HAS_LINK_TO
55,1,59,HAS_LINK_TO
55,1,4252,HAS_LINK_TO
55,1,13,HAS_LINK_TO
55,1,1434,HAS_LINK_TO
55,1,4201,HAS_LINK_TO
55,1,3802,HAS_LINK_TO
55,1,3611,HAS_LINK_TO
55,1,3777,HAS_LINK_TO
55,1,4633,HAS_LINK_TO
55,1,44,HAS_LINK_TO
55,1,1532,HAS_LINK_TO
55,1,703,HAS_LINK_TO
55,1,3600,HAS_LINK_TO
55,1,1404,HAS_LINK_TO
55,1,2366,HAS_LINK_TO
55,1,1562,HAS_LINK_TO
55,1,3452,HAS_LINK_TO
55,1,1425,HAS_LINK_TO
55,1,3131,HAS_LINK_TO
55,1,2225,HAS_LINK_TO
55,1,3194,HAS_LINK_TO
55,1,3896,HAS_LINK_TO
55,1,1287,HAS_LINK_TO
55,1,2253,HAS_LINK_TO
55,1,2340,HAS_LINK_TO
55,1,4396,HAS_LINK_TO
55,1,3061,HAS_LINK_TO
55,1,1990,HAS_LINK_TO
55,1,6,HAS_LINK_TO
55,1,1462,HAS_LINK_TO
55,1,897,HAS_LINK_TO
55,1,2132,HAS_LINK_TO
55,1,2003,HAS_LINK_TO
55,1,2593,HAS_LINK_TO
55,1,4171,HAS_LINK_TO
55,1,26,HAS_LINK_TO
55,1,517,HAS_LINK_TO
55,1,4220,HAS_LINK_TO
55,1,921,HAS_LINK_TO
55,1,2655,HAS_LINK_TO
55,1,1665,HAS_LINK_TO
55,1,21,HAS_LINK_TO
55,1,2667,HAS_LINK_TO
55,1,2575,HAS_LINK_TO
55,1,3184,HAS_LINK_TO
55,1,12,HAS_LINK_TO
55,1,3680,HAS_LINK_TO
55,1,522,HAS_LINK_TO
55,1,444,HAS_LINK_TO
55,1,838,HAS_LINK_TO
55,1,524,HAS_LINK_TO
55,1,2710,HAS_LINK_TO
55,1,833,HAS_LINK_TO
55,1,4277,HAS_LINK_TO
55,1,1180,HAS_LINK_TO
55,1,3415,HAS_LINK_TO
55,1,52,HAS_LINK_TO
55,1,4052,HAS_LINK_TO
55,1,18,HAS_LINK_TO
55,1,4423,HAS_LINK_TO
55,1,4415,HAS_LINK_TO
55,1,2432,HAS_LINK_TO
55,1,857,HAS_LINK_TO
55,1,352,HAS_LINK_TO
55,1,454,HAS_LINK_TO
55,1,1765,HAS_LINK_TO
55,1,3486,HAS_LINK_TO
55,1,68,HAS_LINK_TO
55,1,1067,HAS_LINK_TO
55,1,2605,HAS_LINK_TO
55,1,4442,HAS_LINK_TO
55,1,2138,HAS_LINK_TO
55,1,2548,HAS_LINK_TO
55,1,1995,HAS_LINK_TO
55,1,4540,HAS_LINK_TO
55,1,4193,HAS_LINK_TO
55,1,731,HAS_LINK_TO
55,1,3157,HAS_LINK_TO
55,1,3441,HAS_LINK_TO
55,1,22,HAS_LINK_TO
55,1,1502,HAS_LINK_TO
55,1,3116,HAS_LINK_TO
55,1,3209,HAS_LINK_TO
55,1,1618,HAS_LINK_TO
55,1,3894,HAS_LINK_TO
55,1,236,HAS_LINK_TO
55,1,39,HAS_LINK_TO
55,1,75,HAS_LINK_TO
55,1,816,HAS_LINK_TO
55,1,1066,HAS_LINK_TO
55,1,836,HAS_LINK_TO
55,1,2404,HAS_LINK_TO
55,1,2728,HAS_LINK_TO
55,1,93,HAS_LINK_TO
55,1,2935,HAS_LINK_TO
55,1,35,HAS_LINK_TO
55,1,916,HAS_LINK_TO
55,1,4630,HAS_LINK_TO
55,1,11,HAS_LINK_TO
55,1,4394,HAS_LINK_TO
55,1,1733,HAS_LINK_TO
55,1,2152,HAS_LINK_TO
55,1,1485,HAS_LINK_TO
55,1,37,HAS_LINK_TO
55,1,773,HAS_LINK_TO
55,1,1506,HAS_LINK_TO
55,1,3687,HAS_LINK_TO
55,1,4184,HAS_LINK_TO
55,1,4557,HAS_LINK_TO
55,1,3683,HAS_LINK_TO
55,1,2681,HAS_LINK_TO
55,1,1436,HAS_LINK_TO
55,1,72,HAS_LINK_TO
55,1,462,HAS_LINK_TO
55,1,3947,HAS_LINK_TO
55,1,880,HAS_LINK_TO
55,1,2478,HAS_LINK_TO
55,1,262,HAS_LINK_TO
55,1,4312,HAS_LINK_TO
55,1,2104,HAS_LINK_TO
55,1,47,HAS_LINK_TO
55,1,391,HAS_LINK_TO
55,1,2418,HAS_LINK_TO
56,1,4555,HAS_LINK_TO
56,1,721,HAS_LINK_TO
56,1,55,HAS_LINK_TO
56,1,1,HAS_LINK_TO
56,1,33,HAS_LINK_TO
56,1,28,HAS_LINK_TO
56,1,965,HAS_LINK_TO
56,1,58,HAS_LINK_TO
56,1,4022,HAS_LINK_TO
56,1,77,HAS_LINK_TO
56,1,19,HAS_LINK_TO
56,1,1233,HAS_LINK_TO
56,1,4019,HAS_LINK_TO
56,1,65,HAS_LINK_TO
56,1,173,HAS_LINK_TO
56,1,20,HAS_LINK_TO
56,1,2622,HAS_LINK_TO
56,1,59,HAS_LINK_TO
56,1,62,HAS_LINK_TO
56,1,13,HAS_LINK_TO
56,1,50,HAS_LINK_TO
56,1,51,HAS_LINK_TO
56,1,44,HAS_LINK_TO
56,1,742,HAS_LINK_TO
56,1,70,HAS_LINK_TO
56,1,17,HAS_LINK_TO
56,1,27,HAS_LINK_TO
56,1,31,HAS_LINK_TO
56,1,67,HAS_LINK_TO
56,1,4375,HAS_LINK_TO
56,1,32,HAS_LINK_TO
56,1,36,HAS_LINK_TO
56,1,10,HAS_LINK_TO
56,1,61,HAS_LINK_TO
56,1,29,HAS_LINK_TO
56,1,74,HAS_LINK_TO
56,1,1081,HAS_LINK_TO
56,1,6,HAS_LINK_TO
56,1,71,HAS_LINK_TO
56,1,871,HAS_LINK_TO
56,1,49,HAS_LINK_TO
56,1,704,HAS_LINK_TO
56,1,30,HAS_LINK_TO
56,1,40,HAS_LINK_TO
56,1,53,HAS_LINK_TO
56,1,78,HAS_LINK_TO
56,1,5,HAS_LINK_TO
56,1,76,HAS_LINK_TO
56,1,43,HAS_LINK_TO
56,1,79,HAS_LINK_TO
56,1,8,HAS_LINK_TO
56,1,4062,HAS_LINK_TO
56,1,26,HAS_LINK_TO
56,1,46,HAS_LINK_TO
56,1,63,HAS_LINK_TO
56,1,21,HAS_LINK_TO
56,1,41,HAS_LINK_TO
56,1,9,HAS_LINK_TO
56,1,38,HAS_LINK_TO
56,1,2575,HAS_LINK_TO
56,1,12,HAS_LINK_TO
56,1,4,HAS_LINK_TO
56,1,2576,HAS_LINK_TO
56,1,3132,HAS_LINK_TO
56,1,60,HAS_LINK_TO
56,1,52,HAS_LINK_TO
56,1,18,HAS_LINK_TO
56,1,15,HAS_LINK_TO
56,1,512,HAS_LINK_TO
56,1,69,HAS_LINK_TO
56,1,352,HAS_LINK_TO
56,1,24,HAS_LINK_TO
56,1,68,HAS_LINK_TO
56,1,48,HAS_LINK_TO
56,1,54,HAS_LINK_TO
56,1,22,HAS_LINK_TO
56,1,73,HAS_LINK_TO
56,1,23,HAS_LINK_TO
56,1,14,HAS_LINK_TO
56,1,3,HAS_LINK_TO
56,1,4646,HAS_LINK_TO
56,1,39,HAS_LINK_TO
56,1,75,HAS_LINK_TO
56,1,2728,HAS_LINK_TO
56,1,45,HAS_LINK_TO
56,1,93,HAS_LINK_TO
56,1,2,HAS_LINK_TO
56,1,25,HAS_LINK_TO
56,1,35,HAS_LINK_TO
56,1,16,HAS_LINK_TO
56,1,11,HAS_LINK_TO
56,1,1611,HAS_LINK_TO
56,1,869,HAS_LINK_TO
56,1,57,HAS_LINK_TO
56,1,7,HAS_LINK_TO
56,1,37,HAS_LINK_TO
56,1,72,HAS_LINK_TO
56,1,34,HAS_LINK_TO
56,1,3510,HAS_LINK_TO
56,1,42,HAS_LINK_TO
56,1,64,HAS_LINK_TO
56,1,66,HAS_LINK_TO
56,1,47,HAS_LINK_TO
57,1,2462,HAS_LINK_TO
57,1,4206,HAS_LINK_TO
57,1,3692,HAS_LINK_TO
57,1,55,HAS_LINK_TO
57,1,3048,HAS_LINK_TO
57,1,795,HAS_LINK_TO
57,1,1,HAS_LINK_TO
57,1,33,HAS_LINK_TO
57,1,28,HAS_LINK_TO
57,1,105,HAS_LINK_TO
57,1,3827,HAS_LINK_TO
57,1,2011,HAS_LINK_TO
57,1,58,HAS_LINK_TO
57,1,1974,HAS_LINK_TO
57,1,77,HAS_LINK_TO
57,1,19,HAS_LINK_TO
57,1,4019,HAS_LINK_TO
57,1,65,HAS_LINK_TO
57,1,20,HAS_LINK_TO
57,1,59,HAS_LINK_TO
57,1,1569,HAS_LINK_TO
57,1,13,HAS_LINK_TO
57,1,62,HAS_LINK_TO
57,1,50,HAS_LINK_TO
57,1,1434,HAS_LINK_TO
57,1,3442,HAS_LINK_TO
57,1,51,HAS_LINK_TO
57,1,44,HAS_LINK_TO
57,1,681,HAS_LINK_TO
57,1,846,HAS_LINK_TO
57,1,70,HAS_LINK_TO
57,1,17,HAS_LINK_TO
57,1,27,HAS_LINK_TO
57,1,31,HAS_LINK_TO
57,1,2853,HAS_LINK_TO
57,1,390,HAS_LINK_TO
57,1,414,HAS_LINK_TO
57,1,67,HAS_LINK_TO
57,1,3896,HAS_LINK_TO
57,1,1088,HAS_LINK_TO
57,1,1147,HAS_LINK_TO
57,1,2062,HAS_LINK_TO
57,1,2594,HAS_LINK_TO
57,1,4375,HAS_LINK_TO
57,1,32,HAS_LINK_TO
57,1,36,HAS_LINK_TO
57,1,2851,HAS_LINK_TO
57,1,10,HAS_LINK_TO
57,1,61,HAS_LINK_TO
57,1,412,HAS_LINK_TO
57,1,29,HAS_LINK_TO
57,1,74,HAS_LINK_TO
57,1,3850,HAS_LINK_TO
57,1,6,HAS_LINK_TO
57,1,71,HAS_LINK_TO
57,1,871,HAS_LINK_TO
57,1,49,HAS_LINK_TO
57,1,756,HAS_LINK_TO
57,1,30,HAS_LINK_TO
57,1,2377,HAS_LINK_TO
57,1,40,HAS_LINK_TO
57,1,53,HAS_LINK_TO
57,1,776,HAS_LINK_TO
57,1,2132,HAS_LINK_TO
57,1,5,HAS_LINK_TO
57,1,78,HAS_LINK_TO
57,1,1812,HAS_LINK_TO
57,1,76,HAS_LINK_TO
57,1,1856,HAS_LINK_TO
57,1,43,HAS_LINK_TO
57,1,2848,HAS_LINK_TO
57,1,4134,HAS_LINK_TO
57,1,79,HAS_LINK_TO
57,1,768,HAS_LINK_TO
57,1,8,HAS_LINK_TO
57,1,4062,HAS_LINK_TO
57,1,26,HAS_LINK_TO
57,1,46,HAS_LINK_TO
57,1,752,HAS_LINK_TO
57,1,63,HAS_LINK_TO
57,1,2378,HAS_LINK_TO
57,1,2643,HAS_LINK_TO
57,1,21,HAS_LINK_TO
57,1,385,HAS_LINK_TO
57,1,3138,HAS_LINK_TO
57,1,41,HAS_LINK_TO
57,1,3189,HAS_LINK_TO
57,1,9,HAS_LINK_TO
57,1,38,HAS_LINK_TO
57,1,2575,HAS_LINK_TO
57,1,12,HAS_LINK_TO
57,1,4399,HAS_LINK_TO
57,1,4,HAS_LINK_TO
57,1,2576,HAS_LINK_TO
57,1,4170,HAS_LINK_TO
57,1,2025,HAS_LINK_TO
57,1,3132,HAS_LINK_TO
57,1,4102,HAS_LINK_TO
57,1,947,HAS_LINK_TO
57,1,60,HAS_LINK_TO
57,1,4525,HAS_LINK_TO
57,1,52,HAS_LINK_TO
57,1,3085,HAS_LINK_TO
57,1,18,HAS_LINK_TO
57,1,2431,HAS_LINK_TO
57,1,15,HAS_LINK_TO
57,1,3187,HAS_LINK_TO
57,1,3999,HAS_LINK_TO
57,1,2144,HAS_LINK_TO
57,1,69,HAS_LINK_TO
57,1,56,HAS_LINK_TO
57,1,3709,HAS_LINK_TO
57,1,3208,HAS_LINK_TO
57,1,24,HAS_LINK_TO
57,1,68,HAS_LINK_TO
57,1,48,HAS_LINK_TO
57,1,54,HAS_LINK_TO
57,1,4561,HAS_LINK_TO
57,1,1007,HAS_LINK_TO
57,1,3720,HAS_LINK_TO
57,1,22,HAS_LINK_TO
57,1,73,HAS_LINK_TO
57,1,14,HAS_LINK_TO
57,1,3,HAS_LINK_TO
57,1,23,HAS_LINK_TO
57,1,3904,HAS_LINK_TO
57,1,39,HAS_LINK_TO
57,1,75,HAS_LINK_TO
57,1,4466,HAS_LINK_TO
57,1,570,HAS_LINK_TO
57,1,2728,HAS_LINK_TO
57,1,45,HAS_LINK_TO
57,1,2,HAS_LINK_TO
57,1,1883,HAS_LINK_TO
57,1,1581,HAS_LINK_TO
57,1,25,HAS_LINK_TO
57,1,35,HAS_LINK_TO
57,1,16,HAS_LINK_TO
57,1,11,HAS_LINK_TO
57,1,387,HAS_LINK_TO
57,1,587,HAS_LINK_TO
57,1,2284,HAS_LINK_TO
57,1,869,HAS_LINK_TO
57,1,4198,HAS_LINK_TO
57,1,1813,HAS_LINK_TO
57,1,2694,HAS_LINK_TO
57,1,1492,HAS_LINK_TO
57,1,583,HAS_LINK_TO
57,1,7,HAS_LINK_TO
57,1,37,HAS_LINK_TO
57,1,507,HAS_LINK_TO
57,1,1015,HAS_LINK_TO
57,1,4474,HAS_LINK_TO
57,1,758,HAS_LINK_TO
57,1,3683,HAS_LINK_TO
57,1,3746,HAS_LINK_TO
57,1,2692,HAS_LINK_TO
57,1,1943,HAS_LINK_TO
57,1,72,HAS_LINK_TO
57,1,2822,HAS_LINK_TO
57,1,34,HAS_LINK_TO
57,1,707,HAS_LINK_TO
57,1,3571,HAS_LINK_TO
57,1,880,HAS_LINK_TO
57,1,794,HAS_LINK_TO
57,1,42,HAS_LINK_TO
57,1,64,HAS_LINK_TO
57,1,66,HAS_LINK_TO
57,1,47,HAS_LINK_TO
57,1,4258,HAS_LINK_TO
57,1,1032,HAS_LINK_TO
58,1,1162,HAS_LINK_TO
58,1,55,HAS_LINK_TO
58,1,1,HAS_LINK_TO
58,1,33,HAS_LINK_TO
58,1,28,HAS_LINK_TO
58,1,4340,HAS_LINK_TO
58,1,77,HAS_LINK_TO
58,1,19,HAS_LINK_TO
58,1,4019,HAS_LINK_TO
58,1,65,HAS_LINK_TO
58,1,20,HAS_LINK_TO
58,1,3057,HAS_LINK_TO
58,1,2187,HAS_LINK_TO
58,1,3416,HAS_LINK_TO
58,1,59,HAS_LINK_TO
58,1,1569,HAS_LINK_TO
58,1,3547,HAS_LINK_TO
58,1,165,HAS_LINK_TO
58,1,136,HAS_LINK_TO
58,1,13,HAS_LINK_TO
58,1,62,HAS_LINK_TO
58,1,50,HAS_LINK_TO
58,1,51,HAS_LINK_TO
58,1,3550,HAS_LINK_TO
58,1,1557,HAS_LINK_TO
58,1,44,HAS_LINK_TO
58,1,70,HAS_LINK_TO
58,1,1542,HAS_LINK_TO
58,1,17,HAS_LINK_TO
58,1,27,HAS_LINK_TO
58,1,3452,HAS_LINK_TO
58,1,31,HAS_LINK_TO
58,1,4271,HAS_LINK_TO
58,1,67,HAS_LINK_TO
58,1,4484,HAS_LINK_TO
58,1,4375,HAS_LINK_TO
58,1,32,HAS_LINK_TO
58,1,36,HAS_LINK_TO
58,1,1567,HAS_LINK_TO
58,1,10,HAS_LINK_TO
58,1,61,HAS_LINK_TO
58,1,29,HAS_LINK_TO
58,1,74,HAS_LINK_TO
58,1,6,HAS_LINK_TO
58,1,71,HAS_LINK_TO
58,1,871,HAS_LINK_TO
58,1,49,HAS_LINK_TO
58,1,30,HAS_LINK_TO
58,1,40,HAS_LINK_TO
58,1,53,HAS_LINK_TO
58,1,4591,HAS_LINK_TO
58,1,78,HAS_LINK_TO
58,1,5,HAS_LINK_TO
58,1,76,HAS_LINK_TO
58,1,43,HAS_LINK_TO
58,1,356,HAS_LINK_TO
58,1,79,HAS_LINK_TO
58,1,8,HAS_LINK_TO
58,1,4062,HAS_LINK_TO
58,1,26,HAS_LINK_TO
58,1,46,HAS_LINK_TO
58,1,63,HAS_LINK_TO
58,1,4285,HAS_LINK_TO
58,1,21,HAS_LINK_TO
58,1,41,HAS_LINK_TO
58,1,2029,HAS_LINK_TO
58,1,9,HAS_LINK_TO
58,1,38,HAS_LINK_TO
58,1,2575,HAS_LINK_TO
58,1,2825,HAS_LINK_TO
58,1,2632,HAS_LINK_TO
58,1,12,HAS_LINK_TO
58,1,3723,HAS_LINK_TO
58,1,4602,HAS_LINK_TO
58,1,4,HAS_LINK_TO
58,1,2576,HAS_LINK_TO
58,1,1669,HAS_LINK_TO
58,1,4429,HAS_LINK_TO
58,1,2532,HAS_LINK_TO
58,1,3415,HAS_LINK_TO
58,1,60,HAS_LINK_TO
58,1,52,HAS_LINK_TO
58,1,18,HAS_LINK_TO
58,1,15,HAS_LINK_TO
58,1,725,HAS_LINK_TO
58,1,1322,HAS_LINK_TO
58,1,3855,HAS_LINK_TO
58,1,69,HAS_LINK_TO
58,1,56,HAS_LINK_TO
58,1,2139,HAS_LINK_TO
58,1,24,HAS_LINK_TO
58,1,2936,HAS_LINK_TO
58,1,68,HAS_LINK_TO
58,1,408,HAS_LINK_TO
58,1,3729,HAS_LINK_TO
58,1,48,HAS_LINK_TO
58,1,54,HAS_LINK_TO
58,1,22,HAS_LINK_TO
58,1,73,HAS_LINK_TO
58,1,23,HAS_LINK_TO
58,1,14,HAS_LINK_TO
58,1,3,HAS_LINK_TO
58,1,3894,HAS_LINK_TO
58,1,39,HAS_LINK_TO
58,1,75,HAS_LINK_TO
58,1,4466,HAS_LINK_TO
58,1,45,HAS_LINK_TO
58,1,2,HAS_LINK_TO
58,1,4598,HAS_LINK_TO
58,1,25,HAS_LINK_TO
58,1,35,HAS_LINK_TO
58,1,16,HAS_LINK_TO
58,1,11,HAS_LINK_TO
58,1,2284,HAS_LINK_TO
58,1,869,HAS_LINK_TO
58,1,57,HAS_LINK_TO
58,1,2661,HAS_LINK_TO
58,1,7,HAS_LINK_TO
58,1,37,HAS_LINK_TO
58,1,4596,HAS_LINK_TO
58,1,3165,HAS_LINK_TO
58,1,1664,HAS_LINK_TO
58,1,851,HAS_LINK_TO
58,1,1284,HAS_LINK_TO
58,1,4471,HAS_LINK_TO
58,1,72,HAS_LINK_TO
58,1,34,HAS_LINK_TO
58,1,42,HAS_LINK_TO
58,1,64,HAS_LINK_TO
58,1,66,HAS_LINK_TO
58,1,1979,HAS_LINK_TO
58,1,47,HAS_LINK_TO
59,1,601,HAS_LINK_TO
59,1,3879,HAS_LINK_TO
59,1,1191,HAS_LINK_TO
59,1,55,HAS_LINK_TO
59,1,1,HAS_LINK_TO
59,1,33,HAS_LINK_TO
59,1,28,HAS_LINK_TO
59,1,58,HAS_LINK_TO
59,1,77,HAS_LINK_TO
59,1,19,HAS_LINK_TO
59,1,4019,HAS_LINK_TO
59,1,65,HAS_LINK_TO
59,1,20,HAS_LINK_TO
59,1,3416,HAS_LINK_TO
59,1,62,HAS_LINK_TO
59,1,13,HAS_LINK_TO
59,1,50,HAS_LINK_TO
59,1,51,HAS_LINK_TO
59,1,3550,HAS_LINK_TO
59,1,44,HAS_LINK_TO
59,1,70,HAS_LINK_TO
59,1,17,HAS_LINK_TO
59,1,4260,HAS_LINK_TO
59,1,27,HAS_LINK_TO
59,1,31,HAS_LINK_TO
59,1,4271,HAS_LINK_TO
59,1,67,HAS_LINK_TO
59,1,4259,HAS_LINK_TO
59,1,4375,HAS_LINK_TO
59,1,32,HAS_LINK_TO
59,1,36,HAS_LINK_TO
59,1,10,HAS_LINK_TO
59,1,61,HAS_LINK_TO
59,1,29,HAS_LINK_TO
59,1,74,HAS_LINK_TO
59,1,6,HAS_LINK_TO
59,1,71,HAS_LINK_TO
59,1,871,HAS_LINK_TO
59,1,49,HAS_LINK_TO
59,1,30,HAS_LINK_TO
59,1,40,HAS_LINK_TO
59,1,53,HAS_LINK_TO
59,1,4591,HAS_LINK_TO
59,1,4030,HAS_LINK_TO
59,1,78,HAS_LINK_TO
59,1,5,HAS_LINK_TO
59,1,76,HAS_LINK_TO
59,1,43,HAS_LINK_TO
59,1,79,HAS_LINK_TO
59,1,8,HAS_LINK_TO
59,1,4062,HAS_LINK_TO
59,1,26,HAS_LINK_TO
59,1,46,HAS_LINK_TO
59,1,63,HAS_LINK_TO
59,1,21,HAS_LINK_TO
59,1,41,HAS_LINK_TO
59,1,9,HAS_LINK_TO
59,1,38,HAS_LINK_TO
59,1,2575,HAS_LINK_TO
59,1,12,HAS_LINK_TO
59,1,2368,HAS_LINK_TO
59,1,4,HAS_LINK_TO
59,1,2576,HAS_LINK_TO
59,1,60,HAS_LINK_TO
59,1,52,HAS_LINK_TO
59,1,18,HAS_LINK_TO
59,1,15,HAS_LINK_TO
59,1,3970,HAS_LINK_TO
59,1,69,HAS_LINK_TO
59,1,56,HAS_LINK_TO
59,1,24,HAS_LINK_TO
59,1,68,HAS_LINK_TO
59,1,48,HAS_LINK_TO
59,1,2374,HAS_LINK_TO
59,1,54,HAS_LINK_TO
59,1,22,HAS_LINK_TO
59,1,73,HAS_LINK_TO
59,1,23,HAS_LINK_TO
59,1,14,HAS_LINK_TO
59,1,3,HAS_LINK_TO
59,1,3751,HAS_LINK_TO
59,1,39,HAS_LINK_TO
59,1,75,HAS_LINK_TO
59,1,45,HAS_LINK_TO
59,1,2,HAS_LINK_TO
59,1,25,HAS_LINK_TO
59,1,35,HAS_LINK_TO
59,1,16,HAS_LINK_TO
59,1,11,HAS_LINK_TO
59,1,869,HAS_LINK_TO
59,1,57,HAS_LINK_TO
59,1,7,HAS_LINK_TO
59,1,37,HAS_LINK_TO
59,1,2014,HAS_LINK_TO
59,1,4223,HAS_LINK_TO
59,1,2681,HAS_LINK_TO
59,1,72,HAS_LINK_TO
59,1,34,HAS_LINK_TO
59,1,42,HAS_LINK_TO
59,1,64,HAS_LINK_TO
59,1,66,HAS_LINK_TO
59,1,47,HAS_LINK_TO
60,1,55,HAS_LINK_TO
60,1,1,HAS_LINK_TO
60,1,33,HAS_LINK_TO
60,1,28,HAS_LINK_TO
60,1,2901,HAS_LINK_TO
60,1,58,HAS_LINK_TO
60,1,77,HAS_LINK_TO
60,1,19,HAS_LINK_TO
60,1,4019,HAS_LINK_TO
60,1,65,HAS_LINK_TO
60,1,20,HAS_LINK_TO
60,1,2187,HAS_LINK_TO
60,1,3416,HAS_LINK_TO
60,1,59,HAS_LINK_TO
60,1,62,HAS_LINK_TO
60,1,13,HAS_LINK_TO
60,1,50,HAS_LINK_TO
60,1,51,HAS_LINK_TO
60,1,44,HAS_LINK_TO
60,1,70,HAS_LINK_TO
60,1,17,HAS_LINK_TO
60,1,27,HAS_LINK_TO
60,1,31,HAS_LINK_TO
60,1,67,HAS_LINK_TO
60,1,4375,HAS_LINK_TO
60,1,32,HAS_LINK_TO
60,1,36,HAS_LINK_TO
60,1,10,HAS_LINK_TO
60,1,61,HAS_LINK_TO
60,1,29,HAS_LINK_TO
60,1,74,HAS_LINK_TO
60,1,1305,HAS_LINK_TO
60,1,6,HAS_LINK_TO
60,1,71,HAS_LINK_TO
60,1,871,HAS_LINK_TO
60,1,49,HAS_LINK_TO
60,1,30,HAS_LINK_TO
60,1,40,HAS_LINK_TO
60,1,53,HAS_LINK_TO
60,1,78,HAS_LINK_TO
60,1,5,HAS_LINK_TO
60,1,76,HAS_LINK_TO
60,1,43,HAS_LINK_TO
60,1,79,HAS_LINK_TO
60,1,8,HAS_LINK_TO
60,1,4062,HAS_LINK_TO
60,1,26,HAS_LINK_TO
60,1,46,HAS_LINK_TO
60,1,63,HAS_LINK_TO
60,1,21,HAS_LINK_TO
60,1,41,HAS_LINK_TO
60,1,9,HAS_LINK_TO
60,1,38,HAS_LINK_TO
60,1,2575,HAS_LINK_TO
60,1,12,HAS_LINK_TO
60,1,4,HAS_LINK_TO
60,1,2576,HAS_LINK_TO
60,1,52,HAS_LINK_TO
60,1,18,HAS_LINK_TO
60,1,15,HAS_LINK_TO
60,1,3580,HAS_LINK_TO
60,1,725,HAS_LINK_TO
60,1,4492,HAS_LINK_TO
60,1,69,HAS_LINK_TO
60,1,56,HAS_LINK_TO
60,1,24,HAS_LINK_TO
60,1,68,HAS_LINK_TO
60,1,408,HAS_LINK_TO
60,1,1067,HAS_LINK_TO
60,1,48,HAS_LINK_TO
60,1,54,HAS_LINK_TO
60,1,22,HAS_LINK_TO
60,1,73,HAS_LINK_TO
60,1,23,HAS_LINK_TO
60,1,14,HAS_LINK_TO
60,1,3,HAS_LINK_TO
60,1,812,HAS_LINK_TO
60,1,39,HAS_LINK_TO
60,1,75,HAS_LINK_TO
60,1,1066,HAS_LINK_TO
60,1,641,HAS_LINK_TO
60,1,45,HAS_LINK_TO
60,1,2,HAS_LINK_TO
60,1,25,HAS_LINK_TO
60,1,35,HAS_LINK_TO
60,1,16,HAS_LINK_TO
60,1,11,HAS_LINK_TO
60,1,869,HAS_LINK_TO
60,1,57,HAS_LINK_TO
60,1,2661,HAS_LINK_TO
60,1,737,HAS_LINK_TO
60,1,7,HAS_LINK_TO
60,1,37,HAS_LINK_TO
60,1,72,HAS_LINK_TO
60,1,34,HAS_LINK_TO
60,1,42,HAS_LINK_TO
60,1,64,HAS_LINK_TO
60,1,66,HAS_LINK_TO
60,1,47,HAS_LINK_TO
60,1,1830,HAS_LINK_TO
61,1,3507,HAS_LINK_TO
61,1,697,HAS_LINK_TO
61,1,55,HAS_LINK_TO
61,1,1,HAS_LINK_TO
61,1,33,HAS_LINK_TO
61,1,28,HAS_LINK_TO
61,1,1176,HAS_LINK_TO
61,1,58,HAS_LINK_TO
61,1,77,HAS_LINK_TO
61,1,19,HAS_LINK_TO
61,1,3926,HAS_LINK_TO
61,1,4019,HAS_LINK_TO
61,1,65,HAS_LINK_TO
61,1,20,HAS_LINK_TO
61,1,62,HAS_LINK_TO
61,1,59,HAS_LINK_TO
61,1,13,HAS_LINK_TO
61,1,50,HAS_LINK_TO
61,1,51,HAS_LINK_TO
61,1,1937,HAS_LINK_TO
61,1,44,HAS_LINK_TO
61,1,846,HAS_LINK_TO
61,1,3713,HAS_LINK_TO
61,1,70,HAS_LINK_TO
61,1,17,HAS_LINK_TO
61,1,3388,HAS_LINK_TO
61,1,27,HAS_LINK_TO
61,1,31,HAS_LINK_TO
61,1,67,HAS_LINK_TO
61,1,4375,HAS_LINK_TO
61,1,3538,HAS_LINK_TO
61,1,32,HAS_LINK_TO
61,1,36,HAS_LINK_TO
61,1,1567,HAS_LINK_TO
61,1,10,HAS_LINK_TO
61,1,3036,HAS_LINK_TO
61,1,29,HAS_LINK_TO
61,1,74,HAS_LINK_TO
61,1,4279,HAS_LINK_TO
61,1,6,HAS_LINK_TO
61,1,71,HAS_LINK_TO
61,1,871,HAS_LINK_TO
61,1,49,HAS_LINK_TO
61,1,30,HAS_LINK_TO
61,1,40,HAS_LINK_TO
61,1,53,HAS_LINK_TO
61,1,78,HAS_LINK_TO
61,1,5,HAS_LINK_TO
61,1,76,HAS_LINK_TO
61,1,43,HAS_LINK_TO
61,1,817,HAS_LINK_TO
61,1,79,HAS_LINK_TO
61,1,8,HAS_LINK_TO
61,1,4062,HAS_LINK_TO
61,1,26,HAS_LINK_TO
61,1,46,HAS_LINK_TO
61,1,63,HAS_LINK_TO
61,1,21,HAS_LINK_TO
61,1,41,HAS_LINK_TO
61,1,1478,HAS_LINK_TO
61,1,9,HAS_LINK_TO
61,1,38,HAS_LINK_TO
61,1,2575,HAS_LINK_TO
61,1,4226,HAS_LINK_TO
61,1,4491,HAS_LINK_TO
61,1,12,HAS_LINK_TO
61,1,4,HAS_LINK_TO
61,1,329,HAS_LINK_TO
61,1,1409,HAS_LINK_TO
61,1,2576,HAS_LINK_TO
61,1,3132,HAS_LINK_TO
61,1,60,HAS_LINK_TO
61,1,3415,HAS_LINK_TO
61,1,52,HAS_LINK_TO
61,1,18,HAS_LINK_TO
61,1,15,HAS_LINK_TO
61,1,2144,HAS_LINK_TO
61,1,69,HAS_LINK_TO
61,1,3709,HAS_LINK_TO
61,1,56,HAS_LINK_TO
61,1,24,HAS_LINK_TO
61,1,1782,HAS_LINK_TO
61,1,68,HAS_LINK_TO
61,1,4560,HAS_LINK_TO
61,1,48,HAS_LINK_TO
61,1,3948,HAS_LINK_TO
61,1,2548,HAS_LINK_TO
61,1,54,HAS_LINK_TO
61,1,22,HAS_LINK_TO
61,1,73,HAS_LINK_TO
61,1,23,HAS_LINK_TO
61,1,14,HAS_LINK_TO
61,1,3,HAS_LINK_TO
61,1,39,HAS_LINK_TO
61,1,75,HAS_LINK_TO
61,1,4059,HAS_LINK_TO
61,1,45,HAS_LINK_TO
61,1,2,HAS_LINK_TO
61,1,25,HAS_LINK_TO
61,1,35,HAS_LINK_TO
61,1,16,HAS_LINK_TO
61,1,11,HAS_LINK_TO
61,1,3859,HAS_LINK_TO
61,1,869,HAS_LINK_TO
61,1,3052,HAS_LINK_TO
61,1,57,HAS_LINK_TO
61,1,7,HAS_LINK_TO
61,1,37,HAS_LINK_TO
61,1,851,HAS_LINK_TO
61,1,4371,HAS_LINK_TO
61,1,1781,HAS_LINK_TO
61,1,72,HAS_LINK_TO
61,1,34,HAS_LINK_TO
61,1,42,HAS_LINK_TO
61,1,64,HAS_LINK_TO
61,1,66,HAS_LINK_TO
61,1,47,HAS_LINK_TO
61,1,2365,HAS_LINK_TO
62,1,4267,HAS_LINK_TO
62,1,2124,HAS_LINK_TO
62,1,1079,HAS_LINK_TO
62,1,2617,HAS_LINK_TO
62,1,1001,HAS_LINK_TO
62,1,1139,HAS_LINK_TO
62,1,55,HAS_LINK_TO
62,1,1878,HAS_LINK_TO
62,1,3117,HAS_LINK_TO
62,1,1559,HAS_LINK_TO
62,1,1,HAS_LINK_TO
62,1,33,HAS_LINK_TO
62,1,470,HAS_LINK_TO
62,1,2901,HAS_LINK_TO
62,1,969,HAS_LINK_TO
62,1,3201,HAS_LINK_TO
62,1,198,HAS_LINK_TO
62,1,2972,HAS_LINK_TO
62,1,28,HAS_LINK_TO
62,1,58,HAS_LINK_TO
62,1,3618,HAS_LINK_TO
62,1,77,HAS_LINK_TO
62,1,19,HAS_LINK_TO
62,1,1102,HAS_LINK_TO
62,1,1136,HAS_LINK_TO
62,1,4019,HAS_LINK_TO
62,1,4500,HAS_LINK_TO
62,1,65,HAS_LINK_TO
62,1,20,HAS_LINK_TO
62,1,59,HAS_LINK_TO
62,1,4252,HAS_LINK_TO
62,1,13,HAS_LINK_TO
62,1,292,HAS_LINK_TO
62,1,1975,HAS_LINK_TO
62,1,50,HAS_LINK_TO
62,1,1101,HAS_LINK_TO
62,1,986,HAS_LINK_TO
62,1,51,HAS_LINK_TO
62,1,3520,HAS_LINK_TO
62,1,3978,HAS_LINK_TO
62,1,933,HAS_LINK_TO
62,1,44,HAS_LINK_TO
62,1,1265,HAS_LINK_TO
62,1,86,HAS_LINK_TO
62,1,2410,HAS_LINK_TO
62,1,70,HAS_LINK_TO
62,1,4247,HAS_LINK_TO
62,1,17,HAS_LINK_TO
62,1,27,HAS_LINK_TO
62,1,3452,HAS_LINK_TO
62,1,31,HAS_LINK_TO
62,1,67,HAS_LINK_TO
62,1,931,HAS_LINK_TO
62,1,3870,HAS_LINK_TO
62,1,2031,HAS_LINK_TO
62,1,2367,HAS_LINK_TO
62,1,4375,HAS_LINK_TO
62,1,4107,HAS_LINK_TO
62,1,3538,HAS_LINK_TO
62,1,32,HAS_LINK_TO
62,1,36,HAS_LINK_TO
62,1,1567,HAS_LINK_TO
62,1,10,HAS_LINK_TO
62,1,61,HAS_LINK_TO
62,1,29,HAS_LINK_TO
62,1,74,HAS_LINK_TO
62,1,4279,HAS_LINK_TO
62,1,3781,HAS_LINK_TO
62,1,1305,HAS_LINK_TO
62,1,4505,HAS_LINK_TO
62,1,2390,HAS_LINK_TO
62,1,2629,HAS_LINK_TO
62,1,6,HAS_LINK_TO
62,1,871,HAS_LINK_TO
62,1,2616,HAS_LINK_TO
62,1,71,HAS_LINK_TO
62,1,151,HAS_LINK_TO
62,1,1391,HAS_LINK_TO
62,1,30,HAS_LINK_TO
62,1,2054,HAS_LINK_TO
62,1,40,HAS_LINK_TO
62,1,49,HAS_LINK_TO
62,1,53,HAS_LINK_TO
62,1,1155,HAS_LINK_TO
62,1,1167,HAS_LINK_TO
62,1,4405,HAS_LINK_TO
62,1,78,HAS_LINK_TO
62,1,5,HAS_LINK_TO
62,1,76,HAS_LINK_TO
62,1,43,HAS_LINK_TO
62,1,4594,HAS_LINK_TO
62,1,2224,HAS_LINK_TO
62,1,79,HAS_LINK_TO
62,1,1387,HAS_LINK_TO
62,1,1259,HAS_LINK_TO
62,1,1357,HAS_LINK_TO
62,1,1553,HAS_LINK_TO
62,1,4062,HAS_LINK_TO
62,1,8,HAS_LINK_TO
62,1,26,HAS_LINK_TO
62,1,371,HAS_LINK_TO
62,1,1579,HAS_LINK_TO
62,1,46,HAS_LINK_TO
62,1,473,HAS_LINK_TO
62,1,63,HAS_LINK_TO
62,1,691,HAS_LINK_TO
62,1,21,HAS_LINK_TO
62,1,4514,HAS_LINK_TO
62,1,41,HAS_LINK_TO
62,1,9,HAS_LINK_TO
62,1,38,HAS_LINK_TO
62,1,2575,HAS_LINK_TO
62,1,12,HAS_LINK_TO
62,1,4,HAS_LINK_TO
62,1,2576,HAS_LINK_TO
62,1,1909,HAS_LINK_TO
62,1,513,HAS_LINK_TO
62,1,3132,HAS_LINK_TO
62,1,651,HAS_LINK_TO
62,1,4277,HAS_LINK_TO
62,1,60,HAS_LINK_TO
62,1,52,HAS_LINK_TO
62,1,18,HAS_LINK_TO
62,1,2021,HAS_LINK_TO
62,1,15,HAS_LINK_TO
62,1,366,HAS_LINK_TO
62,1,1306,HAS_LINK_TO
62,1,69,HAS_LINK_TO
62,1,406,HAS_LINK_TO
62,1,1500,HAS_LINK_TO
62,1,3712,HAS_LINK_TO
62,1,56,HAS_LINK_TO
62,1,2150,HAS_LINK_TO
62,1,24,HAS_LINK_TO
62,1,581,HAS_LINK_TO
62,1,1082,HAS_LINK_TO
62,1,1432,HAS_LINK_TO
62,1,1928,HAS_LINK_TO
62,1,2970,HAS_LINK_TO
62,1,1782,HAS_LINK_TO
62,1,973,HAS_LINK_TO
62,1,3640,HAS_LINK_TO
62,1,408,HAS_LINK_TO
62,1,68,HAS_LINK_TO
62,1,2444,HAS_LINK_TO
62,1,3729,HAS_LINK_TO
62,1,1100,HAS_LINK_TO
62,1,546,HAS_LINK_TO
62,1,879,HAS_LINK_TO
62,1,48,HAS_LINK_TO
62,1,54,HAS_LINK_TO
62,1,4055,HAS_LINK_TO
62,1,3410,HAS_LINK_TO
62,1,22,HAS_LINK_TO
62,1,73,HAS_LINK_TO
62,1,3,HAS_LINK_TO
62,1,14,HAS_LINK_TO
62,1,23,HAS_LINK_TO
62,1,3751,HAS_LINK_TO
62,1,39,HAS_LINK_TO
62,1,75,HAS_LINK_TO
62,1,2057,HAS_LINK_TO
62,1,1953,HAS_LINK_TO
62,1,2264,HAS_LINK_TO
62,1,1673,HAS_LINK_TO
62,1,1657,HAS_LINK_TO
62,1,866,HAS_LINK_TO
62,1,456,HAS_LINK_TO
62,1,2468,HAS_LINK_TO
62,1,45,HAS_LINK_TO
62,1,2,HAS_LINK_TO
62,1,4598,HAS_LINK_TO
62,1,564,HAS_LINK_TO
62,1,25,HAS_LINK_TO
62,1,35,HAS_LINK_TO
62,1,1378,HAS_LINK_TO
62,1,1620,HAS_LINK_TO
62,1,16,HAS_LINK_TO
62,1,11,HAS_LINK_TO
62,1,970,HAS_LINK_TO
62,1,2147,HAS_LINK_TO
62,1,869,HAS_LINK_TO
62,1,57,HAS_LINK_TO
62,1,1492,HAS_LINK_TO
62,1,1438,HAS_LINK_TO
62,1,2417,HAS_LINK_TO
62,1,2270,HAS_LINK_TO
62,1,3004,HAS_LINK_TO
62,1,4419,HAS_LINK_TO
62,1,2027,HAS_LINK_TO
62,1,7,HAS_LINK_TO
62,1,37,HAS_LINK_TO
62,1,928,HAS_LINK_TO
62,1,1889,HAS_LINK_TO
62,1,1949,HAS_LINK_TO
62,1,87,HAS_LINK_TO
62,1,1694,HAS_LINK_TO
62,1,1517,HAS_LINK_TO
62,1,2013,HAS_LINK_TO
62,1,2686,HAS_LINK_TO
62,1,4223,HAS_LINK_TO
62,1,990,HAS_LINK_TO
62,1,665,HAS_LINK_TO
62,1,2681,HAS_LINK_TO
62,1,4003,HAS_LINK_TO
62,1,3198,HAS_LINK_TO
62,1,72,HAS_LINK_TO
62,1,34,HAS_LINK_TO
62,1,140,HAS_LINK_TO
62,1,3719,HAS_LINK_TO
62,1,315,HAS_LINK_TO
62,1,3458,HAS_LINK_TO
62,1,707,HAS_LINK_TO
62,1,1131,HAS_LINK_TO
62,1,42,HAS_LINK_TO
62,1,794,HAS_LINK_TO
62,1,64,HAS_LINK_TO
62,1,1670,HAS_LINK_TO
62,1,66,HAS_LINK_TO
62,1,47,HAS_LINK_TO
62,1,1092,HAS_LINK_TO
62,1,4301,HAS_LINK_TO
63,1,55,HAS_LINK_TO
63,1,1,HAS_LINK_TO
63,1,33,HAS_LINK_TO
63,1,28,HAS_LINK_TO
63,1,58,HAS_LINK_TO
63,1,1013,HAS_LINK_TO
63,1,19,HAS_LINK_TO
63,1,77,HAS_LINK_TO
63,1,4019,HAS_LINK_TO
63,1,65,HAS_LINK_TO
63,1,20,HAS_LINK_TO
63,1,3547,HAS_LINK_TO
63,1,3416,HAS_LINK_TO
63,1,62,HAS_LINK_TO
63,1,59,HAS_LINK_TO
63,1,13,HAS_LINK_TO
63,1,50,HAS_LINK_TO
63,1,1101,HAS_LINK_TO
63,1,51,HAS_LINK_TO
63,1,44,HAS_LINK_TO
63,1,70,HAS_LINK_TO
63,1,86,HAS_LINK_TO
63,1,17,HAS_LINK_TO
63,1,27,HAS_LINK_TO
63,1,31,HAS_LINK_TO
63,1,67,HAS_LINK_TO
63,1,4375,HAS_LINK_TO
63,1,4564,HAS_LINK_TO
63,1,32,HAS_LINK_TO
63,1,36,HAS_LINK_TO
63,1,10,HAS_LINK_TO
63,1,61,HAS_LINK_TO
63,1,29,HAS_LINK_TO
63,1,74,HAS_LINK_TO
63,1,6,HAS_LINK_TO
63,1,71,HAS_LINK_TO
63,1,871,HAS_LINK_TO
63,1,49,HAS_LINK_TO
63,1,30,HAS_LINK_TO
63,1,40,HAS_LINK_TO
63,1,53,HAS_LINK_TO
63,1,78,HAS_LINK_TO
63,1,5,HAS_LINK_TO
63,1,76,HAS_LINK_TO
63,1,43,HAS_LINK_TO
63,1,79,HAS_LINK_TO
63,1,8,HAS_LINK_TO
63,1,4311,HAS_LINK_TO
63,1,4062,HAS_LINK_TO
63,1,26,HAS_LINK_TO
63,1,3129,HAS_LINK_TO
63,1,46,HAS_LINK_TO
63,1,2655,HAS_LINK_TO
63,1,21,HAS_LINK_TO
63,1,41,HAS_LINK_TO
63,1,9,HAS_LINK_TO
63,1,38,HAS_LINK_TO
63,1,2575,HAS_LINK_TO
63,1,12,HAS_LINK_TO
63,1,4,HAS_LINK_TO
63,1,2576,HAS_LINK_TO
63,1,60,HAS_LINK_TO
63,1,52,HAS_LINK_TO
63,1,18,HAS_LINK_TO
63,1,15,HAS_LINK_TO
63,1,69,HAS_LINK_TO
63,1,56,HAS_LINK_TO
63,1,24,HAS_LINK_TO
63,1,68,HAS_LINK_TO
63,1,408,HAS_LINK_TO
63,1,4482,HAS_LINK_TO
63,1,48,HAS_LINK_TO
63,1,2548,HAS_LINK_TO
63,1,54,HAS_LINK_TO
63,1,867,HAS_LINK_TO
63,1,22,HAS_LINK_TO
63,1,73,HAS_LINK_TO
63,1,23,HAS_LINK_TO
63,1,14,HAS_LINK_TO
63,1,3,HAS_LINK_TO
63,1,39,HAS_LINK_TO
63,1,75,HAS_LINK_TO
63,1,1047,HAS_LINK_TO
63,1,45,HAS_LINK_TO
63,1,2,HAS_LINK_TO
63,1,1581,HAS_LINK_TO
63,1,25,HAS_LINK_TO
63,1,35,HAS_LINK_TO
63,1,1620,HAS_LINK_TO
63,1,16,HAS_LINK_TO
63,1,11,HAS_LINK_TO
63,1,869,HAS_LINK_TO
63,1,57,HAS_LINK_TO
63,1,7,HAS_LINK_TO
63,1,37,HAS_LINK_TO
63,1,2037,HAS_LINK_TO
63,1,3181,HAS_LINK_TO
63,1,72,HAS_LINK_TO
63,1,34,HAS_LINK_TO
63,1,42,HAS_LINK_TO
63,1,64,HAS_LINK_TO
63,1,66,HAS_LINK_TO
63,1,47,HAS_LINK_TO
64,1,55,HAS_LINK_TO
64,1,1559,HAS_LINK_TO
64,1,1,HAS_LINK_TO
64,1,28,HAS_LINK_TO
64,1,33,HAS_LINK_TO
64,1,2972,HAS_LINK_TO
64,1,58,HAS_LINK_TO
64,1,77,HAS_LINK_TO
64,1,19,HAS_LINK_TO
64,1,4019,HAS_LINK_TO
64,1,65,HAS_LINK_TO
64,1,20,HAS_LINK_TO
64,1,3416,HAS_LINK_TO
64,1,59,HAS_LINK_TO
64,1,62,HAS_LINK_TO
64,1,13,HAS_LINK_TO
64,1,50,HAS_LINK_TO
64,1,51,HAS_LINK_TO
64,1,44,HAS_LINK_TO
64,1,70,HAS_LINK_TO
64,1,86,HAS_LINK_TO
64,1,17,HAS_LINK_TO
64,1,27,HAS_LINK_TO
64,1,31,HAS_LINK_TO
64,1,67,HAS_LINK_TO
64,1,2367,HAS_LINK_TO
64,1,4375,HAS_LINK_TO
64,1,3538,HAS_LINK_TO
64,1,32,HAS_LINK_TO
64,1,36,HAS_LINK_TO
64,1,10,HAS_LINK_TO
64,1,61,HAS_LINK_TO
64,1,29,HAS_LINK_TO
64,1,74,HAS_LINK_TO
64,1,6,HAS_LINK_TO
64,1,71,HAS_LINK_TO
64,1,871,HAS_LINK_TO
64,1,49,HAS_LINK_TO
64,1,30,HAS_LINK_TO
64,1,40,HAS_LINK_TO
64,1,53,HAS_LINK_TO
64,1,78,HAS_LINK_TO
64,1,5,HAS_LINK_TO
64,1,76,HAS_LINK_TO
64,1,43,HAS_LINK_TO
64,1,79,HAS_LINK_TO
64,1,8,HAS_LINK_TO
64,1,4062,HAS_LINK_TO
64,1,26,HAS_LINK_TO
64,1,46,HAS_LINK_TO
64,1,63,HAS_LINK_TO
64,1,21,HAS_LINK_TO
64,1,4514,HAS_LINK_TO
64,1,41,HAS_LINK_TO
64,1,9,HAS_LINK_TO
64,1,38,HAS_LINK_TO
64,1,2575,HAS_LINK_TO
64,1,12,HAS_LINK_TO
64,1,4,HAS_LINK_TO
64,1,2576,HAS_LINK_TO
64,1,60,HAS_LINK_TO
64,1,52,HAS_LINK_TO
64,1,18,HAS_LINK_TO
64,1,2021,HAS_LINK_TO
64,1,4521,HAS_LINK_TO
64,1,366,HAS_LINK_TO
64,1,15,HAS_LINK_TO
64,1,69,HAS_LINK_TO
64,1,56,HAS_LINK_TO
64,1,2139,HAS_LINK_TO
64,1,24,HAS_LINK_TO
64,1,68,HAS_LINK_TO
64,1,48,HAS_LINK_TO
64,1,3517,HAS_LINK_TO
64,1,54,HAS_LINK_TO
64,1,4055,HAS_LINK_TO
64,1,22,HAS_LINK_TO
64,1,73,HAS_LINK_TO
64,1,23,HAS_LINK_TO
64,1,14,HAS_LINK_TO
64,1,3,HAS_LINK_TO
64,1,39,HAS_LINK_TO
64,1,75,HAS_LINK_TO
64,1,2791,HAS_LINK_TO
64,1,45,HAS_LINK_TO
64,1,2,HAS_LINK_TO
64,1,25,HAS_LINK_TO
64,1,35,HAS_LINK_TO
64,1,16,HAS_LINK_TO
64,1,11,HAS_LINK_TO
64,1,869,HAS_LINK_TO
64,1,57,HAS_LINK_TO
64,1,7,HAS_LINK_TO
64,1,37,HAS_LINK_TO
64,1,1889,HAS_LINK_TO
64,1,2013,HAS_LINK_TO
64,1,72,HAS_LINK_TO
64,1,34,HAS_LINK_TO
64,1,42,HAS_LINK_TO
64,1,66,HAS_LINK_TO
64,1,47,HAS_LINK_TO
65,1,1779,HAS_LINK_TO
65,1,4133,HAS_LINK_TO
65,1,1576,HAS_LINK_TO
65,1,55,HAS_LINK_TO
65,1,3378,HAS_LINK_TO
65,1,1,HAS_LINK_TO
65,1,33,HAS_LINK_TO
65,1,28,HAS_LINK_TO
65,1,58,HAS_LINK_TO
65,1,135,HAS_LINK_TO
65,1,19,HAS_LINK_TO
65,1,77,HAS_LINK_TO
65,1,3926,HAS_LINK_TO
65,1,4019,HAS_LINK_TO
65,1,1926,HAS_LINK_TO
65,1,20,HAS_LINK_TO
65,1,1964,HAS_LINK_TO
65,1,59,HAS_LINK_TO
65,1,62,HAS_LINK_TO
65,1,13,HAS_LINK_TO
65,1,50,HAS_LINK_TO
65,1,1101,HAS_LINK_TO
65,1,51,HAS_LINK_TO
65,1,586,HAS_LINK_TO
65,1,2314,HAS_LINK_TO
65,1,2886,HAS_LINK_TO
65,1,44,HAS_LINK_TO
65,1,70,HAS_LINK_TO
65,1,782,HAS_LINK_TO
65,1,17,HAS_LINK_TO
65,1,2814,HAS_LINK_TO
65,1,27,HAS_LINK_TO
65,1,31,HAS_LINK_TO
65,1,2277,HAS_LINK_TO
65,1,1113,HAS_LINK_TO
65,1,67,HAS_LINK_TO
65,1,535,HAS_LINK_TO
65,1,1147,HAS_LINK_TO
65,1,2367,HAS_LINK_TO
65,1,2340,HAS_LINK_TO
65,1,4375,HAS_LINK_TO
65,1,1642,HAS_LINK_TO
65,1,32,HAS_LINK_TO
65,1,36,HAS_LINK_TO
65,1,10,HAS_LINK_TO
65,1,61,HAS_LINK_TO
65,1,2564,HAS_LINK_TO
65,1,29,HAS_LINK_TO
65,1,74,HAS_LINK_TO
65,1,2805,HAS_LINK_TO
65,1,6,HAS_LINK_TO
65,1,3482,HAS_LINK_TO
65,1,871,HAS_LINK_TO
65,1,71,HAS_LINK_TO
65,1,1881,HAS_LINK_TO
65,1,49,HAS_LINK_TO
65,1,30,HAS_LINK_TO
65,1,40,HAS_LINK_TO
65,1,53,HAS_LINK_TO
65,1,956,HAS_LINK_TO
65,1,78,HAS_LINK_TO
65,1,5,HAS_LINK_TO
65,1,76,HAS_LINK_TO
65,1,972,HAS_LINK_TO
65,1,626,HAS_LINK_TO
65,1,43,HAS_LINK_TO
65,1,1962,HAS_LINK_TO
65,1,3499,HAS_LINK_TO
65,1,2003,HAS_LINK_TO
65,1,79,HAS_LINK_TO
65,1,1387,HAS_LINK_TO
65,1,8,HAS_LINK_TO
65,1,4062,HAS_LINK_TO
65,1,26,HAS_LINK_TO
65,1,996,HAS_LINK_TO
65,1,46,HAS_LINK_TO
65,1,1858,HAS_LINK_TO
65,1,2151,HAS_LINK_TO
65,1,63,HAS_LINK_TO
65,1,21,HAS_LINK_TO
65,1,41,HAS_LINK_TO
65,1,1827,HAS_LINK_TO
65,1,9,HAS_LINK_TO
65,1,1294,HAS_LINK_TO
65,1,38,HAS_LINK_TO
65,1,2575,HAS_LINK_TO
65,1,3680,HAS_LINK_TO
65,1,12,HAS_LINK_TO
65,1,4,HAS_LINK_TO
65,1,1178,HAS_LINK_TO
65,1,2576,HAS_LINK_TO
65,1,3887,HAS_LINK_TO
65,1,3223,HAS_LINK_TO
65,1,4504,HAS_LINK_TO
65,1,60,HAS_LINK_TO
65,1,52,HAS_LINK_TO
65,1,18,HAS_LINK_TO
65,1,15,HAS_LINK_TO
65,1,3187,HAS_LINK_TO
65,1,2156,HAS_LINK_TO
65,1,69,HAS_LINK_TO
65,1,56,HAS_LINK_TO
65,1,3952,HAS_LINK_TO
65,1,24,HAS_LINK_TO
65,1,68,HAS_LINK_TO
65,1,3533,HAS_LINK_TO
65,1,48,HAS_LINK_TO
65,1,2802,HAS_LINK_TO
65,1,54,HAS_LINK_TO
65,1,4540,HAS_LINK_TO
65,1,22,HAS_LINK_TO
65,1,73,HAS_LINK_TO
65,1,23,HAS_LINK_TO
65,1,14,HAS_LINK_TO
65,1,545,HAS_LINK_TO
65,1,3,HAS_LINK_TO
65,1,3751,HAS_LINK_TO
65,1,1299,HAS_LINK_TO
65,1,39,HAS_LINK_TO
65,1,75,HAS_LINK_TO
65,1,1784,HAS_LINK_TO
65,1,4466,HAS_LINK_TO
65,1,2728,HAS_LINK_TO
65,1,45,HAS_LINK_TO
65,1,2,HAS_LINK_TO
65,1,2994,HAS_LINK_TO
65,1,25,HAS_LINK_TO
65,1,35,HAS_LINK_TO
65,1,1378,HAS_LINK_TO
65,1,16,HAS_LINK_TO
65,1,2952,HAS_LINK_TO
65,1,11,HAS_LINK_TO
65,1,869,HAS_LINK_TO
65,1,57,HAS_LINK_TO
65,1,1492,HAS_LINK_TO
65,1,3049,HAS_LINK_TO
65,1,2661,HAS_LINK_TO
65,1,7,HAS_LINK_TO
65,1,37,HAS_LINK_TO
65,1,1239,HAS_LINK_TO
65,1,2811,HAS_LINK_TO
65,1,715,HAS_LINK_TO
65,1,3181,HAS_LINK_TO
65,1,926,HAS_LINK_TO
65,1,3691,HAS_LINK_TO
65,1,72,HAS_LINK_TO
65,1,2822,HAS_LINK_TO
65,1,34,HAS_LINK_TO
65,1,1758,HAS_LINK_TO
65,1,2826,HAS_LINK_TO
65,1,319,HAS_LINK_TO
65,1,42,HAS_LINK_TO
65,1,64,HAS_LINK_TO
65,1,558,HAS_LINK_TO
65,1,66,HAS_LINK_TO
65,1,3025,HAS_LINK_TO
65,1,47,HAS_LINK_TO
65,1,3072,HAS_LINK_TO
66,1,55,HAS_LINK_TO
66,1,1,HAS_LINK_TO
66,1,33,HAS_LINK_TO
66,1,28,HAS_LINK_TO
66,1,58,HAS_LINK_TO
66,1,77,HAS_LINK_TO
66,1,19,HAS_LINK_TO
66,1,4019,HAS_LINK_TO
66,1,65,HAS_LINK_TO
66,1,20,HAS_LINK_TO
66,1,59,HAS_LINK_TO
66,1,62,HAS_LINK_TO
66,1,13,HAS_LINK_TO
66,1,50,HAS_LINK_TO
66,1,51,HAS_LINK_TO
66,1,44,HAS_LINK_TO
66,1,70,HAS_LINK_TO
66,1,17,HAS_LINK_TO
66,1,27,HAS_LINK_TO
66,1,31,HAS_LINK_TO
66,1,67,HAS_LINK_TO
66,1,4375,HAS_LINK_TO
66,1,32,HAS_LINK_TO
66,1,36,HAS_LINK_TO
66,1,10,HAS_LINK_TO
66,1,61,HAS_LINK_TO
66,1,29,HAS_LINK_TO
66,1,74,HAS_LINK_TO
66,1,6,HAS_LINK_TO
66,1,71,HAS_LINK_TO
66,1,871,HAS_LINK_TO
66,1,49,HAS_LINK_TO
66,1,30,HAS_LINK_TO
66,1,40,HAS_LINK_TO
66,1,53,HAS_LINK_TO
66,1,78,HAS_LINK_TO
66,1,5,HAS_LINK_TO
66,1,76,HAS_LINK_TO
66,1,43,HAS_LINK_TO
66,1,79,HAS_LINK_TO
66,1,8,HAS_LINK_TO
66,1,4062,HAS_LINK_TO
66,1,26,HAS_LINK_TO
66,1,46,HAS_LINK_TO
66,1,63,HAS_LINK_TO
66,1,21,HAS_LINK_TO
66,1,41,HAS_LINK_TO
66,1,9,HAS_LINK_TO
66,1,38,HAS_LINK_TO
66,1,2575,HAS_LINK_TO
66,1,12,HAS_LINK_TO
66,1,4,HAS_LINK_TO
66,1,2576,HAS_LINK_TO
66,1,60,HAS_LINK_TO
66,1,52,HAS_LINK_TO
66,1,18,HAS_LINK_TO
66,1,15,HAS_LINK_TO
66,1,69,HAS_LINK_TO
66,1,56,HAS_LINK_TO
66,1,24,HAS_LINK_TO
66,1,68,HAS_LINK_TO
66,1,48,HAS_LINK_TO
66,1,54,HAS_LINK_TO
66,1,22,HAS_LINK_TO
66,1,73,HAS_LINK_TO
66,1,23,HAS_LINK_TO
66,1,14,HAS_LINK_TO
66,1,3,HAS_LINK_TO
66,1,39,HAS_LINK_TO
66,1,75,HAS_LINK_TO
66,1,45,HAS_LINK_TO
66,1,2,HAS_LINK_TO
66,1,25,HAS_LINK_TO
66,1,35,HAS_LINK_TO
66,1,16,HAS_LINK_TO
66,1,11,HAS_LINK_TO
66,1,869,HAS_LINK_TO
66,1,57,HAS_LINK_TO
66,1,7,HAS_LINK_TO
66,1,37,HAS_LINK_TO
66,1,72,HAS_LINK_TO
66,1,34,HAS_LINK_TO
66,1,42,HAS_LINK_TO
66,1,64,HAS_LINK_TO
66,1,47,HAS_LINK_TO
67,1,3555,HAS_LINK_TO
67,1,55,HAS_LINK_TO
67,1,1,HAS_LINK_TO
67,1,33,HAS_LINK_TO
67,1,28,HAS_LINK_TO
67,1,58,HAS_LINK_TO
67,1,77,HAS_LINK_TO
67,1,19,HAS_LINK_TO
67,1,4019,HAS_LINK_TO
67,1,65,HAS_LINK_TO
67,1,20,HAS_LINK_TO
67,1,59,HAS_LINK_TO
67,1,62,HAS_LINK_TO
67,1,13,HAS_LINK_TO
67,1,50,HAS_LINK_TO
67,1,51,HAS_LINK_TO
67,1,44,HAS_LINK_TO
67,1,70,HAS_LINK_TO
67,1,17,HAS_LINK_TO
67,1,27,HAS_LINK_TO
67,1,31,HAS_LINK_TO
67,1,4375,HAS_LINK_TO
67,1,32,HAS_LINK_TO
67,1,36,HAS_LINK_TO
67,1,10,HAS_LINK_TO
67,1,61,HAS_LINK_TO
67,1,29,HAS_LINK_TO
67,1,74,HAS_LINK_TO
67,1,6,HAS_LINK_TO
67,1,71,HAS_LINK_TO
67,1,871,HAS_LINK_TO
67,1,49,HAS_LINK_TO
67,1,30,HAS_LINK_TO
67,1,40,HAS_LINK_TO
67,1,53,HAS_LINK_TO
67,1,78,HAS_LINK_TO
67,1,5,HAS_LINK_TO
67,1,76,HAS_LINK_TO
67,1,43,HAS_LINK_TO
67,1,3499,HAS_LINK_TO
67,1,79,HAS_LINK_TO
67,1,8,HAS_LINK_TO
67,1,4062,HAS_LINK_TO
67,1,26,HAS_LINK_TO
67,1,46,HAS_LINK_TO
67,1,63,HAS_LINK_TO
67,1,21,HAS_LINK_TO
67,1,41,HAS_LINK_TO
67,1,9,HAS_LINK_TO
67,1,38,HAS_LINK_TO
67,1,2575,HAS_LINK_TO
67,1,12,HAS_LINK_TO
67,1,4,HAS_LINK_TO
67,1,2576,HAS_LINK_TO
67,1,947,HAS_LINK_TO
67,1,60,HAS_LINK_TO
67,1,52,HAS_LINK_TO
67,1,18,HAS_LINK_TO
67,1,15,HAS_LINK_TO
67,1,1322,HAS_LINK_TO
67,1,69,HAS_LINK_TO
67,1,56,HAS_LINK_TO
67,1,24,HAS_LINK_TO
67,1,68,HAS_LINK_TO
67,1,48,HAS_LINK_TO
67,1,54,HAS_LINK_TO
67,1,22,HAS_LINK_TO
67,1,73,HAS_LINK_TO
67,1,23,HAS_LINK_TO
67,1,14,HAS_LINK_TO
67,1,3,HAS_LINK_TO
67,1,39,HAS_LINK_TO
67,1,75,HAS_LINK_TO
67,1,45,HAS_LINK_TO
67,1,2,HAS_LINK_TO
67,1,25,HAS_LINK_TO
67,1,35,HAS_LINK_TO
67,1,16,HAS_LINK_TO
67,1,11,HAS_LINK_TO
67,1,869,HAS_LINK_TO
67,1,57,HAS_LINK_TO
67,1,2661,HAS_LINK_TO
67,1,7,HAS_LINK_TO
67,1,37,HAS_LINK_TO
67,1,2387,HAS_LINK_TO
67,1,72,HAS_LINK_TO
67,1,34,HAS_LINK_TO
67,1,42,HAS_LINK_TO
67,1,64,HAS_LINK_TO
67,1,66,HAS_LINK_TO
67,1,47,HAS_LINK_TO
68,1,55,HAS_LINK_TO
68,1,1,HAS_LINK_TO
68,1,33,HAS_LINK_TO
68,1,28,HAS_LINK_TO
68,1,58,HAS_LINK_TO
68,1,77,HAS_LINK_TO
68,1,19,HAS_LINK_TO
68,1,4019,HAS_LINK_TO
68,1,65,HAS_LINK_TO
68,1,20,HAS_LINK_TO
68,1,59,HAS_LINK_TO
68,1,62,HAS_LINK_TO
68,1,13,HAS_LINK_TO
68,1,50,HAS_LINK_TO
68,1,51,HAS_LINK_TO
68,1,44,HAS_LINK_TO
68,1,70,HAS_LINK_TO
68,1,17,HAS_LINK_TO
68,1,27,HAS_LINK_TO
68,1,31,HAS_LINK_TO
68,1,67,HAS_LINK_TO
68,1,4375,HAS_LINK_TO
68,1,32,HAS_LINK_TO
68,1,36,HAS_LINK_TO
68,1,10,HAS_LINK_TO
68,1,61,HAS_LINK_TO
68,1,29,HAS_LINK_TO
68,1,74,HAS_LINK_TO
68,1,6,HAS_LINK_TO
68,1,71,HAS_LINK_TO
68,1,871,HAS_LINK_TO
68,1,49,HAS_LINK_TO
68,1,30,HAS_LINK_TO
68,1,40,HAS_LINK_TO
68,1,53,HAS_LINK_TO
68,1,78,HAS_LINK_TO
68,1,5,HAS_LINK_TO
68,1,76,HAS_LINK_TO
68,1,43,HAS_LINK_TO
68,1,79,HAS_LINK_TO
68,1,8,HAS_LINK_TO
68,1,4062,HAS_LINK_TO
68,1,26,HAS_LINK_TO
68,1,46,HAS_LINK_TO
68,1,63,HAS_LINK_TO
68,1,21,HAS_LINK_TO
68,1,41,HAS_LINK_TO
68,1,9,HAS_LINK_TO
68,1,38,HAS_LINK_TO
68,1,2575,HAS_LINK_TO
68,1,12,HAS_LINK_TO
68,1,4,HAS_LINK_TO
68,1,2576,HAS_LINK_TO
68,1,60,HAS_LINK_TO
68,1,52,HAS_LINK_TO
68,1,18,HAS_LINK_TO
68,1,15,HAS_LINK_TO
68,1,69,HAS_LINK_TO
68,1,56,HAS_LINK_TO
68,1,24,HAS_LINK_TO
68,1,48,HAS_LINK_TO
68,1,54,HAS_LINK_TO
68,1,22,HAS_LINK_TO
68,1,73,HAS_LINK_TO
68,1,23,HAS_LINK_TO
68,1,14,HAS_LINK_TO
68,1,3,HAS_LINK_TO
68,1,39,HAS_LINK_TO
68,1,75,HAS_LINK_TO
68,1,45,HAS_LINK_TO
68,1,2,HAS_LINK_TO
68,1,25,HAS_LINK_TO
68,1,35,HAS_LINK_TO
68,1,16,HAS_LINK_TO
68,1,11,HAS_LINK_TO
68,1,869,HAS_LINK_TO
68,1,57,HAS_LINK_TO
68,1,7,HAS_LINK_TO
68,1,37,HAS_LINK_TO
68,1,72,HAS_LINK_TO
68,1,34,HAS_LINK_TO
68,1,42,HAS_LINK_TO
68,1,64,HAS_LINK_TO
68,1,66,HAS_LINK_TO
68,1,47,HAS_LINK_TO
69,1,4058,HAS_LINK_TO
69,1,2124,HAS_LINK_TO
69,1,1510,HAS_LINK_TO
69,1,2617,HAS_LINK_TO
69,1,1561,HAS_LINK_TO
69,1,2828,HAS_LINK_TO
69,1,3633,HAS_LINK_TO
69,1,3120,HAS_LINK_TO
69,1,2555,HAS_LINK_TO
69,1,1987,HAS_LINK_TO
69,1,253,HAS_LINK_TO
69,1,3862,HAS_LINK_TO
69,1,4480,HAS_LINK_TO
69,1,55,HAS_LINK_TO
69,1,4251,HAS_LINK_TO
69,1,1878,HAS_LINK_TO
69,1,2773,HAS_LINK_TO
69,1,3736,HAS_LINK_TO
69,1,779,HAS_LINK_TO
69,1,2135,HAS_LINK_TO
69,1,1,HAS_LINK_TO
69,1,2921,HAS_LINK_TO
69,1,33,HAS_LINK_TO
69,1,198,HAS_LINK_TO
69,1,827,HAS_LINK_TO
69,1,3172,HAS_LINK_TO
69,1,1869,HAS_LINK_TO
69,1,2041,HAS_LINK_TO
69,1,481,HAS_LINK_TO
69,1,3185,HAS_LINK_TO
69,1,2700,HAS_LINK_TO
69,1,3908,HAS_LINK_TO
69,1,65,HAS_LINK_TO
69,1,20,HAS_LINK_TO
69,1,62,HAS_LINK_TO
69,1,1569,HAS_LINK_TO
69,1,1975,HAS_LINK_TO
69,1,50,HAS_LINK_TO
69,1,388,HAS_LINK_TO
69,1,2912,HAS_LINK_TO
69,1,1101,HAS_LINK_TO
69,1,835,HAS_LINK_TO
69,1,986,HAS_LINK_TO
69,1,494,HAS_LINK_TO
69,1,4176,HAS_LINK_TO
69,1,2899,HAS_LINK_TO
69,1,1557,HAS_LINK_TO
69,1,187,HAS_LINK_TO
69,1,933,HAS_LINK_TO
69,1,4414,HAS_LINK_TO
69,1,846,HAS_LINK_TO
69,1,3864,HAS_LINK_TO
69,1,742,HAS_LINK_TO
69,1,1265,HAS_LINK_TO
69,1,3508,HAS_LINK_TO
69,1,2515,HAS_LINK_TO
69,1,301,HAS_LINK_TO
69,1,17,HAS_LINK_TO
69,1,31,HAS_LINK_TO
69,1,1867,HAS_LINK_TO
69,1,2983,HAS_LINK_TO
69,1,4437,HAS_LINK_TO
69,1,3568,HAS_LINK_TO
69,1,487,HAS_LINK_TO
69,1,67,HAS_LINK_TO
69,1,3750,HAS_LINK_TO
69,1,4183,HAS_LINK_TO
69,1,1147,HAS_LINK_TO
69,1,602,HAS_LINK_TO
69,1,2282,HAS_LINK_TO
69,1,4375,HAS_LINK_TO
69,1,1453,HAS_LINK_TO
69,1,1376,HAS_LINK_TO
69,1,2851,HAS_LINK_TO
69,1,657,HAS_LINK_TO
69,1,3525,HAS_LINK_TO
69,1,29,HAS_LINK_TO
69,1,2390,HAS_LINK_TO
69,1,2705,HAS_LINK_TO
69,1,2756,HAS_LINK_TO
69,1,1286,HAS_LINK_TO
69,1,3451,HAS_LINK_TO
69,1,277,HAS_LINK_TO
69,1,1114,HAS_LINK_TO
69,1,1391,HAS_LINK_TO
69,1,2905,HAS_LINK_TO
69,1,1879,HAS_LINK_TO
69,1,30,HAS_LINK_TO
69,1,40,HAS_LINK_TO
69,1,4553,HAS_LINK_TO
69,1,4216,HAS_LINK_TO
69,1,3922,HAS_LINK_TO
69,1,171,HAS_LINK_TO
69,1,5,HAS_LINK_TO
69,1,2709,HAS_LINK_TO
69,1,189,HAS_LINK_TO
69,1,76,HAS_LINK_TO
69,1,1213,HAS_LINK_TO
69,1,122,HAS_LINK_TO
69,1,2083,HAS_LINK_TO
69,1,1962,HAS_LINK_TO
69,1,567,HAS_LINK_TO
69,1,3921,HAS_LINK_TO
69,1,4217,HAS_LINK_TO
69,1,768,HAS_LINK_TO
69,1,4614,HAS_LINK_TO
69,1,821,HAS_LINK_TO
69,1,1457,HAS_LINK_TO
69,1,4062,HAS_LINK_TO
69,1,2877,HAS_LINK_TO
69,1,3949,HAS_LINK_TO
69,1,706,HAS_LINK_TO
69,1,1925,HAS_LINK_TO
69,1,4514,HAS_LINK_TO
69,1,2922,HAS_LINK_TO
69,1,628,HAS_LINK_TO
69,1,41,HAS_LINK_TO
69,1,3460,HAS_LINK_TO
69,1,2961,HAS_LINK_TO
69,1,304,HAS_LINK_TO
69,1,38,HAS_LINK_TO
69,1,4226,HAS_LINK_TO
69,1,3563,HAS_LINK_TO
69,1,2193,HAS_LINK_TO
69,1,2576,HAS_LINK_TO
69,1,771,HAS_LINK_TO
69,1,3606,HAS_LINK_TO
69,1,2833,HAS_LINK_TO
69,1,1311,HAS_LINK_TO
69,1,219,HAS_LINK_TO
69,1,47,HAS_LINK_TO
69,1,1621,HAS_LINK_TO
69,1,2898,HAS_LINK_TO
69,1,1028,HAS_LINK_TO
69,1,351,HAS_LINK_TO
69,1,2631,HAS_LINK_TO
69,1,3759,HAS_LINK_TO
69,1,2021,HAS_LINK_TO
69,1,3963,HAS_LINK_TO
69,1,4441,HAS_LINK_TO
69,1,1240,HAS_LINK_TO
69,1,15,HAS_LINK_TO
69,1,3187,HAS_LINK_TO
69,1,4106,HAS_LINK_TO
69,1,2845,HAS_LINK_TO
69,1,207,HAS_LINK_TO
69,1,123,HAS_LINK_TO
69,1,4139,HAS_LINK_TO
69,1,293,HAS_LINK_TO
69,1,3791,HAS_LINK_TO
69,1,1166,HAS_LINK_TO
69,1,1401,HAS_LINK_TO
69,1,3871,HAS_LINK_TO
69,1,2389,HAS_LINK_TO
69,1,408,HAS_LINK_TO
69,1,4056,HAS_LINK_TO
69,1,4482,HAS_LINK_TO
69,1,546,HAS_LINK_TO
69,1,4092,HAS_LINK_TO
69,1,2374,HAS_LINK_TO
69,1,2977,HAS_LINK_TO
69,1,54,HAS_LINK_TO
69,1,1181,HAS_LINK_TO
69,1,4580,HAS_LINK_TO
69,1,3965,HAS_LINK_TO
69,1,2693,HAS_LINK_TO
69,1,1465,HAS_LINK_TO
69,1,1687,HAS_LINK_TO
69,1,3026,HAS_LINK_TO
69,1,1008,HAS_LINK_TO
69,1,2879,HAS_LINK_TO
69,1,2264,HAS_LINK_TO
69,1,1637,HAS_LINK_TO
69,1,823,HAS_LINK_TO
69,1,3695,HAS_LINK_TO
69,1,2035,HAS_LINK_TO
69,1,1883,HAS_LINK_TO
69,1,540,HAS_LINK_TO
69,1,3578,HAS_LINK_TO
69,1,199,HAS_LINK_TO
69,1,300,HAS_LINK_TO
69,1,2391,HAS_LINK_TO
69,1,415,HAS_LINK_TO
69,1,2,HAS_LINK_TO
69,1,25,HAS_LINK_TO
69,1,1611,HAS_LINK_TO
69,1,2438,HAS_LINK_TO
69,1,1420,HAS_LINK_TO
69,1,244,HAS_LINK_TO
69,1,295,HAS_LINK_TO
69,1,3154,HAS_LINK_TO
69,1,583,HAS_LINK_TO
69,1,1313,HAS_LINK_TO
69,1,157,HAS_LINK_TO
69,1,7,HAS_LINK_TO
69,1,924,HAS_LINK_TO
69,1,2811,HAS_LINK_TO
69,1,2557,HAS_LINK_TO
69,1,3902,HAS_LINK_TO
69,1,1515,HAS_LINK_TO
69,1,2291,HAS_LINK_TO
69,1,2551,HAS_LINK_TO
69,1,4434,HAS_LINK_TO
69,1,87,HAS_LINK_TO
69,1,3739,HAS_LINK_TO
69,1,1257,HAS_LINK_TO
69,1,343,HAS_LINK_TO
69,1,3181,HAS_LINK_TO
69,1,3594,HAS_LINK_TO
69,1,1596,HAS_LINK_TO
69,1,2387,HAS_LINK_TO
69,1,1468,HAS_LINK_TO
69,1,665,HAS_LINK_TO
69,1,2247,HAS_LINK_TO
69,1,480,HAS_LINK_TO
69,1,4371,HAS_LINK_TO
69,1,1522,HAS_LINK_TO
69,1,2822,HAS_LINK_TO
69,1,3450,HAS_LINK_TO
69,1,887,HAS_LINK_TO
69,1,2613,HAS_LINK_TO
69,1,1427,HAS_LINK_TO
69,1,127,HAS_LINK_TO
69,1,1397,HAS_LINK_TO
69,1,2230,HAS_LINK_TO
69,1,3863,HAS_LINK_TO
69,1,936,HAS_LINK_TO
69,1,558,HAS_LINK_TO
69,1,1131,HAS_LINK_TO
69,1,3652,HAS_LINK_TO
69,1,2634,HAS_LINK_TO
69,1,3396,HAS_LINK_TO
69,1,1565,HAS_LINK_TO
69,1,2868,HAS_LINK_TO
69,1,961,HAS_LINK_TO
69,1,4206,HAS_LINK_TO
69,1,2487,HAS_LINK_TO
69,1,2292,HAS_LINK_TO
69,1,1245,HAS_LINK_TO
69,1,3678,HAS_LINK_TO
69,1,740,HAS_LINK_TO
69,1,4307,HAS_LINK_TO
69,1,2703,HAS_LINK_TO
69,1,1559,HAS_LINK_TO
69,1,1394,HAS_LINK_TO
69,1,4218,HAS_LINK_TO
69,1,3103,HAS_LINK_TO
69,1,28,HAS_LINK_TO
69,1,105,HAS_LINK_TO
69,1,969,HAS_LINK_TO
69,1,2262,HAS_LINK_TO
69,1,4470,HAS_LINK_TO
69,1,3516,HAS_LINK_TO
69,1,2486,HAS_LINK_TO
69,1,19,HAS_LINK_TO
69,1,766,HAS_LINK_TO
69,1,77,HAS_LINK_TO
69,1,4019,HAS_LINK_TO
69,1,1866,HAS_LINK_TO
69,1,138,HAS_LINK_TO
69,1,1059,HAS_LINK_TO
69,1,1280,HAS_LINK_TO
69,1,1459,HAS_LINK_TO
69,1,3841,HAS_LINK_TO
69,1,3550,HAS_LINK_TO
69,1,663,HAS_LINK_TO
69,1,675,HAS_LINK_TO
69,1,3906,HAS_LINK_TO
69,1,3604,HAS_LINK_TO
69,1,1580,HAS_LINK_TO
69,1,3631,HAS_LINK_TO
69,1,291,HAS_LINK_TO
69,1,3590,HAS_LINK_TO
69,1,2853,HAS_LINK_TO
69,1,3658,HAS_LINK_TO
69,1,3885,HAS_LINK_TO
69,1,3877,HAS_LINK_TO
69,1,2415,HAS_LINK_TO
69,1,4484,HAS_LINK_TO
69,1,3158,HAS_LINK_TO
69,1,2311,HAS_LINK_TO
69,1,1364,HAS_LINK_TO
69,1,479,HAS_LINK_TO
69,1,2031,HAS_LINK_TO
69,1,1060,HAS_LINK_TO
69,1,734,HAS_LINK_TO
69,1,36,HAS_LINK_TO
69,1,10,HAS_LINK_TO
69,1,4094,HAS_LINK_TO
69,1,4354,HAS_LINK_TO
69,1,3067,HAS_LINK_TO
69,1,533,HAS_LINK_TO
69,1,74,HAS_LINK_TO
69,1,3200,HAS_LINK_TO
69,1,643,HAS_LINK_TO
69,1,4505,HAS_LINK_TO
69,1,754,HAS_LINK_TO
69,1,2629,HAS_LINK_TO
69,1,871,HAS_LINK_TO
69,1,3886,HAS_LINK_TO
69,1,49,HAS_LINK_TO
69,1,3231,HAS_LINK_TO
69,1,2800,HAS_LINK_TO
69,1,139,HAS_LINK_TO
69,1,2194,HAS_LINK_TO
69,1,1155,HAS_LINK_TO
69,1,2496,HAS_LINK_TO
69,1,1058,HAS_LINK_TO
69,1,119,HAS_LINK_TO
69,1,776,HAS_LINK_TO
69,1,4405,HAS_LINK_TO
69,1,2923,HAS_LINK_TO
69,1,1954,HAS_LINK_TO
69,1,2345,HAS_LINK_TO
69,1,3940,HAS_LINK_TO
69,1,972,HAS_LINK_TO
69,1,1940,HAS_LINK_TO
69,1,43,HAS_LINK_TO
69,1,4594,HAS_LINK_TO
69,1,3833,HAS_LINK_TO
69,1,8,HAS_LINK_TO
69,1,2909,HAS_LINK_TO
69,1,3404,HAS_LINK_TO
69,1,46,HAS_LINK_TO
69,1,710,HAS_LINK_TO
69,1,4283,HAS_LINK_TO
69,1,183,HAS_LINK_TO
69,1,3950,HAS_LINK_TO
69,1,143,HAS_LINK_TO
69,1,2151,HAS_LINK_TO
69,1,1004,HAS_LINK_TO
69,1,4304,HAS_LINK_TO
69,1,2643,HAS_LINK_TO
69,1,1945,HAS_LINK_TO
69,1,2178,HAS_LINK_TO
69,1,1570,HAS_LINK_TO
69,1,2012,HAS_LINK_TO
69,1,3501,HAS_LINK_TO
69,1,3577,HAS_LINK_TO
69,1,2364,HAS_LINK_TO
69,1,4262,HAS_LINK_TO
69,1,1965,HAS_LINK_TO
69,1,158,HAS_LINK_TO
69,1,3842,HAS_LINK_TO
69,1,4,HAS_LINK_TO
69,1,2509,HAS_LINK_TO
69,1,2409,HAS_LINK_TO
69,1,2266,HAS_LINK_TO
69,1,2849,HAS_LINK_TO
69,1,4150,HAS_LINK_TO
69,1,1676,HAS_LINK_TO
69,1,1771,HAS_LINK_TO
69,1,3503,HAS_LINK_TO
69,1,1634,HAS_LINK_TO
69,1,60,HAS_LINK_TO
69,1,1153,HAS_LINK_TO
69,1,939,HAS_LINK_TO
69,1,1919,HAS_LINK_TO
69,1,366,HAS_LINK_TO
69,1,1306,HAS_LINK_TO
69,1,578,HAS_LINK_TO
69,1,3999,HAS_LINK_TO
69,1,3210,HAS_LINK_TO
69,1,56,HAS_LINK_TO
69,1,3712,HAS_LINK_TO
69,1,3208,HAS_LINK_TO
69,1,1783,HAS_LINK_TO
69,1,2516,HAS_LINK_TO
69,1,24,HAS_LINK_TO
69,1,2053,HAS_LINK_TO
69,1,519,HAS_LINK_TO
69,1,358,HAS_LINK_TO
69,1,839,HAS_LINK_TO
69,1,971,HAS_LINK_TO
69,1,1075,HAS_LINK_TO
69,1,3967,HAS_LINK_TO
69,1,447,HAS_LINK_TO
69,1,4055,HAS_LINK_TO
69,1,3062,HAS_LINK_TO
69,1,3,HAS_LINK_TO
69,1,14,HAS_LINK_TO
69,1,23,HAS_LINK_TO
69,1,4641,HAS_LINK_TO
69,1,1104,HAS_LINK_TO
69,1,3765,HAS_LINK_TO
69,1,3626,HAS_LINK_TO
69,1,955,HAS_LINK_TO
69,1,4646,HAS_LINK_TO
69,1,180,HAS_LINK_TO
69,1,222,HAS_LINK_TO
69,1,4466,HAS_LINK_TO
69,1,3597,HAS_LINK_TO
69,1,2066,HAS_LINK_TO
69,1,3735,HAS_LINK_TO
69,1,682,HAS_LINK_TO
69,1,3832,HAS_LINK_TO
69,1,128,HAS_LINK_TO
69,1,564,HAS_LINK_TO
69,1,3569,HAS_LINK_TO
69,1,2966,HAS_LINK_TO
69,1,16,HAS_LINK_TO
69,1,970,HAS_LINK_TO
69,1,1622,HAS_LINK_TO
69,1,3847,HAS_LINK_TO
69,1,2147,HAS_LINK_TO
69,1,3180,HAS_LINK_TO
69,1,182,HAS_LINK_TO
69,1,2417,HAS_LINK_TO
69,1,3628,HAS_LINK_TO
69,1,4249,HAS_LINK_TO
69,1,1318,HAS_LINK_TO
69,1,1239,HAS_LINK_TO
69,1,1787,HAS_LINK_TO
69,1,715,HAS_LINK_TO
69,1,764,HAS_LINK_TO
69,1,2546,HAS_LINK_TO
69,1,2372,HAS_LINK_TO
69,1,1443,HAS_LINK_TO
69,1,926,HAS_LINK_TO
69,1,1516,HAS_LINK_TO
69,1,3038,HAS_LINK_TO
69,1,3091,HAS_LINK_TO
69,1,3909,HAS_LINK_TO
69,1,4471,HAS_LINK_TO
69,1,4493,HAS_LINK_TO
69,1,1776,HAS_LINK_TO
69,1,1908,HAS_LINK_TO
69,1,34,HAS_LINK_TO
69,1,140,HAS_LINK_TO
69,1,2463,HAS_LINK_TO
69,1,2088,HAS_LINK_TO
69,1,2826,HAS_LINK_TO
69,1,1145,HAS_LINK_TO
69,1,3834,HAS_LINK_TO
69,1,4461,HAS_LINK_TO
69,1,1898,HAS_LINK_TO
69,1,42,HAS_LINK_TO
69,1,64,HAS_LINK_TO
69,1,2350,HAS_LINK_TO
69,1,463,HAS_LINK_TO
69,1,4613,HAS_LINK_TO
69,1,2316,HAS_LINK_TO
69,1,3875,HAS_LINK_TO
69,1,235,HAS_LINK_TO
69,1,588,HAS_LINK_TO
69,1,3609,HAS_LINK_TO
69,1,697,HAS_LINK_TO
69,1,2930,HAS_LINK_TO
69,1,314,HAS_LINK_TO
69,1,423,HAS_LINK_TO
69,1,1090,HAS_LINK_TO
69,1,3117,HAS_LINK_TO
69,1,177,HAS_LINK_TO
69,1,1585,HAS_LINK_TO
69,1,186,HAS_LINK_TO
69,1,2945,HAS_LINK_TO
69,1,237,HAS_LINK_TO
69,1,520,HAS_LINK_TO
69,1,193,HAS_LINK_TO
69,1,1087,HAS_LINK_TO
69,1,3943,HAS_LINK_TO
69,1,3090,HAS_LINK_TO
69,1,2622,HAS_LINK_TO
69,1,1989,HAS_LINK_TO
69,1,1964,HAS_LINK_TO
69,1,292,HAS_LINK_TO
69,1,2606,HAS_LINK_TO
69,1,580,HAS_LINK_TO
69,1,2688,HAS_LINK_TO
69,1,2227,HAS_LINK_TO
69,1,2406,HAS_LINK_TO
69,1,2959,HAS_LINK_TO
69,1,3443,HAS_LINK_TO
69,1,1031,HAS_LINK_TO
69,1,51,HAS_LINK_TO
69,1,3094,HAS_LINK_TO
69,1,2159,HAS_LINK_TO
69,1,1991,HAS_LINK_TO
69,1,684,HAS_LINK_TO
69,1,1392,HAS_LINK_TO
69,1,3089,HAS_LINK_TO
69,1,1514,HAS_LINK_TO
69,1,70,HAS_LINK_TO
69,1,1030,HAS_LINK_TO
69,1,2814,HAS_LINK_TO
69,1,27,HAS_LINK_TO
69,1,2175,HAS_LINK_TO
69,1,563,HAS_LINK_TO
69,1,1422,HAS_LINK_TO
69,1,3439,HAS_LINK_TO
69,1,2594,HAS_LINK_TO
69,1,896,HAS_LINK_TO
69,1,4564,HAS_LINK_TO
69,1,2815,HAS_LINK_TO
69,1,2228,HAS_LINK_TO
69,1,32,HAS_LINK_TO
69,1,469,HAS_LINK_TO
69,1,2499,HAS_LINK_TO
69,1,2630,HAS_LINK_TO
69,1,61,HAS_LINK_TO
69,1,4228,HAS_LINK_TO
69,1,2564,HAS_LINK_TO
69,1,4279,HAS_LINK_TO
69,1,1103,HAS_LINK_TO
69,1,1663,HAS_LINK_TO
69,1,560,HAS_LINK_TO
69,1,108,HAS_LINK_TO
69,1,4121,HAS_LINK_TO
69,1,1881,HAS_LINK_TO
69,1,71,HAS_LINK_TO
69,1,1236,HAS_LINK_TO
69,1,2054,HAS_LINK_TO
69,1,53,HAS_LINK_TO
69,1,3890,HAS_LINK_TO
69,1,956,HAS_LINK_TO
69,1,3412,HAS_LINK_TO
69,1,2672,HAS_LINK_TO
69,1,179,HAS_LINK_TO
69,1,3895,HAS_LINK_TO
69,1,4359,HAS_LINK_TO
69,1,78,HAS_LINK_TO
69,1,1918,HAS_LINK_TO
69,1,3163,HAS_LINK_TO
69,1,2395,HAS_LINK_TO
69,1,2872,HAS_LINK_TO
69,1,3697,HAS_LINK_TO
69,1,1062,HAS_LINK_TO
69,1,79,HAS_LINK_TO
69,1,4263,HAS_LINK_TO
69,1,4311,HAS_LINK_TO
69,1,670,HAS_LINK_TO
69,1,1553,HAS_LINK_TO
69,1,4137,HAS_LINK_TO
69,1,1230,HAS_LINK_TO
69,1,1568,HAS_LINK_TO
69,1,3939,HAS_LINK_TO
69,1,473,HAS_LINK_TO
69,1,752,HAS_LINK_TO
69,1,299,HAS_LINK_TO
69,1,1855,HAS_LINK_TO
69,1,1951,HAS_LINK_TO
69,1,3138,HAS_LINK_TO
69,1,3189,HAS_LINK_TO
69,1,125,HAS_LINK_TO
69,1,9,HAS_LINK_TO
69,1,2915,HAS_LINK_TO
69,1,4343,HAS_LINK_TO
69,1,2518,HAS_LINK_TO
69,1,511,HAS_LINK_TO
69,1,3831,HAS_LINK_TO
69,1,448,HAS_LINK_TO
69,1,1835,HAS_LINK_TO
69,1,947,HAS_LINK_TO
69,1,1864,HAS_LINK_TO
69,1,2144,HAS_LINK_TO
69,1,3995,HAS_LINK_TO
69,1,4051,HAS_LINK_TO
69,1,2139,HAS_LINK_TO
69,1,3589,HAS_LINK_TO
69,1,126,HAS_LINK_TO
69,1,3854,HAS_LINK_TO
69,1,1928,HAS_LINK_TO
69,1,178,HAS_LINK_TO
69,1,2752,HAS_LINK_TO
69,1,2790,HAS_LINK_TO
69,1,445,HAS_LINK_TO
69,1,2137,HAS_LINK_TO
69,1,48,HAS_LINK_TO
69,1,2802,HAS_LINK_TO
69,1,311,HAS_LINK_TO
69,1,112,HAS_LINK_TO
69,1,2980,HAS_LINK_TO
69,1,661,HAS_LINK_TO
69,1,73,HAS_LINK_TO
69,1,3903,HAS_LINK_TO
69,1,1941,HAS_LINK_TO
69,1,4101,HAS_LINK_TO
69,1,812,HAS_LINK_TO
69,1,2495,HAS_LINK_TO
69,1,1299,HAS_LINK_TO
69,1,4020,HAS_LINK_TO
69,1,1389,HAS_LINK_TO
69,1,566,HAS_LINK_TO
69,1,1610,HAS_LINK_TO
69,1,2170,HAS_LINK_TO
69,1,2399,HAS_LINK_TO
69,1,45,HAS_LINK_TO
69,1,1884,HAS_LINK_TO
69,1,2986,HAS_LINK_TO
69,1,2530,HAS_LINK_TO
69,1,1947,HAS_LINK_TO
69,1,3607,HAS_LINK_TO
69,1,254,HAS_LINK_TO
69,1,587,HAS_LINK_TO
69,1,1285,HAS_LINK_TO
69,1,2407,HAS_LINK_TO
69,1,869,HAS_LINK_TO
69,1,2779,HAS_LINK_TO
69,1,1492,HAS_LINK_TO
69,1,57,HAS_LINK_TO
69,1,2429,HAS_LINK_TO
69,1,3049,HAS_LINK_TO
69,1,2252,HAS_LINK_TO
69,1,1726,HAS_LINK_TO
69,1,2176,HAS_LINK_TO
69,1,4210,HAS_LINK_TO
69,1,1393,HAS_LINK_TO
69,1,2089,HAS_LINK_TO
69,1,116,HAS_LINK_TO
69,1,1099,HAS_LINK_TO
69,1,2550,HAS_LINK_TO
69,1,1266,HAS_LINK_TO
69,1,831,HAS_LINK_TO
69,1,4547,HAS_LINK_TO
69,1,1249,HAS_LINK_TO
69,1,2981,HAS_LINK_TO
69,1,2013,HAS_LINK_TO
69,1,2289,HAS_LINK_TO
69,1,3746,HAS_LINK_TO
69,1,2500,HAS_LINK_TO
69,1,4289,HAS_LINK_TO
69,1,3395,HAS_LINK_TO
69,1,2767,HAS_LINK_TO
69,1,1490,HAS_LINK_TO
69,1,4322,HAS_LINK_TO
69,1,1781,HAS_LINK_TO
69,1,1122,HAS_LINK_TO
69,1,1098,HAS_LINK_TO
69,1,192,HAS_LINK_TO
69,1,315,HAS_LINK_TO
69,1,319,HAS_LINK_TO
69,1,1454,HAS_LINK_TO
69,1,4231,HAS_LINK_TO
69,1,3151,HAS_LINK_TO
69,1,66,HAS_LINK_TO
69,1,296,HAS_LINK_TO
69,1,2768,HAS_LINK_TO
69,1,1209,HAS_LINK_TO
69,1,2064,HAS_LINK_TO
69,1,484,HAS_LINK_TO
69,1,4119,HAS_LINK_TO
69,1,3230,HAS_LINK_TO
69,1,2424,HAS_LINK_TO
69,1,3531,HAS_LINK_TO
69,1,303,HAS_LINK_TO
69,1,3764,HAS_LINK_TO
69,1,297,HAS_LINK_TO
69,1,2669,HAS_LINK_TO
69,1,1162,HAS_LINK_TO
69,1,3918,HAS_LINK_TO
69,1,795,HAS_LINK_TO
69,1,714,HAS_LINK_TO
69,1,2901,HAS_LINK_TO
69,1,470,HAS_LINK_TO
69,1,378,HAS_LINK_TO
69,1,3860,HAS_LINK_TO
69,1,58,HAS_LINK_TO
69,1,3417,HAS_LINK_TO
69,1,1353,HAS_LINK_TO
69,1,1942,HAS_LINK_TO
69,1,1233,HAS_LINK_TO
69,1,4615,HAS_LINK_TO
69,1,153,HAS_LINK_TO
69,1,736,HAS_LINK_TO
69,1,59,HAS_LINK_TO
69,1,4252,HAS_LINK_TO
69,1,2044,HAS_LINK_TO
69,1,13,HAS_LINK_TO
69,1,1434,HAS_LINK_TO
69,1,4458,HAS_LINK_TO
69,1,1982,HAS_LINK_TO
69,1,2527,HAS_LINK_TO
69,1,3978,HAS_LINK_TO
69,1,3611,HAS_LINK_TO
69,1,365,HAS_LINK_TO
69,1,4490,HAS_LINK_TO
69,1,124,HAS_LINK_TO
69,1,258,HAS_LINK_TO
69,1,44,HAS_LINK_TO
69,1,703,HAS_LINK_TO
69,1,4494,HAS_LINK_TO
69,1,1231,HAS_LINK_TO
69,1,2366,HAS_LINK_TO
69,1,1865,HAS_LINK_TO
69,1,3464,HAS_LINK_TO
69,1,86,HAS_LINK_TO
69,1,3452,HAS_LINK_TO
69,1,4317,HAS_LINK_TO
69,1,1113,HAS_LINK_TO
69,1,3851,HAS_LINK_TO
69,1,4297,HAS_LINK_TO
69,1,1088,HAS_LINK_TO
69,1,2507,HAS_LINK_TO
69,1,931,HAS_LINK_TO
69,1,1038,HAS_LINK_TO
69,1,1958,HAS_LINK_TO
69,1,2367,HAS_LINK_TO
69,1,1674,HAS_LINK_TO
69,1,1863,HAS_LINK_TO
69,1,2218,HAS_LINK_TO
69,1,4574,HAS_LINK_TO
69,1,4107,HAS_LINK_TO
69,1,4396,HAS_LINK_TO
69,1,3538,HAS_LINK_TO
69,1,4100,HAS_LINK_TO
69,1,1530,HAS_LINK_TO
69,1,4221,HAS_LINK_TO
69,1,6,HAS_LINK_TO
69,1,2698,HAS_LINK_TO
69,1,368,HAS_LINK_TO
69,1,2195,HAS_LINK_TO
69,1,172,HAS_LINK_TO
69,1,1462,HAS_LINK_TO
69,1,3826,HAS_LINK_TO
69,1,3470,HAS_LINK_TO
69,1,175,HAS_LINK_TO
69,1,2283,HAS_LINK_TO
69,1,2384,HAS_LINK_TO
69,1,3432,HAS_LINK_TO
69,1,1471,HAS_LINK_TO
69,1,1310,HAS_LINK_TO
69,1,249,HAS_LINK_TO
69,1,4416,HAS_LINK_TO
69,1,2122,HAS_LINK_TO
69,1,3407,HAS_LINK_TO
69,1,2763,HAS_LINK_TO
69,1,4335,HAS_LINK_TO
69,1,356,HAS_LINK_TO
69,1,4157,HAS_LINK_TO
69,1,26,HAS_LINK_TO
69,1,4220,HAS_LINK_TO
69,1,3608,HAS_LINK_TO
69,1,1089,HAS_LINK_TO
69,1,1858,HAS_LINK_TO
69,1,3964,HAS_LINK_TO
69,1,4572,HAS_LINK_TO
69,1,21,HAS_LINK_TO
69,1,3824,HAS_LINK_TO
69,1,2667,HAS_LINK_TO
69,1,2575,HAS_LINK_TO
69,1,2449,HAS_LINK_TO
69,1,2876,HAS_LINK_TO
69,1,12,HAS_LINK_TO
69,1,3680,HAS_LINK_TO
69,1,2065,HAS_LINK_TO
69,1,444,HAS_LINK_TO
69,1,1178,HAS_LINK_TO
69,1,937,HAS_LINK_TO
69,1,401,HAS_LINK_TO
69,1,2710,HAS_LINK_TO
69,1,3088,HAS_LINK_TO
69,1,833,HAS_LINK_TO
69,1,4277,HAS_LINK_TO
69,1,1180,HAS_LINK_TO
69,1,52,HAS_LINK_TO
69,1,4052,HAS_LINK_TO
69,1,3657,HAS_LINK_TO
69,1,18,HAS_LINK_TO
69,1,4521,HAS_LINK_TO
69,1,115,HAS_LINK_TO
69,1,2798,HAS_LINK_TO
69,1,3583,HAS_LINK_TO
69,1,278,HAS_LINK_TO
69,1,1295,HAS_LINK_TO
69,1,4125,HAS_LINK_TO
69,1,1633,HAS_LINK_TO
69,1,129,HAS_LINK_TO
69,1,188,HAS_LINK_TO
69,1,3402,HAS_LINK_TO
69,1,1500,HAS_LINK_TO
69,1,3952,HAS_LINK_TO
69,1,1511,HAS_LINK_TO
69,1,2789,HAS_LINK_TO
69,1,2978,HAS_LINK_TO
69,1,2030,HAS_LINK_TO
69,1,1566,HAS_LINK_TO
69,1,68,HAS_LINK_TO
69,1,2154,HAS_LINK_TO
69,1,980,HAS_LINK_TO
69,1,2605,HAS_LINK_TO
69,1,3533,HAS_LINK_TO
69,1,4442,HAS_LINK_TO
69,1,1868,HAS_LINK_TO
69,1,1461,HAS_LINK_TO
69,1,3920,HAS_LINK_TO
69,1,233,HAS_LINK_TO
69,1,4540,HAS_LINK_TO
69,1,1057,HAS_LINK_TO
69,1,1739,HAS_LINK_TO
69,1,22,HAS_LINK_TO
69,1,789,HAS_LINK_TO
69,1,3214,HAS_LINK_TO
69,1,4300,HAS_LINK_TO
69,1,2165,HAS_LINK_TO
69,1,3394,HAS_LINK_TO
69,1,3228,HAS_LINK_TO
69,1,3427,HAS_LINK_TO
69,1,3894,HAS_LINK_TO
69,1,3411,HAS_LINK_TO
69,1,1887,HAS_LINK_TO
69,1,2533,HAS_LINK_TO
69,1,39,HAS_LINK_TO
69,1,63,HAS_LINK_TO
69,1,75,HAS_LINK_TO
69,1,259,HAS_LINK_TO
69,1,190,HAS_LINK_TO
69,1,4035,HAS_LINK_TO
69,1,562,HAS_LINK_TO
69,1,605,HAS_LINK_TO
69,1,2055,HAS_LINK_TO
69,1,2728,HAS_LINK_TO
69,1,247,HAS_LINK_TO
69,1,35,HAS_LINK_TO
69,1,4116,HAS_LINK_TO
69,1,11,HAS_LINK_TO
69,1,298,HAS_LINK_TO
69,1,2687,HAS_LINK_TO
69,1,98,HAS_LINK_TO
69,1,2856,HAS_LINK_TO
69,1,1733,HAS_LINK_TO
69,1,2620,HAS_LINK_TO
69,1,814,HAS_LINK_TO
69,1,1981,HAS_LINK_TO
69,1,2363,HAS_LINK_TO
69,1,2152,HAS_LINK_TO
69,1,37,HAS_LINK_TO
69,1,3081,HAS_LINK_TO
69,1,1916,HAS_LINK_TO
69,1,4583,HAS_LINK_TO
69,1,1900,HAS_LINK_TO
69,1,758,HAS_LINK_TO
69,1,1699,HAS_LINK_TO
69,1,3683,HAS_LINK_TO
69,1,702,HAS_LINK_TO
69,1,2893,HAS_LINK_TO
69,1,4223,HAS_LINK_TO
69,1,2681,HAS_LINK_TO
69,1,169,HAS_LINK_TO
69,1,3843,HAS_LINK_TO
69,1,2784,HAS_LINK_TO
69,1,72,HAS_LINK_TO
69,1,761,HAS_LINK_TO
69,1,1946,HAS_LINK_TO
69,1,4515,HAS_LINK_TO
69,1,2478,HAS_LINK_TO
69,1,3571,HAS_LINK_TO
69,1,880,HAS_LINK_TO
69,1,1005,HAS_LINK_TO
69,1,794,HAS_LINK_TO
69,1,976,HAS_LINK_TO
69,1,2305,HAS_LINK_TO
69,1,2388,HAS_LINK_TO
69,1,391,HAS_LINK_TO
69,1,2418,HAS_LINK_TO
70,1,2316,HAS_LINK_TO
70,1,2124,HAS_LINK_TO
70,1,1037,HAS_LINK_TO
70,1,55,HAS_LINK_TO
70,1,1,HAS_LINK_TO
70,1,33,HAS_LINK_TO
70,1,714,HAS_LINK_TO
70,1,28,HAS_LINK_TO
70,1,58,HAS_LINK_TO
70,1,77,HAS_LINK_TO
70,1,19,HAS_LINK_TO
70,1,4019,HAS_LINK_TO
70,1,65,HAS_LINK_TO
70,1,20,HAS_LINK_TO
70,1,2622,HAS_LINK_TO
70,1,59,HAS_LINK_TO
70,1,62,HAS_LINK_TO
70,1,13,HAS_LINK_TO
70,1,50,HAS_LINK_TO
70,1,51,HAS_LINK_TO
70,1,44,HAS_LINK_TO
70,1,2895,HAS_LINK_TO
70,1,4534,HAS_LINK_TO
70,1,17,HAS_LINK_TO
70,1,27,HAS_LINK_TO
70,1,31,HAS_LINK_TO
70,1,67,HAS_LINK_TO
70,1,4375,HAS_LINK_TO
70,1,32,HAS_LINK_TO
70,1,36,HAS_LINK_TO
70,1,10,HAS_LINK_TO
70,1,61,HAS_LINK_TO
70,1,29,HAS_LINK_TO
70,1,74,HAS_LINK_TO
70,1,6,HAS_LINK_TO
70,1,71,HAS_LINK_TO
70,1,871,HAS_LINK_TO
70,1,49,HAS_LINK_TO
70,1,30,HAS_LINK_TO
70,1,40,HAS_LINK_TO
70,1,53,HAS_LINK_TO
70,1,78,HAS_LINK_TO
70,1,5,HAS_LINK_TO
70,1,76,HAS_LINK_TO
70,1,43,HAS_LINK_TO
70,1,3553,HAS_LINK_TO
70,1,79,HAS_LINK_TO
70,1,8,HAS_LINK_TO
70,1,4062,HAS_LINK_TO
70,1,26,HAS_LINK_TO
70,1,996,HAS_LINK_TO
70,1,46,HAS_LINK_TO
70,1,63,HAS_LINK_TO
70,1,21,HAS_LINK_TO
70,1,41,HAS_LINK_TO
70,1,9,HAS_LINK_TO
70,1,38,HAS_LINK_TO
70,1,2575,HAS_LINK_TO
70,1,12,HAS_LINK_TO
70,1,4272,HAS_LINK_TO
70,1,4,HAS_LINK_TO
70,1,1980,HAS_LINK_TO
70,1,2576,HAS_LINK_TO
70,1,2409,HAS_LINK_TO
70,1,2221,HAS_LINK_TO
70,1,60,HAS_LINK_TO
70,1,52,HAS_LINK_TO
70,1,18,HAS_LINK_TO
70,1,15,HAS_LINK_TO
70,1,1322,HAS_LINK_TO
70,1,69,HAS_LINK_TO
70,1,56,HAS_LINK_TO
70,1,2139,HAS_LINK_TO
70,1,24,HAS_LINK_TO
70,1,2970,HAS_LINK_TO
70,1,68,HAS_LINK_TO
70,1,48,HAS_LINK_TO
70,1,54,HAS_LINK_TO
70,1,22,HAS_LINK_TO
70,1,73,HAS_LINK_TO
70,1,23,HAS_LINK_TO
70,1,14,HAS_LINK_TO
70,1,3,HAS_LINK_TO
70,1,39,HAS_LINK_TO
70,1,75,HAS_LINK_TO
70,1,45,HAS_LINK_TO
70,1,2,HAS_LINK_TO
70,1,25,HAS_LINK_TO
70,1,35,HAS_LINK_TO
70,1,16,HAS_LINK_TO
70,1,11,HAS_LINK_TO
70,1,2147,HAS_LINK_TO
70,1,869,HAS_LINK_TO
70,1,57,HAS_LINK_TO
70,1,7,HAS_LINK_TO
70,1,37,HAS_LINK_TO
70,1,4223,HAS_LINK_TO
70,1,4289,HAS_LINK_TO
70,1,72,HAS_LINK_TO
70,1,34,HAS_LINK_TO
70,1,2613,HAS_LINK_TO
70,1,42,HAS_LINK_TO
70,1,64,HAS_LINK_TO
70,1,66,HAS_LINK_TO
70,1,47,HAS_LINK_TO
71,1,1779,HAS_LINK_TO
71,1,55,HAS_LINK_TO
71,1,1,HAS_LINK_TO
71,1,33,HAS_LINK_TO
71,1,28,HAS_LINK_TO
71,1,58,HAS_LINK_TO
71,1,77,HAS_LINK_TO
71,1,19,HAS_LINK_TO
71,1,4019,HAS_LINK_TO
71,1,65,HAS_LINK_TO
71,1,20,HAS_LINK_TO
71,1,59,HAS_LINK_TO
71,1,62,HAS_LINK_TO
71,1,13,HAS_LINK_TO
71,1,50,HAS_LINK_TO
71,1,51,HAS_LINK_TO
71,1,44,HAS_LINK_TO
71,1,3164,HAS_LINK_TO
71,1,70,HAS_LINK_TO
71,1,17,HAS_LINK_TO
71,1,2814,HAS_LINK_TO
71,1,27,HAS_LINK_TO
71,1,31,HAS_LINK_TO
71,1,67,HAS_LINK_TO
71,1,3787,HAS_LINK_TO
71,1,4375,HAS_LINK_TO
71,1,32,HAS_LINK_TO
71,1,36,HAS_LINK_TO
71,1,10,HAS_LINK_TO
71,1,61,HAS_LINK_TO
71,1,29,HAS_LINK_TO
71,1,74,HAS_LINK_TO
71,1,6,HAS_LINK_TO
71,1,871,HAS_LINK_TO
71,1,49,HAS_LINK_TO
71,1,30,HAS_LINK_TO
71,1,40,HAS_LINK_TO
71,1,53,HAS_LINK_TO
71,1,1167,HAS_LINK_TO
71,1,78,HAS_LINK_TO
71,1,5,HAS_LINK_TO
71,1,76,HAS_LINK_TO
71,1,43,HAS_LINK_TO
71,1,79,HAS_LINK_TO
71,1,8,HAS_LINK_TO
71,1,4062,HAS_LINK_TO
71,1,26,HAS_LINK_TO
71,1,46,HAS_LINK_TO
71,1,63,HAS_LINK_TO
71,1,21,HAS_LINK_TO
71,1,1789,HAS_LINK_TO
71,1,41,HAS_LINK_TO
71,1,9,HAS_LINK_TO
71,1,38,HAS_LINK_TO
71,1,2575,HAS_LINK_TO
71,1,12,HAS_LINK_TO
71,1,4,HAS_LINK_TO
71,1,2576,HAS_LINK_TO
71,1,60,HAS_LINK_TO
71,1,52,HAS_LINK_TO
71,1,18,HAS_LINK_TO
71,1,15,HAS_LINK_TO
71,1,69,HAS_LINK_TO
71,1,56,HAS_LINK_TO
71,1,24,HAS_LINK_TO
71,1,68,HAS_LINK_TO
71,1,48,HAS_LINK_TO
71,1,54,HAS_LINK_TO
71,1,22,HAS_LINK_TO
71,1,73,HAS_LINK_TO
71,1,23,HAS_LINK_TO
71,1,14,HAS_LINK_TO
71,1,3,HAS_LINK_TO
71,1,39,HAS_LINK_TO
71,1,75,HAS_LINK_TO
71,1,45,HAS_LINK_TO
71,1,2,HAS_LINK_TO
71,1,564,HAS_LINK_TO
71,1,25,HAS_LINK_TO
71,1,35,HAS_LINK_TO
71,1,16,HAS_LINK_TO
71,1,11,HAS_LINK_TO
71,1,869,HAS_LINK_TO
71,1,57,HAS_LINK_TO
71,1,583,HAS_LINK_TO
71,1,7,HAS_LINK_TO
71,1,37,HAS_LINK_TO
71,1,3181,HAS_LINK_TO
71,1,665,HAS_LINK_TO
71,1,72,HAS_LINK_TO
71,1,34,HAS_LINK_TO
71,1,42,HAS_LINK_TO
71,1,64,HAS_LINK_TO
71,1,66,HAS_LINK_TO
71,1,47,HAS_LINK_TO
72,1,3818,HAS_LINK_TO
72,1,8,HAS_LINK_TO
72,1,3,HAS_LINK_TO
72,1,41,HAS_LINK_TO
72,1,11,HAS_LINK_TO
72,1,2575,HAS_LINK_TO
72,1,56,HAS_LINK_TO
72,1,2292,HAS_LINK_TO
72,1,36,HAS_LINK_TO
72,1,4107,HAS_LINK_TO
72,1,43,HAS_LINK_TO
72,1,10,HAS_LINK_TO
72,1,14,HAS_LINK_TO
72,1,19,HAS_LINK_TO
72,1,1990,HAS_LINK_TO
72,1,18,HAS_LINK_TO
72,1,44,HAS_LINK_TO
72,1,4583,HAS_LINK_TO
72,1,45,HAS_LINK_TO
72,1,17,HAS_LINK_TO
72,1,30,HAS_LINK_TO
72,1,3960,HAS_LINK_TO
72,1,475,HAS_LINK_TO
72,1,79,HAS_LINK_TO
72,1,48,HAS_LINK_TO
72,1,3816,HAS_LINK_TO
72,1,12,HAS_LINK_TO
72,1,74,HAS_LINK_TO
72,1,54,HAS_LINK_TO
72,1,62,HAS_LINK_TO
72,1,300,HAS_LINK_TO
72,1,77,HAS_LINK_TO
72,1,63,HAS_LINK_TO
72,1,871,HAS_LINK_TO
72,1,5,HAS_LINK_TO
72,1,7,HAS_LINK_TO
72,1,68,HAS_LINK_TO
72,1,742,HAS_LINK_TO
72,1,2551,HAS_LINK_TO
72,1,3791,HAS_LINK_TO
72,1,55,HAS_LINK_TO
72,1,6,HAS_LINK_TO
72,1,21,HAS_LINK_TO
72,1,69,HAS_LINK_TO
72,1,15,HAS_LINK_TO
72,1,86,HAS_LINK_TO
72,1,60,HAS_LINK_TO
72,1,22,HAS_LINK_TO
72,1,24,HAS_LINK_TO
72,1,23,HAS_LINK_TO
72,1,4437,HAS_LINK_TO
72,1,25,HAS_LINK_TO
72,1,1951,HAS_LINK_TO
72,1,40,HAS_LINK_TO
72,1,4062,HAS_LINK_TO
72,1,38,HAS_LINK_TO
72,1,67,HAS_LINK_TO
72,1,1839,HAS_LINK_TO
72,1,65,HAS_LINK_TO
72,1,57,HAS_LINK_TO
72,1,789,HAS_LINK_TO
72,1,1176,HAS_LINK_TO
72,1,4289,HAS_LINK_TO
72,1,46,HAS_LINK_TO
72,1,75,HAS_LINK_TO
72,1,3604,HAS_LINK_TO
72,1,2073,HAS_LINK_TO
72,1,16,HAS_LINK_TO
72,1,4470,HAS_LINK_TO
72,1,4442,HAS_LINK_TO
72,1,26,HAS_LINK_TO
72,1,32,HAS_LINK_TO
72,1,1404,HAS_LINK_TO
72,1,50,HAS_LINK_TO
72,1,4256,HAS_LINK_TO
72,1,3085,HAS_LINK_TO
72,1,58,HAS_LINK_TO
72,1,3461,HAS_LINK_TO
72,1,76,HAS_LINK_TO
72,1,4518,HAS_LINK_TO
72,1,869,HAS_LINK_TO
72,1,66,HAS_LINK_TO
72,1,73,HAS_LINK_TO
72,1,558,HAS_LINK_TO
72,1,47,HAS_LINK_TO
72,1,53,HAS_LINK_TO
72,1,3608,HAS_LINK_TO
72,1,34,HAS_LINK_TO
72,1,28,HAS_LINK_TO
72,1,20,HAS_LINK_TO
72,1,351,HAS_LINK_TO
72,1,9,HAS_LINK_TO
72,1,1395,HAS_LINK_TO
72,1,61,HAS_LINK_TO
72,1,1311,HAS_LINK_TO
72,1,4,HAS_LINK_TO
72,1,49,HAS_LINK_TO
72,1,4375,HAS_LINK_TO
72,1,51,HAS_LINK_TO
72,1,1089,HAS_LINK_TO
72,1,35,HAS_LINK_TO
72,1,13,HAS_LINK_TO
72,1,33,HAS_LINK_TO
72,1,357,HAS_LINK_TO
72,1,71,HAS_LINK_TO
72,1,37,HAS_LINK_TO
72,1,52,HAS_LINK_TO
72,1,3777,HAS_LINK_TO
72,1,2,HAS_LINK_TO
72,1,59,HAS_LINK_TO
72,1,1573,HAS_LINK_TO
72,1,42,HAS_LINK_TO
72,1,29,HAS_LINK_TO
72,1,1,HAS_LINK_TO
72,1,39,HAS_LINK_TO
72,1,31,HAS_LINK_TO
72,1,2576,HAS_LINK_TO
72,1,851,HAS_LINK_TO
72,1,64,HAS_LINK_TO
72,1,4019,HAS_LINK_TO
72,1,445,HAS_LINK_TO
72,1,70,HAS_LINK_TO
72,1,2350,HAS_LINK_TO
72,1,27,HAS_LINK_TO
72,1,78,HAS_LINK_TO
73,1,8,HAS_LINK_TO
73,1,3,HAS_LINK_TO
73,1,41,HAS_LINK_TO
73,1,11,HAS_LINK_TO
73,1,2575,HAS_LINK_TO
73,1,56,HAS_LINK_TO
73,1,36,HAS_LINK_TO
73,1,43,HAS_LINK_TO
73,1,4151,HAS_LINK_TO
73,1,10,HAS_LINK_TO
73,1,14,HAS_LINK_TO
73,1,1666,HAS_LINK_TO
73,1,19,HAS_LINK_TO
73,1,18,HAS_LINK_TO
73,1,44,HAS_LINK_TO
73,1,2195,HAS_LINK_TO
73,1,45,HAS_LINK_TO
73,1,17,HAS_LINK_TO
73,1,2609,HAS_LINK_TO
73,1,30,HAS_LINK_TO
73,1,79,HAS_LINK_TO
73,1,74,HAS_LINK_TO
73,1,48,HAS_LINK_TO
73,1,12,HAS_LINK_TO
73,1,54,HAS_LINK_TO
73,1,62,HAS_LINK_TO
73,1,77,HAS_LINK_TO
73,1,63,HAS_LINK_TO
73,1,871,HAS_LINK_TO
73,1,5,HAS_LINK_TO
73,1,7,HAS_LINK_TO
73,1,68,HAS_LINK_TO
73,1,1166,HAS_LINK_TO
73,1,742,HAS_LINK_TO
73,1,2661,HAS_LINK_TO
73,1,55,HAS_LINK_TO
73,1,6,HAS_LINK_TO
73,1,21,HAS_LINK_TO
73,1,69,HAS_LINK_TO
73,1,15,HAS_LINK_TO
73,1,60,HAS_LINK_TO
73,1,72,HAS_LINK_TO
73,1,22,HAS_LINK_TO
73,1,24,HAS_LINK_TO
73,1,23,HAS_LINK_TO
73,1,4437,HAS_LINK_TO
73,1,3609,HAS_LINK_TO
73,1,25,HAS_LINK_TO
73,1,40,HAS_LINK_TO
73,1,4062,HAS_LINK_TO
73,1,38,HAS_LINK_TO
73,1,67,HAS_LINK_TO
73,1,65,HAS_LINK_TO
73,1,57,HAS_LINK_TO
73,1,2728,HAS_LINK_TO
73,1,46,HAS_LINK_TO
73,1,75,HAS_LINK_TO
73,1,3604,HAS_LINK_TO
73,1,16,HAS_LINK_TO
73,1,1864,HAS_LINK_TO
73,1,26,HAS_LINK_TO
73,1,32,HAS_LINK_TO
73,1,50,HAS_LINK_TO
73,1,58,HAS_LINK_TO
73,1,3507,HAS_LINK_TO
73,1,76,HAS_LINK_TO
73,1,869,HAS_LINK_TO
73,1,66,HAS_LINK_TO
73,1,47,HAS_LINK_TO
73,1,53,HAS_LINK_TO
73,1,34,HAS_LINK_TO
73,1,28,HAS_LINK_TO
73,1,20,HAS_LINK_TO
73,1,9,HAS_LINK_TO
73,1,4056,HAS_LINK_TO
73,1,61,HAS_LINK_TO
73,1,4,HAS_LINK_TO
73,1,49,HAS_LINK_TO
73,1,4375,HAS_LINK_TO
73,1,51,HAS_LINK_TO
73,1,35,HAS_LINK_TO
73,1,13,HAS_LINK_TO
73,1,33,HAS_LINK_TO
73,1,71,HAS_LINK_TO
73,1,37,HAS_LINK_TO
73,1,52,HAS_LINK_TO
73,1,2,HAS_LINK_TO
73,1,59,HAS_LINK_TO
73,1,42,HAS_LINK_TO
73,1,29,HAS_LINK_TO
73,1,1,HAS_LINK_TO
73,1,39,HAS_LINK_TO
73,1,31,HAS_LINK_TO
73,1,2576,HAS_LINK_TO
73,1,4405,HAS_LINK_TO
73,1,64,HAS_LINK_TO
73,1,4019,HAS_LINK_TO
73,1,70,HAS_LINK_TO
73,1,27,HAS_LINK_TO
73,1,78,HAS_LINK_TO
74,1,8,HAS_LINK_TO
74,1,4262,HAS_LINK_TO
74,1,3,HAS_LINK_TO
74,1,41,HAS_LINK_TO
74,1,11,HAS_LINK_TO
74,1,2575,HAS_LINK_TO
74,1,56,HAS_LINK_TO
74,1,36,HAS_LINK_TO
74,1,43,HAS_LINK_TO
74,1,10,HAS_LINK_TO
74,1,14,HAS_LINK_TO
74,1,2159,HAS_LINK_TO
74,1,19,HAS_LINK_TO
74,1,18,HAS_LINK_TO
74,1,44,HAS_LINK_TO
74,1,103,HAS_LINK_TO
74,1,45,HAS_LINK_TO
74,1,17,HAS_LINK_TO
74,1,30,HAS_LINK_TO
74,1,79,HAS_LINK_TO
74,1,48,HAS_LINK_TO
74,1,12,HAS_LINK_TO
74,1,2825,HAS_LINK_TO
74,1,54,HAS_LINK_TO
74,1,1865,HAS_LINK_TO
74,1,62,HAS_LINK_TO
74,1,77,HAS_LINK_TO
74,1,63,HAS_LINK_TO
74,1,871,HAS_LINK_TO
74,1,5,HAS_LINK_TO
74,1,7,HAS_LINK_TO
74,1,68,HAS_LINK_TO
74,1,1787,HAS_LINK_TO
74,1,4226,HAS_LINK_TO
74,1,55,HAS_LINK_TO
74,1,6,HAS_LINK_TO
74,1,21,HAS_LINK_TO
74,1,69,HAS_LINK_TO
74,1,15,HAS_LINK_TO
74,1,3597,HAS_LINK_TO
74,1,86,HAS_LINK_TO
74,1,60,HAS_LINK_TO
74,1,72,HAS_LINK_TO
74,1,22,HAS_LINK_TO
74,1,1530,HAS_LINK_TO
74,1,24,HAS_LINK_TO
74,1,23,HAS_LINK_TO
74,1,3609,HAS_LINK_TO
74,1,25,HAS_LINK_TO
74,1,40,HAS_LINK_TO
74,1,4062,HAS_LINK_TO
74,1,38,HAS_LINK_TO
74,1,3680,HAS_LINK_TO
74,1,67,HAS_LINK_TO
74,1,65,HAS_LINK_TO
74,1,1909,HAS_LINK_TO
74,1,1370,HAS_LINK_TO
74,1,57,HAS_LINK_TO
74,1,1140,HAS_LINK_TO
74,1,46,HAS_LINK_TO
74,1,75,HAS_LINK_TO
74,1,3604,HAS_LINK_TO
74,1,2012,HAS_LINK_TO
74,1,1866,HAS_LINK_TO
74,1,16,HAS_LINK_TO
74,1,1789,HAS_LINK_TO
74,1,1864,HAS_LINK_TO
74,1,26,HAS_LINK_TO
74,1,32,HAS_LINK_TO
74,1,4466,HAS_LINK_TO
74,1,50,HAS_LINK_TO
74,1,58,HAS_LINK_TO
74,1,76,HAS_LINK_TO
74,1,869,HAS_LINK_TO
74,1,66,HAS_LINK_TO
74,1,73,HAS_LINK_TO
74,1,4252,HAS_LINK_TO
74,1,47,HAS_LINK_TO
74,1,53,HAS_LINK_TO
74,1,34,HAS_LINK_TO
74,1,2304,HAS_LINK_TO
74,1,20,HAS_LINK_TO
74,1,28,HAS_LINK_TO
74,1,3090,HAS_LINK_TO
74,1,9,HAS_LINK_TO
74,1,61,HAS_LINK_TO
74,1,3636,HAS_LINK_TO
74,1,4,HAS_LINK_TO
74,1,49,HAS_LINK_TO
74,1,4375,HAS_LINK_TO
74,1,1923,HAS_LINK_TO
74,1,51,HAS_LINK_TO
74,1,35,HAS_LINK_TO
74,1,13,HAS_LINK_TO
74,1,33,HAS_LINK_TO
74,1,1322,HAS_LINK_TO
74,1,71,HAS_LINK_TO
74,1,37,HAS_LINK_TO
74,1,52,HAS_LINK_TO
74,1,2,HAS_LINK_TO
74,1,507,HAS_LINK_TO
74,1,59,HAS_LINK_TO
74,1,42,HAS_LINK_TO
74,1,29,HAS_LINK_TO
74,1,1,HAS_LINK_TO
74,1,39,HAS_LINK_TO
74,1,31,HAS_LINK_TO
74,1,2576,HAS_LINK_TO
74,1,64,HAS_LINK_TO
74,1,4019,HAS_LINK_TO
74,1,70,HAS_LINK_TO
74,1,27,HAS_LINK_TO
74,1,78,HAS_LINK_TO
75,1,8,HAS_LINK_TO
75,1,4262,HAS_LINK_TO
75,1,3,HAS_LINK_TO
75,1,41,HAS_LINK_TO
75,1,262,HAS_LINK_TO
75,1,11,HAS_LINK_TO
75,1,2575,HAS_LINK_TO
75,1,56,HAS_LINK_TO
75,1,36,HAS_LINK_TO
75,1,916,HAS_LINK_TO
75,1,4107,HAS_LINK_TO
75,1,43,HAS_LINK_TO
75,1,1101,HAS_LINK_TO
75,1,10,HAS_LINK_TO
75,1,14,HAS_LINK_TO
75,1,884,HAS_LINK_TO
75,1,2836,HAS_LINK_TO
75,1,70,HAS_LINK_TO
75,1,19,HAS_LINK_TO
75,1,254,HAS_LINK_TO
75,1,18,HAS_LINK_TO
75,1,44,HAS_LINK_TO
75,1,3949,HAS_LINK_TO
75,1,1392,HAS_LINK_TO
75,1,2070,HAS_LINK_TO
75,1,45,HAS_LINK_TO
75,1,17,HAS_LINK_TO
75,1,30,HAS_LINK_TO
75,1,79,HAS_LINK_TO
75,1,74,HAS_LINK_TO
75,1,48,HAS_LINK_TO
75,1,1565,HAS_LINK_TO
75,1,12,HAS_LINK_TO
75,1,54,HAS_LINK_TO
75,1,1865,HAS_LINK_TO
75,1,198,HAS_LINK_TO
75,1,62,HAS_LINK_TO
75,1,992,HAS_LINK_TO
75,1,77,HAS_LINK_TO
75,1,63,HAS_LINK_TO
75,1,871,HAS_LINK_TO
75,1,5,HAS_LINK_TO
75,1,7,HAS_LINK_TO
75,1,68,HAS_LINK_TO
75,1,2037,HAS_LINK_TO
75,1,2517,HAS_LINK_TO
75,1,499,HAS_LINK_TO
75,1,742,HAS_LINK_TO
75,1,4274,HAS_LINK_TO
75,1,2661,HAS_LINK_TO
75,1,4323,HAS_LINK_TO
75,1,55,HAS_LINK_TO
75,1,6,HAS_LINK_TO
75,1,21,HAS_LINK_TO
75,1,69,HAS_LINK_TO
75,1,1238,HAS_LINK_TO
75,1,15,HAS_LINK_TO
75,1,3597,HAS_LINK_TO
75,1,60,HAS_LINK_TO
75,1,72,HAS_LINK_TO
75,1,22,HAS_LINK_TO
75,1,4357,HAS_LINK_TO
75,1,583,HAS_LINK_TO
75,1,24,HAS_LINK_TO
75,1,23,HAS_LINK_TO
75,1,1053,HAS_LINK_TO
75,1,1513,HAS_LINK_TO
75,1,3213,HAS_LINK_TO
75,1,25,HAS_LINK_TO
75,1,3116,HAS_LINK_TO
75,1,40,HAS_LINK_TO
75,1,4062,HAS_LINK_TO
75,1,900,HAS_LINK_TO
75,1,1989,HAS_LINK_TO
75,1,905,HAS_LINK_TO
75,1,1742,HAS_LINK_TO
75,1,38,HAS_LINK_TO
75,1,67,HAS_LINK_TO
75,1,65,HAS_LINK_TO
75,1,3154,HAS_LINK_TO
75,1,57,HAS_LINK_TO
75,1,2728,HAS_LINK_TO
75,1,46,HAS_LINK_TO
75,1,1420,HAS_LINK_TO
75,1,3604,HAS_LINK_TO
75,1,1866,HAS_LINK_TO
75,1,1724,HAS_LINK_TO
75,1,16,HAS_LINK_TO
75,1,26,HAS_LINK_TO
75,1,32,HAS_LINK_TO
75,1,3790,HAS_LINK_TO
75,1,50,HAS_LINK_TO
75,1,420,HAS_LINK_TO
75,1,2421,HAS_LINK_TO
75,1,58,HAS_LINK_TO
75,1,76,HAS_LINK_TO
75,1,3507,HAS_LINK_TO
75,1,869,HAS_LINK_TO
75,1,66,HAS_LINK_TO
75,1,73,HAS_LINK_TO
75,1,779,HAS_LINK_TO
75,1,47,HAS_LINK_TO
75,1,53,HAS_LINK_TO
75,1,34,HAS_LINK_TO
75,1,3187,HAS_LINK_TO
75,1,3658,HAS_LINK_TO
75,1,28,HAS_LINK_TO
75,1,20,HAS_LINK_TO
75,1,695,HAS_LINK_TO
75,1,9,HAS_LINK_TO
75,1,996,HAS_LINK_TO
75,1,61,HAS_LINK_TO
75,1,3201,HAS_LINK_TO
75,1,1689,HAS_LINK_TO
75,1,4125,HAS_LINK_TO
75,1,4,HAS_LINK_TO
75,1,704,HAS_LINK_TO
75,1,49,HAS_LINK_TO
75,1,4375,HAS_LINK_TO
75,1,51,HAS_LINK_TO
75,1,35,HAS_LINK_TO
75,1,13,HAS_LINK_TO
75,1,33,HAS_LINK_TO
75,1,3495,HAS_LINK_TO
75,1,71,HAS_LINK_TO
75,1,37,HAS_LINK_TO
75,1,52,HAS_LINK_TO
75,1,2,HAS_LINK_TO
75,1,1447,HAS_LINK_TO
75,1,59,HAS_LINK_TO
75,1,42,HAS_LINK_TO
75,1,29,HAS_LINK_TO
75,1,356,HAS_LINK_TO
75,1,1,HAS_LINK_TO
75,1,39,HAS_LINK_TO
75,1,31,HAS_LINK_TO
75,1,2576,HAS_LINK_TO
75,1,64,HAS_LINK_TO
75,1,4019,HAS_LINK_TO
75,1,2225,HAS_LINK_TO
75,1,408,HAS_LINK_TO
75,1,27,HAS_LINK_TO
75,1,78,HAS_LINK_TO
76,1,8,HAS_LINK_TO
76,1,3,HAS_LINK_TO
76,1,41,HAS_LINK_TO
76,1,3713,HAS_LINK_TO
76,1,11,HAS_LINK_TO
76,1,2575,HAS_LINK_TO
76,1,56,HAS_LINK_TO
76,1,36,HAS_LINK_TO
76,1,43,HAS_LINK_TO
76,1,10,HAS_LINK_TO
76,1,14,HAS_LINK_TO
76,1,70,HAS_LINK_TO
76,1,19,HAS_LINK_TO
76,1,18,HAS_LINK_TO
76,1,44,HAS_LINK_TO
76,1,45,HAS_LINK_TO
76,1,17,HAS_LINK_TO
76,1,30,HAS_LINK_TO
76,1,79,HAS_LINK_TO
76,1,48,HAS_LINK_TO
76,1,74,HAS_LINK_TO
76,1,12,HAS_LINK_TO
76,1,54,HAS_LINK_TO
76,1,62,HAS_LINK_TO
76,1,77,HAS_LINK_TO
76,1,63,HAS_LINK_TO
76,1,871,HAS_LINK_TO
76,1,5,HAS_LINK_TO
76,1,2221,HAS_LINK_TO
76,1,7,HAS_LINK_TO
76,1,68,HAS_LINK_TO
76,1,1787,HAS_LINK_TO
76,1,1085,HAS_LINK_TO
76,1,4274,HAS_LINK_TO
76,1,2617,HAS_LINK_TO
76,1,2661,HAS_LINK_TO
76,1,55,HAS_LINK_TO
76,1,6,HAS_LINK_TO
76,1,21,HAS_LINK_TO
76,1,69,HAS_LINK_TO
76,1,15,HAS_LINK_TO
76,1,60,HAS_LINK_TO
76,1,72,HAS_LINK_TO
76,1,22,HAS_LINK_TO
76,1,24,HAS_LINK_TO
76,1,23,HAS_LINK_TO
76,1,25,HAS_LINK_TO
76,1,40,HAS_LINK_TO
76,1,4062,HAS_LINK_TO
76,1,38,HAS_LINK_TO
76,1,67,HAS_LINK_TO
76,1,65,HAS_LINK_TO
76,1,57,HAS_LINK_TO
76,1,46,HAS_LINK_TO
76,1,75,HAS_LINK_TO
76,1,16,HAS_LINK_TO
76,1,26,HAS_LINK_TO
76,1,32,HAS_LINK_TO
76,1,50,HAS_LINK_TO
76,1,58,HAS_LINK_TO
76,1,869,HAS_LINK_TO
76,1,3712,HAS_LINK_TO
76,1,66,HAS_LINK_TO
76,1,73,HAS_LINK_TO
76,1,47,HAS_LINK_TO
76,1,53,HAS_LINK_TO
76,1,34,HAS_LINK_TO
76,1,3187,HAS_LINK_TO
76,1,28,HAS_LINK_TO
76,1,20,HAS_LINK_TO
76,1,9,HAS_LINK_TO
76,1,61,HAS_LINK_TO
76,1,4,HAS_LINK_TO
76,1,49,HAS_LINK_TO
76,1,4375,HAS_LINK_TO
76,1,51,HAS_LINK_TO
76,1,35,HAS_LINK_TO
76,1,13,HAS_LINK_TO
76,1,3464,HAS_LINK_TO
76,1,33,HAS_LINK_TO
76,1,71,HAS_LINK_TO
76,1,37,HAS_LINK_TO
76,1,52,HAS_LINK_TO
76,1,2,HAS_LINK_TO
76,1,2399,HAS_LINK_TO
76,1,59,HAS_LINK_TO
76,1,42,HAS_LINK_TO
76,1,29,HAS_LINK_TO
76,1,2178,HAS_LINK_TO
76,1,1,HAS_LINK_TO
76,1,39,HAS_LINK_TO
76,1,31,HAS_LINK_TO
76,1,2576,HAS_LINK_TO
76,1,64,HAS_LINK_TO
76,1,4019,HAS_LINK_TO
76,1,408,HAS_LINK_TO
76,1,27,HAS_LINK_TO
76,1,78,HAS_LINK_TO
77,1,8,HAS_LINK_TO
77,1,4262,HAS_LINK_TO
77,1,4481,HAS_LINK_TO
77,1,3,HAS_LINK_TO
77,1,41,HAS_LINK_TO
77,1,11,HAS_LINK_TO
77,1,2575,HAS_LINK_TO
77,1,56,HAS_LINK_TO
77,1,36,HAS_LINK_TO
77,1,43,HAS_LINK_TO
77,1,10,HAS_LINK_TO
77,1,14,HAS_LINK_TO
77,1,19,HAS_LINK_TO
77,1,18,HAS_LINK_TO
77,1,44,HAS_LINK_TO
77,1,1353,HAS_LINK_TO
77,1,45,HAS_LINK_TO
77,1,17,HAS_LINK_TO
77,1,1553,HAS_LINK_TO
77,1,30,HAS_LINK_TO
77,1,79,HAS_LINK_TO
77,1,48,HAS_LINK_TO
77,1,74,HAS_LINK_TO
77,1,12,HAS_LINK_TO
77,1,721,HAS_LINK_TO
77,1,54,HAS_LINK_TO
77,1,62,HAS_LINK_TO
77,1,63,HAS_LINK_TO
77,1,871,HAS_LINK_TO
77,1,5,HAS_LINK_TO
77,1,7,HAS_LINK_TO
77,1,68,HAS_LINK_TO
77,1,4226,HAS_LINK_TO
77,1,55,HAS_LINK_TO
77,1,6,HAS_LINK_TO
77,1,21,HAS_LINK_TO
77,1,69,HAS_LINK_TO
77,1,15,HAS_LINK_TO
77,1,60,HAS_LINK_TO
77,1,72,HAS_LINK_TO
77,1,22,HAS_LINK_TO
77,1,4017,HAS_LINK_TO
77,1,4480,HAS_LINK_TO
77,1,23,HAS_LINK_TO
77,1,2013,HAS_LINK_TO
77,1,24,HAS_LINK_TO
77,1,25,HAS_LINK_TO
77,1,247,HAS_LINK_TO
77,1,40,HAS_LINK_TO
77,1,4062,HAS_LINK_TO
77,1,38,HAS_LINK_TO
77,1,4300,HAS_LINK_TO
77,1,67,HAS_LINK_TO
77,1,2773,HAS_LINK_TO
77,1,65,HAS_LINK_TO
77,1,57,HAS_LINK_TO
77,1,46,HAS_LINK_TO
77,1,75,HAS_LINK_TO
77,1,16,HAS_LINK_TO
77,1,2548,HAS_LINK_TO
77,1,26,HAS_LINK_TO
77,1,32,HAS_LINK_TO
77,1,2853,HAS_LINK_TO
77,1,50,HAS_LINK_TO
77,1,391,HAS_LINK_TO
77,1,58,HAS_LINK_TO
77,1,76,HAS_LINK_TO
77,1,2409,HAS_LINK_TO
77,1,869,HAS_LINK_TO
77,1,66,HAS_LINK_TO
77,1,73,HAS_LINK_TO
77,1,47,HAS_LINK_TO
77,1,53,HAS_LINK_TO
77,1,34,HAS_LINK_TO
77,1,28,HAS_LINK_TO
77,1,20,HAS_LINK_TO
77,1,9,HAS_LINK_TO
77,1,4056,HAS_LINK_TO
77,1,61,HAS_LINK_TO
77,1,2041,HAS_LINK_TO
77,1,4,HAS_LINK_TO
77,1,3920,HAS_LINK_TO
77,1,1090,HAS_LINK_TO
77,1,49,HAS_LINK_TO
77,1,4375,HAS_LINK_TO
77,1,51,HAS_LINK_TO
77,1,35,HAS_LINK_TO
77,1,13,HAS_LINK_TO
77,1,2789,HAS_LINK_TO
77,1,33,HAS_LINK_TO
77,1,2693,HAS_LINK_TO
77,1,71,HAS_LINK_TO
77,1,3736,HAS_LINK_TO
77,1,37,HAS_LINK_TO
77,1,52,HAS_LINK_TO
77,1,2,HAS_LINK_TO
77,1,2986,HAS_LINK_TO
77,1,59,HAS_LINK_TO
77,1,42,HAS_LINK_TO
77,1,29,HAS_LINK_TO
77,1,528,HAS_LINK_TO
77,1,2178,HAS_LINK_TO
77,1,1,HAS_LINK_TO
77,1,39,HAS_LINK_TO
77,1,31,HAS_LINK_TO
77,1,1981,HAS_LINK_TO
77,1,2576,HAS_LINK_TO
77,1,64,HAS_LINK_TO
77,1,4019,HAS_LINK_TO
77,1,70,HAS_LINK_TO
77,1,27,HAS_LINK_TO
77,1,78,HAS_LINK_TO
78,1,8,HAS_LINK_TO
78,1,3,HAS_LINK_TO
78,1,41,HAS_LINK_TO
78,1,11,HAS_LINK_TO
78,1,2575,HAS_LINK_TO
78,1,56,HAS_LINK_TO
78,1,36,HAS_LINK_TO
78,1,43,HAS_LINK_TO
78,1,2477,HAS_LINK_TO
78,1,10,HAS_LINK_TO
78,1,14,HAS_LINK_TO
78,1,19,HAS_LINK_TO
78,1,18,HAS_LINK_TO
78,1,44,HAS_LINK_TO
78,1,45,HAS_LINK_TO
78,1,79,HAS_LINK_TO
78,1,17,HAS_LINK_TO
78,1,30,HAS_LINK_TO
78,1,48,HAS_LINK_TO
78,1,74,HAS_LINK_TO
78,1,12,HAS_LINK_TO
78,1,54,HAS_LINK_TO
78,1,62,HAS_LINK_TO
78,1,77,HAS_LINK_TO
78,1,63,HAS_LINK_TO
78,1,871,HAS_LINK_TO
78,1,5,HAS_LINK_TO
78,1,7,HAS_LINK_TO
78,1,68,HAS_LINK_TO
78,1,2661,HAS_LINK_TO
78,1,55,HAS_LINK_TO
78,1,6,HAS_LINK_TO
78,1,21,HAS_LINK_TO
78,1,69,HAS_LINK_TO
78,1,1830,HAS_LINK_TO
78,1,15,HAS_LINK_TO
78,1,1858,HAS_LINK_TO
78,1,60,HAS_LINK_TO
78,1,22,HAS_LINK_TO
78,1,72,HAS_LINK_TO
78,1,24,HAS_LINK_TO
78,1,23,HAS_LINK_TO
78,1,25,HAS_LINK_TO
78,1,40,HAS_LINK_TO
78,1,4062,HAS_LINK_TO
78,1,38,HAS_LINK_TO
78,1,67,HAS_LINK_TO
78,1,65,HAS_LINK_TO
78,1,57,HAS_LINK_TO
78,1,46,HAS_LINK_TO
78,1,75,HAS_LINK_TO
78,1,2073,HAS_LINK_TO
78,1,16,HAS_LINK_TO
78,1,26,HAS_LINK_TO
78,1,32,HAS_LINK_TO
78,1,50,HAS_LINK_TO
78,1,58,HAS_LINK_TO
78,1,76,HAS_LINK_TO
78,1,869,HAS_LINK_TO
78,1,66,HAS_LINK_TO
78,1,73,HAS_LINK_TO
78,1,47,HAS_LINK_TO
78,1,53,HAS_LINK_TO
78,1,34,HAS_LINK_TO
78,1,28,HAS_LINK_TO
78,1,20,HAS_LINK_TO
78,1,9,HAS_LINK_TO
78,1,513,HAS_LINK_TO
78,1,61,HAS_LINK_TO
78,1,4,HAS_LINK_TO
78,1,49,HAS_LINK_TO
78,1,4375,HAS_LINK_TO
78,1,51,HAS_LINK_TO
78,1,35,HAS_LINK_TO
78,1,13,HAS_LINK_TO
78,1,2789,HAS_LINK_TO
78,1,33,HAS_LINK_TO
78,1,71,HAS_LINK_TO
78,1,37,HAS_LINK_TO
78,1,52,HAS_LINK_TO
78,1,2,HAS_LINK_TO
78,1,59,HAS_LINK_TO
78,1,42,HAS_LINK_TO
78,1,29,HAS_LINK_TO
78,1,1721,HAS_LINK_TO
78,1,1,HAS_LINK_TO
78,1,2555,HAS_LINK_TO
78,1,39,HAS_LINK_TO
78,1,31,HAS_LINK_TO
78,1,2576,HAS_LINK_TO
78,1,64,HAS_LINK_TO
78,1,4019,HAS_LINK_TO
78,1,70,HAS_LINK_TO
78,1,27,HAS_LINK_TO
79,1,8,HAS_LINK_TO
79,1,3,HAS_LINK_TO
79,1,41,HAS_LINK_TO
79,1,11,HAS_LINK_TO
79,1,2575,HAS_LINK_TO
79,1,56,HAS_LINK_TO
79,1,36,HAS_LINK_TO
79,1,43,HAS_LINK_TO
79,1,1699,HAS_LINK_TO
79,1,10,HAS_LINK_TO
79,1,14,HAS_LINK_TO
79,1,70,HAS_LINK_TO
79,1,19,HAS_LINK_TO
79,1,2011,HAS_LINK_TO
79,1,18,HAS_LINK_TO
79,1,44,HAS_LINK_TO
79,1,45,HAS_LINK_TO
79,1,17,HAS_LINK_TO
79,1,30,HAS_LINK_TO
79,1,2009,HAS_LINK_TO
79,1,48,HAS_LINK_TO
79,1,12,HAS_LINK_TO
79,1,74,HAS_LINK_TO
79,1,2765,HAS_LINK_TO
79,1,54,HAS_LINK_TO
79,1,62,HAS_LINK_TO
79,1,4575,HAS_LINK_TO
79,1,77,HAS_LINK_TO
79,1,63,HAS_LINK_TO
79,1,871,HAS_LINK_TO
79,1,5,HAS_LINK_TO
79,1,7,HAS_LINK_TO
79,1,68,HAS_LINK_TO
79,1,55,HAS_LINK_TO
79,1,6,HAS_LINK_TO
79,1,21,HAS_LINK_TO
79,1,69,HAS_LINK_TO
79,1,15,HAS_LINK_TO
79,1,1907,HAS_LINK_TO
79,1,60,HAS_LINK_TO
79,1,72,HAS_LINK_TO
79,1,22,HAS_LINK_TO
79,1,24,HAS_LINK_TO
79,1,23,HAS_LINK_TO
79,1,25,HAS_LINK_TO
79,1,40,HAS_LINK_TO
79,1,4062,HAS_LINK_TO
79,1,38,HAS_LINK_TO
79,1,3858,HAS_LINK_TO
79,1,67,HAS_LINK_TO
79,1,65,HAS_LINK_TO
79,1,57,HAS_LINK_TO
79,1,1444,HAS_LINK_TO
79,1,46,HAS_LINK_TO
79,1,75,HAS_LINK_TO
79,1,16,HAS_LINK_TO
79,1,26,HAS_LINK_TO
79,1,32,HAS_LINK_TO
79,1,50,HAS_LINK_TO
79,1,58,HAS_LINK_TO
79,1,105,HAS_LINK_TO
79,1,3542,HAS_LINK_TO
79,1,76,HAS_LINK_TO
79,1,869,HAS_LINK_TO
79,1,66,HAS_LINK_TO
79,1,73,HAS_LINK_TO
79,1,2634,HAS_LINK_TO
79,1,385,HAS_LINK_TO
79,1,47,HAS_LINK_TO
79,1,53,HAS_LINK_TO
79,1,34,HAS_LINK_TO
79,1,28,HAS_LINK_TO
79,1,20,HAS_LINK_TO
79,1,9,HAS_LINK_TO
79,1,61,HAS_LINK_TO
79,1,2107,HAS_LINK_TO
79,1,3535,HAS_LINK_TO
79,1,4,HAS_LINK_TO
79,1,49,HAS_LINK_TO
79,1,4375,HAS_LINK_TO
79,1,51,HAS_LINK_TO
79,1,35,HAS_LINK_TO
79,1,13,HAS_LINK_TO
79,1,33,HAS_LINK_TO
79,1,71,HAS_LINK_TO
79,1,37,HAS_LINK_TO
79,1,52,HAS_LINK_TO
79,1,2,HAS_LINK_TO
79,1,59,HAS_LINK_TO
79,1,42,HAS_LINK_TO
79,1,29,HAS_LINK_TO
79,1,1,HAS_LINK_TO
79,1,39,HAS_LINK_TO
79,1,4034,HAS_LINK_TO
79,1,31,HAS_LINK_TO
79,1,2576,HAS_LINK_TO
79,1,64,HAS_LINK_TO
79,1,4019,HAS_LINK_TO
79,1,1997,HAS_LINK_TO
79,1,27,HAS_LINK_TO
79,1,78,HAS_LINK_TO
80,1,231,HAS_LINK_TO
80,1,3713,HAS_LINK_TO
80,1,262,HAS_LINK_TO
80,1,2575,HAS_LINK_TO
80,1,3552,HAS_LINK_TO
80,1,1401,HAS_LINK_TO
80,1,1622,HAS_LINK_TO
80,1,3702,HAS_LINK_TO
80,1,2615,HAS_LINK_TO
80,1,4204,HAS_LINK_TO
80,1,1119,HAS_LINK_TO
80,1,4632,HAS_LINK_TO
80,1,4225,HAS_LINK_TO
80,1,2969,HAS_LINK_TO
80,1,2839,HAS_LINK_TO
80,1,17,HAS_LINK_TO
80,1,4356,HAS_LINK_TO
80,1,1035,HAS_LINK_TO
80,1,746,HAS_LINK_TO
80,1,726,HAS_LINK_TO
80,1,1230,HAS_LINK_TO
80,1,4099,HAS_LINK_TO
80,1,2009,HAS_LINK_TO
80,1,1565,HAS_LINK_TO
80,1,3034,HAS_LINK_TO
80,1,81,HAS_LINK_TO
80,1,3453,HAS_LINK_TO
80,1,1449,HAS_LINK_TO
80,1,1290,HAS_LINK_TO
80,1,1421,HAS_LINK_TO
80,1,4505,HAS_LINK_TO
80,1,198,HAS_LINK_TO
80,1,1199,HAS_LINK_TO
80,1,3617,HAS_LINK_TO
80,1,992,HAS_LINK_TO
80,1,2827,HAS_LINK_TO
80,1,2272,HAS_LINK_TO
80,1,4331,HAS_LINK_TO
80,1,3534,HAS_LINK_TO
80,1,4456,HAS_LINK_TO
80,1,2007,HAS_LINK_TO
80,1,1177,HAS_LINK_TO
80,1,4348,HAS_LINK_TO
80,1,4612,HAS_LINK_TO
80,1,2551,HAS_LINK_TO
80,1,1928,HAS_LINK_TO
80,1,3795,HAS_LINK_TO
80,1,4008,HAS_LINK_TO
80,1,21,HAS_LINK_TO
80,1,3587,HAS_LINK_TO
80,1,23,HAS_LINK_TO
80,1,329,HAS_LINK_TO
80,1,3822,HAS_LINK_TO
80,1,25,HAS_LINK_TO
80,1,4565,HAS_LINK_TO
80,1,4062,HAS_LINK_TO
80,1,577,HAS_LINK_TO
80,1,1985,HAS_LINK_TO
80,1,616,HAS_LINK_TO
80,1,1909,HAS_LINK_TO
80,1,2468,HAS_LINK_TO
80,1,2838,HAS_LINK_TO
80,1,2970,HAS_LINK_TO
80,1,1660,HAS_LINK_TO
80,1,2111,HAS_LINK_TO
80,1,87,HAS_LINK_TO
80,1,1683,HAS_LINK_TO
80,1,4420,HAS_LINK_TO
80,1,4392,HAS_LINK_TO
80,1,222,HAS_LINK_TO
80,1,4004,HAS_LINK_TO
80,1,4397,HAS_LINK_TO
80,1,1031,HAS_LINK_TO
80,1,3821,HAS_LINK_TO
80,1,2850,HAS_LINK_TO
80,1,397,HAS_LINK_TO
80,1,3585,HAS_LINK_TO
80,1,1034,HAS_LINK_TO
80,1,4393,HAS_LINK_TO
80,1,4532,HAS_LINK_TO
80,1,3107,HAS_LINK_TO
80,1,418,HAS_LINK_TO
80,1,4332,HAS_LINK_TO
80,1,1935,HAS_LINK_TO
80,1,2612,HAS_LINK_TO
80,1,832,HAS_LINK_TO
80,1,2681,HAS_LINK_TO
80,1,20,HAS_LINK_TO
80,1,4457,HAS_LINK_TO
80,1,996,HAS_LINK_TO
80,1,534,HAS_LINK_TO
80,1,546,HAS_LINK_TO
80,1,1207,HAS_LINK_TO
80,1,1262,HAS_LINK_TO
80,1,33,HAS_LINK_TO
80,1,2837,HAS_LINK_TO
80,1,1322,HAS_LINK_TO
80,1,80,HAS_LINK_TO
80,1,1596,HAS_LINK_TO
80,1,2127,HAS_LINK_TO
80,1,4005,HAS_LINK_TO
80,1,2008,HAS_LINK_TO
80,1,2991,HAS_LINK_TO
80,1,3737,HAS_LINK_TO
80,1,1390,HAS_LINK_TO
80,1,650,HAS_LINK_TO
80,1,356,HAS_LINK_TO
80,1,4255,HAS_LINK_TO
80,1,4232,HAS_LINK_TO
80,1,4405,HAS_LINK_TO
80,1,1988,HAS_LINK_TO
80,1,2657,HAS_LINK_TO
80,1,599,HAS_LINK_TO
80,1,931,HAS_LINK_TO
81,1,401,HAS_LINK_TO
81,1,871,HAS_LINK_TO
81,1,2575,HAS_LINK_TO
81,1,399,HAS_LINK_TO
81,1,4375,HAS_LINK_TO
81,1,1253,HAS_LINK_TO
81,1,80,HAS_LINK_TO
81,1,23,HAS_LINK_TO
81,1,25,HAS_LINK_TO
81,1,869,HAS_LINK_TO
81,1,4062,HAS_LINK_TO
81,1,17,HAS_LINK_TO
81,1,1230,HAS_LINK_TO
81,1,1565,HAS_LINK_TO
81,1,3034,HAS_LINK_TO
81,1,2576,HAS_LINK_TO
81,1,2840,HAS_LINK_TO
81,1,4019,HAS_LINK_TO
81,1,1449,HAS_LINK_TO
81,1,2681,HAS_LINK_TO
82,1,2691,HAS_LINK_TO
82,1,3031,HAS_LINK_TO
82,1,1203,HAS_LINK_TO
82,1,1685,HAS_LINK_TO
82,1,4422,HAS_LINK_TO
82,1,1049,HAS_LINK_TO
82,1,1749,HAS_LINK_TO
82,1,1155,HAS_LINK_TO
82,1,3200,HAS_LINK_TO
82,1,630,HAS_LINK_TO
82,1,2463,HAS_LINK_TO
82,1,208,HAS_LINK_TO
82,1,812,HAS_LINK_TO
82,1,617,HAS_LINK_TO
82,1,3746,HAS_LINK_TO
82,1,4106,HAS_LINK_TO
82,1,3930,HAS_LINK_TO
82,1,237,HAS_LINK_TO
82,1,866,HAS_LINK_TO
82,1,1449,HAS_LINK_TO
82,1,2160,HAS_LINK_TO
82,1,4129,HAS_LINK_TO
82,1,198,HAS_LINK_TO
82,1,2741,HAS_LINK_TO
82,1,2224,HAS_LINK_TO
82,1,2651,HAS_LINK_TO
82,1,2635,HAS_LINK_TO
82,1,2848,HAS_LINK_TO
82,1,185,HAS_LINK_TO
82,1,1715,HAS_LINK_TO
82,1,570,HAS_LINK_TO
82,1,142,HAS_LINK_TO
82,1,4167,HAS_LINK_TO
82,1,499,HAS_LINK_TO
82,1,1928,HAS_LINK_TO
82,1,3030,HAS_LINK_TO
82,1,3555,HAS_LINK_TO
82,1,1151,HAS_LINK_TO
82,1,2197,HAS_LINK_TO
82,1,1305,HAS_LINK_TO
82,1,2509,HAS_LINK_TO
82,1,970,HAS_LINK_TO
82,1,1581,HAS_LINK_TO
82,1,4333,HAS_LINK_TO
82,1,3978,HAS_LINK_TO
82,1,4646,HAS_LINK_TO
82,1,1209,HAS_LINK_TO
82,1,3858,HAS_LINK_TO
82,1,1297,HAS_LINK_TO
82,1,642,HAS_LINK_TO
82,1,838,HAS_LINK_TO
82,1,2797,HAS_LINK_TO
82,1,3490,HAS_LINK_TO
82,1,1788,HAS_LINK_TO
82,1,2039,HAS_LINK_TO
82,1,1266,HAS_LINK_TO
82,1,1740,HAS_LINK_TO
82,1,3529,HAS_LINK_TO
82,1,2428,HAS_LINK_TO
82,1,3393,HAS_LINK_TO
82,1,3551,HAS_LINK_TO
82,1,4466,HAS_LINK_TO
82,1,4522,HAS_LINK_TO
82,1,1031,HAS_LINK_TO
82,1,248,HAS_LINK_TO
82,1,3165,HAS_LINK_TO
82,1,3120,HAS_LINK_TO
82,1,1744,HAS_LINK_TO
82,1,3488,HAS_LINK_TO
82,1,1834,HAS_LINK_TO
82,1,3683,HAS_LINK_TO
82,1,4121,HAS_LINK_TO
82,1,1034,HAS_LINK_TO
82,1,730,HAS_LINK_TO
82,1,1782,HAS_LINK_TO
82,1,2295,HAS_LINK_TO
82,1,1515,HAS_LINK_TO
82,1,2265,HAS_LINK_TO
82,1,2462,HAS_LINK_TO
82,1,3039,HAS_LINK_TO
82,1,929,HAS_LINK_TO
82,1,3385,HAS_LINK_TO
82,1,130,HAS_LINK_TO
82,1,4598,HAS_LINK_TO
82,1,3546,HAS_LINK_TO
82,1,1220,HAS_LINK_TO
82,1,4332,HAS_LINK_TO
82,1,4228,HAS_LINK_TO
82,1,1672,HAS_LINK_TO
82,1,3132,HAS_LINK_TO
82,1,3859,HAS_LINK_TO
82,1,2192,HAS_LINK_TO
82,1,1771,HAS_LINK_TO
82,1,580,HAS_LINK_TO
82,1,2724,HAS_LINK_TO
82,1,1051,HAS_LINK_TO
82,1,2044,HAS_LINK_TO
82,1,1157,HAS_LINK_TO
82,1,4011,HAS_LINK_TO
82,1,1366,HAS_LINK_TO
82,1,4553,HAS_LINK_TO
82,1,1322,HAS_LINK_TO
82,1,1764,HAS_LINK_TO
82,1,441,HAS_LINK_TO
82,1,2693,HAS_LINK_TO
82,1,4459,HAS_LINK_TO
82,1,363,HAS_LINK_TO
82,1,2466,HAS_LINK_TO
82,1,1591,HAS_LINK_TO
82,1,3895,HAS_LINK_TO
82,1,2187,HAS_LINK_TO
82,1,4311,HAS_LINK_TO
82,1,1933,HAS_LINK_TO
82,1,3472,HAS_LINK_TO
82,1,2178,HAS_LINK_TO
82,1,1114,HAS_LINK_TO
82,1,426,HAS_LINK_TO
82,1,3870,HAS_LINK_TO
82,1,2719,HAS_LINK_TO
82,1,2992,HAS_LINK_TO
82,1,3785,HAS_LINK_TO
82,1,1670,HAS_LINK_TO
82,1,1042,HAS_LINK_TO
82,1,2637,HAS_LINK_TO
82,1,691,HAS_LINK_TO
82,1,4033,HAS_LINK_TO
82,1,3029,HAS_LINK_TO
82,1,1436,HAS_LINK_TO
82,1,1306,HAS_LINK_TO
82,1,1345,HAS_LINK_TO
82,1,1101,HAS_LINK_TO
82,1,1622,HAS_LINK_TO
82,1,736,HAS_LINK_TO
82,1,1430,HAS_LINK_TO
82,1,2546,HAS_LINK_TO
82,1,3763,HAS_LINK_TO
82,1,2362,HAS_LINK_TO
82,1,2043,HAS_LINK_TO
82,1,3124,HAS_LINK_TO
82,1,3949,HAS_LINK_TO
82,1,2390,HAS_LINK_TO
82,1,4622,HAS_LINK_TO
82,1,4337,HAS_LINK_TO
82,1,1341,HAS_LINK_TO
82,1,4493,HAS_LINK_TO
82,1,1145,HAS_LINK_TO
82,1,2459,HAS_LINK_TO
82,1,1217,HAS_LINK_TO
82,1,2948,HAS_LINK_TO
82,1,151,HAS_LINK_TO
82,1,4564,HAS_LINK_TO
82,1,2190,HAS_LINK_TO
82,1,470,HAS_LINK_TO
82,1,2756,HAS_LINK_TO
82,1,2461,HAS_LINK_TO
82,1,686,HAS_LINK_TO
82,1,4425,HAS_LINK_TO
82,1,3524,HAS_LINK_TO
82,1,1298,HAS_LINK_TO
82,1,4246,HAS_LINK_TO
82,1,4624,HAS_LINK_TO
82,1,960,HAS_LINK_TO
82,1,138,HAS_LINK_TO
82,1,2037,HAS_LINK_TO
82,1,3701,HAS_LINK_TO
82,1,1177,HAS_LINK_TO
82,1,1838,HAS_LINK_TO
82,1,1292,HAS_LINK_TO
82,1,2661,HAS_LINK_TO
82,1,1615,HAS_LINK_TO
82,1,1205,HAS_LINK_TO
82,1,3510,HAS_LINK_TO
82,1,1357,HAS_LINK_TO
82,1,3587,HAS_LINK_TO
82,1,1240,HAS_LINK_TO
82,1,2798,HAS_LINK_TO
82,1,3076,HAS_LINK_TO
82,1,583,HAS_LINK_TO
82,1,3213,HAS_LINK_TO
82,1,1725,HAS_LINK_TO
82,1,2055,HAS_LINK_TO
82,1,3881,HAS_LINK_TO
82,1,4340,HAS_LINK_TO
82,1,4098,HAS_LINK_TO
82,1,2628,HAS_LINK_TO
82,1,2198,HAS_LINK_TO
82,1,412,HAS_LINK_TO
82,1,3229,HAS_LINK_TO
82,1,964,HAS_LINK_TO
82,1,794,HAS_LINK_TO
82,1,1062,HAS_LINK_TO
82,1,2006,HAS_LINK_TO
82,1,235,HAS_LINK_TO
82,1,1724,HAS_LINK_TO
82,1,228,HAS_LINK_TO
82,1,1789,HAS_LINK_TO
82,1,589,HAS_LINK_TO
82,1,1381,HAS_LINK_TO
82,1,3734,HAS_LINK_TO
82,1,728,HAS_LINK_TO
82,1,969,HAS_LINK_TO
82,1,2636,HAS_LINK_TO
82,1,2885,HAS_LINK_TO
82,1,961,HAS_LINK_TO
82,1,993,HAS_LINK_TO
82,1,4444,HAS_LINK_TO
82,1,3020,HAS_LINK_TO
82,1,4603,HAS_LINK_TO
82,1,1339,HAS_LINK_TO
82,1,874,HAS_LINK_TO
82,1,1611,HAS_LINK_TO
82,1,1162,HAS_LINK_TO
82,1,4363,HAS_LINK_TO
82,1,1754,HAS_LINK_TO
82,1,3187,HAS_LINK_TO
82,1,3027,HAS_LINK_TO
82,1,3938,HAS_LINK_TO
82,1,1123,HAS_LINK_TO
82,1,4592,HAS_LINK_TO
82,1,1336,HAS_LINK_TO
82,1,3553,HAS_LINK_TO
82,1,2968,HAS_LINK_TO
82,1,4199,HAS_LINK_TO
82,1,1335,HAS_LINK_TO
82,1,277,HAS_LINK_TO
82,1,1189,HAS_LINK_TO
82,1,1552,HAS_LINK_TO
82,1,4534,HAS_LINK_TO
82,1,3032,HAS_LINK_TO
82,1,1516,HAS_LINK_TO
82,1,3741,HAS_LINK_TO
82,1,1706,HAS_LINK_TO
82,1,1040,HAS_LINK_TO
82,1,3045,HAS_LINK_TO
82,1,3143,HAS_LINK_TO
82,1,4029,HAS_LINK_TO
82,1,1056,HAS_LINK_TO
82,1,1770,HAS_LINK_TO
82,1,1721,HAS_LINK_TO
82,1,1242,HAS_LINK_TO
82,1,1943,HAS_LINK_TO
82,1,311,HAS_LINK_TO
82,1,1094,HAS_LINK_TO
82,1,4411,HAS_LINK_TO
82,1,3531,HAS_LINK_TO
82,1,1249,HAS_LINK_TO
82,1,1215,HAS_LINK_TO
82,1,1139,HAS_LINK_TO
82,1,3138,HAS_LINK_TO
82,1,3226,HAS_LINK_TO
82,1,2316,HAS_LINK_TO
82,1,2476,HAS_LINK_TO
82,1,3026,HAS_LINK_TO
82,1,2139,HAS_LINK_TO
82,1,931,HAS_LINK_TO
82,1,3677,HAS_LINK_TO
82,1,2940,HAS_LINK_TO
82,1,1072,HAS_LINK_TO
82,1,231,HAS_LINK_TO
82,1,3713,HAS_LINK_TO
82,1,3552,HAS_LINK_TO
82,1,1265,HAS_LINK_TO
82,1,1703,HAS_LINK_TO
82,1,472,HAS_LINK_TO
82,1,3235,HAS_LINK_TO
82,1,2429,HAS_LINK_TO
82,1,4113,HAS_LINK_TO
82,1,516,HAS_LINK_TO
82,1,3023,HAS_LINK_TO
82,1,3487,HAS_LINK_TO
82,1,4473,HAS_LINK_TO
82,1,3239,HAS_LINK_TO
82,1,2035,HAS_LINK_TO
82,1,1087,HAS_LINK_TO
82,1,1681,HAS_LINK_TO
82,1,1504,HAS_LINK_TO
82,1,641,HAS_LINK_TO
82,1,3509,HAS_LINK_TO
82,1,3439,HAS_LINK_TO
82,1,3223,HAS_LINK_TO
82,1,1709,HAS_LINK_TO
82,1,3678,HAS_LINK_TO
82,1,1553,HAS_LINK_TO
82,1,1735,HAS_LINK_TO
82,1,726,HAS_LINK_TO
82,1,2622,HAS_LINK_TO
82,1,2975,HAS_LINK_TO
82,1,2009,HAS_LINK_TO
82,1,4472,HAS_LINK_TO
82,1,1813,HAS_LINK_TO
82,1,233,HAS_LINK_TO
82,1,1015,HAS_LINK_TO
82,1,2945,HAS_LINK_TO
82,1,2354,HAS_LINK_TO
82,1,322,HAS_LINK_TO
82,1,2272,HAS_LINK_TO
82,1,1402,HAS_LINK_TO
82,1,1717,HAS_LINK_TO
82,1,152,HAS_LINK_TO
82,1,1823,HAS_LINK_TO
82,1,2478,HAS_LINK_TO
82,1,1001,HAS_LINK_TO
82,1,814,HAS_LINK_TO
82,1,4612,HAS_LINK_TO
82,1,2229,HAS_LINK_TO
82,1,1741,HAS_LINK_TO
82,1,3720,HAS_LINK_TO
82,1,482,HAS_LINK_TO
82,1,1677,HAS_LINK_TO
82,1,439,HAS_LINK_TO
82,1,139,HAS_LINK_TO
82,1,664,HAS_LINK_TO
82,1,4557,HAS_LINK_TO
82,1,1830,HAS_LINK_TO
82,1,1925,HAS_LINK_TO
82,1,1858,HAS_LINK_TO
82,1,176,HAS_LINK_TO
82,1,3175,HAS_LINK_TO
82,1,2845,HAS_LINK_TO
82,1,1975,HAS_LINK_TO
82,1,924,HAS_LINK_TO
82,1,2643,HAS_LINK_TO
82,1,3592,HAS_LINK_TO
82,1,4639,HAS_LINK_TO
82,1,3679,HAS_LINK_TO
82,1,966,HAS_LINK_TO
82,1,3149,HAS_LINK_TO
82,1,3227,HAS_LINK_TO
82,1,2458,HAS_LINK_TO
82,1,1231,HAS_LINK_TO
82,1,3873,HAS_LINK_TO
82,1,4398,HAS_LINK_TO
82,1,1664,HAS_LINK_TO
82,1,2073,HAS_LINK_TO
82,1,424,HAS_LINK_TO
82,1,725,HAS_LINK_TO
82,1,2791,HAS_LINK_TO
82,1,194,HAS_LINK_TO
82,1,1194,HAS_LINK_TO
82,1,3097,HAS_LINK_TO
82,1,4642,HAS_LINK_TO
82,1,137,HAS_LINK_TO
82,1,4347,HAS_LINK_TO
82,1,1391,HAS_LINK_TO
82,1,309,HAS_LINK_TO
82,1,3857,HAS_LINK_TO
82,1,4260,HAS_LINK_TO
82,1,1856,HAS_LINK_TO
82,1,1338,HAS_LINK_TO
82,1,2634,HAS_LINK_TO
82,1,3676,HAS_LINK_TO
82,1,2152,HAS_LINK_TO
82,1,4423,HAS_LINK_TO
82,1,385,HAS_LINK_TO
82,1,519,HAS_LINK_TO
82,1,3608,HAS_LINK_TO
82,1,2726,HAS_LINK_TO
82,1,2681,HAS_LINK_TO
82,1,3181,HAS_LINK_TO
82,1,3813,HAS_LINK_TO
82,1,473,HAS_LINK_TO
82,1,2899,HAS_LINK_TO
82,1,3526,HAS_LINK_TO
82,1,1375,HAS_LINK_TO
82,1,1365,HAS_LINK_TO
82,1,1674,HAS_LINK_TO
82,1,3674,HAS_LINK_TO
82,1,1106,HAS_LINK_TO
82,1,2419,HAS_LINK_TO
82,1,93,HAS_LINK_TO
82,1,4608,HAS_LINK_TO
82,1,1312,HAS_LINK_TO
82,1,1089,HAS_LINK_TO
82,1,4643,HAS_LINK_TO
82,1,1718,HAS_LINK_TO
82,1,2054,HAS_LINK_TO
82,1,2005,HAS_LINK_TO
82,1,1549,HAS_LINK_TO
82,1,2522,HAS_LINK_TO
82,1,3530,HAS_LINK_TO
82,1,1919,HAS_LINK_TO
82,1,952,HAS_LINK_TO
82,1,4536,HAS_LINK_TO
82,1,2300,HAS_LINK_TO
82,1,2394,HAS_LINK_TO
82,1,4223,HAS_LINK_TO
82,1,3711,HAS_LINK_TO
82,1,3214,HAS_LINK_TO
82,1,1746,HAS_LINK_TO
82,1,799,HAS_LINK_TO
82,1,2058,HAS_LINK_TO
82,1,2498,HAS_LINK_TO
82,1,1747,HAS_LINK_TO
82,1,1673,HAS_LINK_TO
82,1,3522,HAS_LINK_TO
82,1,3049,HAS_LINK_TO
82,1,1243,HAS_LINK_TO
82,1,3163,HAS_LINK_TO
82,1,1665,HAS_LINK_TO
82,1,1165,HAS_LINK_TO
82,1,1315,HAS_LINK_TO
82,1,3782,HAS_LINK_TO
82,1,2351,HAS_LINK_TO
82,1,612,HAS_LINK_TO
82,1,2938,HAS_LINK_TO
82,1,933,HAS_LINK_TO
82,1,965,HAS_LINK_TO
82,1,2763,HAS_LINK_TO
82,1,4257,HAS_LINK_TO
82,1,649,HAS_LINK_TO
82,1,480,HAS_LINK_TO
82,1,2580,HAS_LINK_TO
82,1,1119,HAS_LINK_TO
82,1,3189,HAS_LINK_TO
82,1,215,HAS_LINK_TO
82,1,1392,HAS_LINK_TO
82,1,2393,HAS_LINK_TO
82,1,3538,HAS_LINK_TO
82,1,3484,HAS_LINK_TO
82,1,1230,HAS_LINK_TO
82,1,4038,HAS_LINK_TO
82,1,1678,HAS_LINK_TO
82,1,2027,HAS_LINK_TO
82,1,3580,HAS_LINK_TO
82,1,450,HAS_LINK_TO
82,1,1333,HAS_LINK_TO
82,1,1720,HAS_LINK_TO
82,1,3470,HAS_LINK_TO
82,1,2827,HAS_LINK_TO
82,1,1206,HAS_LINK_TO
82,1,2471,HAS_LINK_TO
82,1,278,HAS_LINK_TO
82,1,1787,HAS_LINK_TO
82,1,3416,HAS_LINK_TO
82,1,4348,HAS_LINK_TO
82,1,1183,HAS_LINK_TO
82,1,3879,HAS_LINK_TO
82,1,1613,HAS_LINK_TO
82,1,1766,HAS_LINK_TO
82,1,2196,HAS_LINK_TO
82,1,4039,HAS_LINK_TO
82,1,1204,HAS_LINK_TO
82,1,4492,HAS_LINK_TO
82,1,4594,HAS_LINK_TO
82,1,3962,HAS_LINK_TO
82,1,1679,HAS_LINK_TO
82,1,1784,HAS_LINK_TO
82,1,927,HAS_LINK_TO
82,1,1519,HAS_LINK_TO
82,1,1948,HAS_LINK_TO
82,1,3864,HAS_LINK_TO
82,1,2842,HAS_LINK_TO
82,1,3856,HAS_LINK_TO
82,1,2720,HAS_LINK_TO
82,1,4599,HAS_LINK_TO
82,1,1482,HAS_LINK_TO
82,1,1846,HAS_LINK_TO
82,1,2849,HAS_LINK_TO
82,1,1075,HAS_LINK_TO
82,1,3116,HAS_LINK_TO
82,1,1984,HAS_LINK_TO
82,1,3680,HAS_LINK_TO
82,1,2644,HAS_LINK_TO
82,1,1965,HAS_LINK_TO
82,1,462,HAS_LINK_TO
82,1,1909,HAS_LINK_TO
82,1,1812,HAS_LINK_TO
82,1,2150,HAS_LINK_TO
82,1,2833,HAS_LINK_TO
82,1,2456,HAS_LINK_TO
82,1,2728,HAS_LINK_TO
82,1,306,HAS_LINK_TO
82,1,2302,HAS_LINK_TO
82,1,3088,HAS_LINK_TO
82,1,3033,HAS_LINK_TO
82,1,1878,HAS_LINK_TO
82,1,3765,HAS_LINK_TO
82,1,4397,HAS_LINK_TO
82,1,2621,HAS_LINK_TO
82,1,3921,HAS_LINK_TO
82,1,3963,HAS_LINK_TO
82,1,4256,HAS_LINK_TO
82,1,2057,HAS_LINK_TO
82,1,425,HAS_LINK_TO
82,1,4264,HAS_LINK_TO
82,1,4306,HAS_LINK_TO
82,1,2157,HAS_LINK_TO
82,1,925,HAS_LINK_TO
82,1,1500,HAS_LINK_TO
82,1,1753,HAS_LINK_TO
82,1,492,HAS_LINK_TO
82,1,3876,HAS_LINK_TO
82,1,3004,HAS_LINK_TO
82,1,944,HAS_LINK_TO
82,1,578,HAS_LINK_TO
82,1,3712,HAS_LINK_TO
82,1,1388,HAS_LINK_TO
82,1,216,HAS_LINK_TO
82,1,1424,HAS_LINK_TO
82,1,3391,HAS_LINK_TO
82,1,1800,HAS_LINK_TO
82,1,1352,HAS_LINK_TO
82,1,4277,HAS_LINK_TO
82,1,1037,HAS_LINK_TO
82,1,4556,HAS_LINK_TO
82,1,212,HAS_LINK_TO
82,1,4261,HAS_LINK_TO
82,1,2188,HAS_LINK_TO
82,1,4455,HAS_LINK_TO
82,1,971,HAS_LINK_TO
82,1,276,HAS_LINK_TO
82,1,1501,HAS_LINK_TO
82,1,4258,HAS_LINK_TO
82,1,996,HAS_LINK_TO
82,1,1954,HAS_LINK_TO
82,1,737,HAS_LINK_TO
82,1,2559,HAS_LINK_TO
82,1,4259,HAS_LINK_TO
82,1,3872,HAS_LINK_TO
82,1,2908,HAS_LINK_TO
82,1,214,HAS_LINK_TO
82,1,4601,HAS_LINK_TO
82,1,204,HAS_LINK_TO
82,1,4389,HAS_LINK_TO
82,1,4350,HAS_LINK_TO
82,1,4429,HAS_LINK_TO
82,1,3737,HAS_LINK_TO
82,1,1949,HAS_LINK_TO
82,1,1350,HAS_LINK_TO
82,1,2555,HAS_LINK_TO
82,1,2235,HAS_LINK_TO
82,1,2668,HAS_LINK_TO
82,1,2573,HAS_LINK_TO
82,1,3528,HAS_LINK_TO
82,1,4309,HAS_LINK_TO
82,1,2350,HAS_LINK_TO
83,1,82,HAS_LINK_TO
84,1,1387,HAS_LINK_TO
84,1,2575,HAS_LINK_TO
84,1,2624,HAS_LINK_TO
84,1,1977,HAS_LINK_TO
84,1,2815,HAS_LINK_TO
84,1,2965,HAS_LINK_TO
84,1,1253,HAS_LINK_TO
84,1,542,HAS_LINK_TO
84,1,2610,HAS_LINK_TO
84,1,2615,HAS_LINK_TO
84,1,2349,HAS_LINK_TO
84,1,3480,HAS_LINK_TO
84,1,254,HAS_LINK_TO
84,1,3915,HAS_LINK_TO
84,1,1888,HAS_LINK_TO
84,1,582,HAS_LINK_TO
84,1,3834,HAS_LINK_TO
84,1,3127,HAS_LINK_TO
84,1,713,HAS_LINK_TO
84,1,2979,HAS_LINK_TO
84,1,118,HAS_LINK_TO
84,1,3432,HAS_LINK_TO
84,1,800,HAS_LINK_TO
84,1,1554,HAS_LINK_TO
84,1,3896,HAS_LINK_TO
84,1,4031,HAS_LINK_TO
84,1,1690,HAS_LINK_TO
84,1,3506,HAS_LINK_TO
84,1,1044,HAS_LINK_TO
84,1,1874,HAS_LINK_TO
84,1,1449,HAS_LINK_TO
84,1,1282,HAS_LINK_TO
84,1,3012,HAS_LINK_TO
84,1,3617,HAS_LINK_TO
84,1,2653,HAS_LINK_TO
84,1,2132,HAS_LINK_TO
84,1,2496,HAS_LINK_TO
84,1,2020,HAS_LINK_TO
84,1,3685,HAS_LINK_TO
84,1,2937,HAS_LINK_TO
84,1,2606,HAS_LINK_TO
84,1,4625,HAS_LINK_TO
84,1,2517,HAS_LINK_TO
84,1,1555,HAS_LINK_TO
84,1,3135,HAS_LINK_TO
84,1,980,HAS_LINK_TO
84,1,268,HAS_LINK_TO
84,1,146,HAS_LINK_TO
84,1,4528,HAS_LINK_TO
84,1,3080,HAS_LINK_TO
84,1,191,HAS_LINK_TO
84,1,3474,HAS_LINK_TO
84,1,1003,HAS_LINK_TO
84,1,629,HAS_LINK_TO
84,1,2485,HAS_LINK_TO
84,1,3037,HAS_LINK_TO
84,1,3614,HAS_LINK_TO
84,1,4339,HAS_LINK_TO
84,1,2397,HAS_LINK_TO
84,1,1970,HAS_LINK_TO
84,1,4619,HAS_LINK_TO
84,1,1410,HAS_LINK_TO
84,1,2934,HAS_LINK_TO
84,1,3130,HAS_LINK_TO
84,1,1187,HAS_LINK_TO
84,1,919,HAS_LINK_TO
84,1,401,HAS_LINK_TO
84,1,1423,HAS_LINK_TO
84,1,2060,HAS_LINK_TO
84,1,1021,HAS_LINK_TO
84,1,1763,HAS_LINK_TO
84,1,1405,HAS_LINK_TO
84,1,2063,HAS_LINK_TO
84,1,3074,HAS_LINK_TO
84,1,1495,HAS_LINK_TO
84,1,206,HAS_LINK_TO
84,1,1826,HAS_LINK_TO
84,1,2645,HAS_LINK_TO
84,1,3376,HAS_LINK_TO
84,1,1972,HAS_LINK_TO
84,1,1867,HAS_LINK_TO
84,1,4427,HAS_LINK_TO
84,1,3507,HAS_LINK_TO
84,1,2067,HAS_LINK_TO
84,1,4628,HAS_LINK_TO
84,1,2457,HAS_LINK_TO
84,1,2932,HAS_LINK_TO
84,1,3868,HAS_LINK_TO
84,1,2528,HAS_LINK_TO
84,1,3593,HAS_LINK_TO
84,1,3013,HAS_LINK_TO
84,1,1898,HAS_LINK_TO
84,1,607,HAS_LINK_TO
84,1,4012,HAS_LINK_TO
84,1,1932,HAS_LINK_TO
84,1,1978,HAS_LINK_TO
84,1,3179,HAS_LINK_TO
84,1,3901,HAS_LINK_TO
84,1,207,HAS_LINK_TO
84,1,4157,HAS_LINK_TO
84,1,626,HAS_LINK_TO
84,1,849,HAS_LINK_TO
84,1,3878,HAS_LINK_TO
84,1,3961,HAS_LINK_TO
84,1,1532,HAS_LINK_TO
84,1,2107,HAS_LINK_TO
84,1,773,HAS_LINK_TO
84,1,3222,HAS_LINK_TO
84,1,3871,HAS_LINK_TO
84,1,4202,HAS_LINK_TO
84,1,3041,HAS_LINK_TO
84,1,2154,HAS_LINK_TO
84,1,2289,HAS_LINK_TO
84,1,1438,HAS_LINK_TO
84,1,2342,HAS_LINK_TO
84,1,1899,HAS_LINK_TO
84,1,2910,HAS_LINK_TO
84,1,2694,HAS_LINK_TO
84,1,1608,HAS_LINK_TO
84,1,3399,HAS_LINK_TO
84,1,1493,HAS_LINK_TO
84,1,2821,HAS_LINK_TO
84,1,1447,HAS_LINK_TO
84,1,1567,HAS_LINK_TO
84,1,1330,HAS_LINK_TO
84,1,3406,HAS_LINK_TO
84,1,3093,HAS_LINK_TO
84,1,1831,HAS_LINK_TO
84,1,4515,HAS_LINK_TO
84,1,4405,HAS_LINK_TO
84,1,4605,HAS_LINK_TO
84,1,4540,HAS_LINK_TO
84,1,2366,HAS_LINK_TO
84,1,2365,HAS_LINK_TO
84,1,2225,HAS_LINK_TO
84,1,4022,HAS_LINK_TO
84,1,1769,HAS_LINK_TO
84,1,454,HAS_LINK_TO
84,1,2259,HAS_LINK_TO
84,1,2547,HAS_LINK_TO
84,1,1045,HAS_LINK_TO
84,1,856,HAS_LINK_TO
84,1,4329,HAS_LINK_TO
84,1,1543,HAS_LINK_TO
84,1,1408,HAS_LINK_TO
84,1,460,HAS_LINK_TO
84,1,4330,HAS_LINK_TO
84,1,1000,HAS_LINK_TO
84,1,4170,HAS_LINK_TO
84,1,2356,HAS_LINK_TO
84,1,1138,HAS_LINK_TO
84,1,3115,HAS_LINK_TO
84,1,4117,HAS_LINK_TO
84,1,2983,HAS_LINK_TO
84,1,4196,HAS_LINK_TO
84,1,2459,HAS_LINK_TO
84,1,496,HAS_LINK_TO
84,1,3599,HAS_LINK_TO
84,1,2939,HAS_LINK_TO
84,1,1971,HAS_LINK_TO
84,1,3671,HAS_LINK_TO
84,1,3034,HAS_LINK_TO
84,1,225,HAS_LINK_TO
84,1,2238,HAS_LINK_TO
84,1,1406,HAS_LINK_TO
84,1,3748,HAS_LINK_TO
84,1,4152,HAS_LINK_TO
84,1,3437,HAS_LINK_TO
84,1,4246,HAS_LINK_TO
84,1,300,HAS_LINK_TO
84,1,3935,HAS_LINK_TO
84,1,4313,HAS_LINK_TO
84,1,1842,HAS_LINK_TO
84,1,2796,HAS_LINK_TO
84,1,3918,HAS_LINK_TO
84,1,1046,HAS_LINK_TO
84,1,3686,HAS_LINK_TO
84,1,252,HAS_LINK_TO
84,1,1571,HAS_LINK_TO
84,1,1558,HAS_LINK_TO
84,1,3204,HAS_LINK_TO
84,1,4346,HAS_LINK_TO
84,1,2417,HAS_LINK_TO
84,1,2474,HAS_LINK_TO
84,1,1557,HAS_LINK_TO
84,1,1445,HAS_LINK_TO
84,1,1357,HAS_LINK_TO
84,1,3988,HAS_LINK_TO
84,1,3160,HAS_LINK_TO
84,1,1513,HAS_LINK_TO
84,1,3389,HAS_LINK_TO
84,1,4533,HAS_LINK_TO
84,1,2431,HAS_LINK_TO
84,1,203,HAS_LINK_TO
84,1,2840,HAS_LINK_TO
84,1,2755,HAS_LINK_TO
84,1,2770,HAS_LINK_TO
84,1,1660,HAS_LINK_TO
84,1,4453,HAS_LINK_TO
84,1,1683,HAS_LINK_TO
84,1,195,HAS_LINK_TO
84,1,2267,HAS_LINK_TO
84,1,1300,HAS_LINK_TO
84,1,3739,HAS_LINK_TO
84,1,4450,HAS_LINK_TO
84,1,4127,HAS_LINK_TO
84,1,2518,HAS_LINK_TO
84,1,4234,HAS_LINK_TO
84,1,4283,HAS_LINK_TO
84,1,1153,HAS_LINK_TO
84,1,2762,HAS_LINK_TO
84,1,3194,HAS_LINK_TO
84,1,2596,HAS_LINK_TO
84,1,3515,HAS_LINK_TO
84,1,659,HAS_LINK_TO
84,1,3602,HAS_LINK_TO
84,1,2421,HAS_LINK_TO
84,1,3670,HAS_LINK_TO
84,1,381,HAS_LINK_TO
84,1,708,HAS_LINK_TO
84,1,3512,HAS_LINK_TO
84,1,3136,HAS_LINK_TO
84,1,4438,HAS_LINK_TO
84,1,2448,HAS_LINK_TO
84,1,245,HAS_LINK_TO
84,1,869,HAS_LINK_TO
84,1,2104,HAS_LINK_TO
84,1,3937,HAS_LINK_TO
84,1,1546,HAS_LINK_TO
84,1,2177,HAS_LINK_TO
84,1,2612,HAS_LINK_TO
84,1,1160,HAS_LINK_TO
84,1,1181,HAS_LINK_TO
84,1,342,HAS_LINK_TO
84,1,628,HAS_LINK_TO
84,1,2896,HAS_LINK_TO
84,1,2813,HAS_LINK_TO
84,1,416,HAS_LINK_TO
84,1,2355,HAS_LINK_TO
84,1,1395,HAS_LINK_TO
84,1,1992,HAS_LINK_TO
84,1,644,HAS_LINK_TO
84,1,395,HAS_LINK_TO
84,1,810,HAS_LINK_TO
84,1,2136,HAS_LINK_TO
84,1,534,HAS_LINK_TO
84,1,4338,HAS_LINK_TO
84,1,2879,HAS_LINK_TO
84,1,1617,HAS_LINK_TO
84,1,4342,HAS_LINK_TO
84,1,3890,HAS_LINK_TO
84,1,704,HAS_LINK_TO
84,1,2786,HAS_LINK_TO
84,1,4344,HAS_LINK_TO
84,1,4626,HAS_LINK_TO
84,1,407,HAS_LINK_TO
84,1,3687,HAS_LINK_TO
84,1,270,HAS_LINK_TO
84,1,459,HAS_LINK_TO
84,1,1843,HAS_LINK_TO
84,1,3565,HAS_LINK_TO
84,1,3442,HAS_LINK_TO
84,1,1545,HAS_LINK_TO
84,1,2963,HAS_LINK_TO
84,1,2611,HAS_LINK_TO
84,1,3381,HAS_LINK_TO
84,1,1852,HAS_LINK_TO
84,1,181,HAS_LINK_TO
84,1,1465,HAS_LINK_TO
84,1,132,HAS_LINK_TO
84,1,3046,HAS_LINK_TO
84,1,2605,HAS_LINK_TO
84,1,4435,HAS_LINK_TO
84,1,3947,HAS_LINK_TO
84,1,4019,HAS_LINK_TO
84,1,2541,HAS_LINK_TO
84,1,2244,HAS_LINK_TO
84,1,149,HAS_LINK_TO
84,1,1446,HAS_LINK_TO
84,1,4558,HAS_LINK_TO
84,1,700,HAS_LINK_TO
84,1,2607,HAS_LINK_TO
84,1,1419,HAS_LINK_TO
84,1,262,HAS_LINK_TO
84,1,2625,HAS_LINK_TO
84,1,1409,HAS_LINK_TO
84,1,3750,HAS_LINK_TO
84,1,3992,HAS_LINK_TO
84,1,792,HAS_LINK_TO
84,1,3783,HAS_LINK_TO
84,1,219,HAS_LINK_TO
84,1,1580,HAS_LINK_TO
84,1,4220,HAS_LINK_TO
84,1,859,HAS_LINK_TO
84,1,1666,HAS_LINK_TO
84,1,4204,HAS_LINK_TO
84,1,2022,HAS_LINK_TO
84,1,3398,HAS_LINK_TO
84,1,353,HAS_LINK_TO
84,1,3223,HAS_LINK_TO
84,1,2237,HAS_LINK_TO
84,1,805,HAS_LINK_TO
84,1,4298,HAS_LINK_TO
84,1,2070,HAS_LINK_TO
84,1,2025,HAS_LINK_TO
84,1,4530,HAS_LINK_TO
84,1,4555,HAS_LINK_TO
84,1,96,HAS_LINK_TO
84,1,4023,HAS_LINK_TO
84,1,1512,HAS_LINK_TO
84,1,809,HAS_LINK_TO
84,1,2336,HAS_LINK_TO
84,1,3198,HAS_LINK_TO
84,1,707,HAS_LINK_TO
84,1,1199,HAS_LINK_TO
84,1,921,HAS_LINK_TO
84,1,1524,HAS_LINK_TO
84,1,2042,HAS_LINK_TO
84,1,3162,HAS_LINK_TO
84,1,3209,HAS_LINK_TO
84,1,1506,HAS_LINK_TO
84,1,2967,HAS_LINK_TO
84,1,4394,HAS_LINK_TO
84,1,2778,HAS_LINK_TO
84,1,2666,HAS_LINK_TO
84,1,341,HAS_LINK_TO
84,1,2627,HAS_LINK_TO
84,1,687,HAS_LINK_TO
84,1,491,HAS_LINK_TO
84,1,2816,HAS_LINK_TO
84,1,835,HAS_LINK_TO
84,1,3557,HAS_LINK_TO
84,1,3556,HAS_LINK_TO
84,1,760,HAS_LINK_TO
84,1,1379,HAS_LINK_TO
84,1,995,HAS_LINK_TO
84,1,1227,HAS_LINK_TO
84,1,2748,HAS_LINK_TO
84,1,3808,HAS_LINK_TO
84,1,3435,HAS_LINK_TO
84,1,1839,HAS_LINK_TO
84,1,84,HAS_LINK_TO
84,1,596,HAS_LINK_TO
84,1,1154,HAS_LINK_TO
84,1,1176,HAS_LINK_TO
84,1,2341,HAS_LINK_TO
84,1,2819,HAS_LINK_TO
84,1,1232,HAS_LINK_TO
84,1,3764,HAS_LINK_TO
84,1,3466,HAS_LINK_TO
84,1,222,HAS_LINK_TO
84,1,1502,HAS_LINK_TO
84,1,434,HAS_LINK_TO
84,1,1195,HAS_LINK_TO
84,1,1179,HAS_LINK_TO
84,1,637,HAS_LINK_TO
84,1,4032,HAS_LINK_TO
84,1,4550,HAS_LINK_TO
84,1,1743,HAS_LINK_TO
84,1,2746,HAS_LINK_TO
84,1,3986,HAS_LINK_TO
84,1,3075,HAS_LINK_TO
84,1,712,HAS_LINK_TO
84,1,1578,HAS_LINK_TO
84,1,1182,HAS_LINK_TO
84,1,2978,HAS_LINK_TO
84,1,832,HAS_LINK_TO
84,1,1887,HAS_LINK_TO
84,1,4040,HAS_LINK_TO
84,1,2818,HAS_LINK_TO
84,1,4027,HAS_LINK_TO
84,1,352,HAS_LINK_TO
84,1,1303,HAS_LINK_TO
84,1,1719,HAS_LINK_TO
84,1,2696,HAS_LINK_TO
84,1,3471,HAS_LINK_TO
84,1,3403,HAS_LINK_TO
84,1,968,HAS_LINK_TO
84,1,3068,HAS_LINK_TO
84,1,3081,HAS_LINK_TO
84,1,2024,HAS_LINK_TO
84,1,3582,HAS_LINK_TO
84,1,3603,HAS_LINK_TO
84,1,2935,HAS_LINK_TO
84,1,4368,HAS_LINK_TO
84,1,3983,HAS_LINK_TO
84,1,4441,HAS_LINK_TO
84,1,0,HAS_LINK_TO
84,1,689,HAS_LINK_TO
84,1,1657,HAS_LINK_TO
84,1,4401,HAS_LINK_TO
84,1,3904,HAS_LINK_TO
84,1,1620,HAS_LINK_TO
84,1,495,HAS_LINK_TO
84,1,682,HAS_LINK_TO
84,1,4001,HAS_LINK_TO
84,1,3462,HAS_LINK_TO
84,1,1525,HAS_LINK_TO
84,1,3236,HAS_LINK_TO
84,1,1390,HAS_LINK_TO
84,1,1974,HAS_LINK_TO
84,1,4255,HAS_LINK_TO
84,1,2169,HAS_LINK_TO
84,1,1128,HAS_LINK_TO
84,1,2891,HAS_LINK_TO
84,1,1149,HAS_LINK_TO
84,1,3193,HAS_LINK_TO
84,1,2199,HAS_LINK_TO
84,1,1386,HAS_LINK_TO
84,1,272,HAS_LINK_TO
84,1,1250,HAS_LINK_TO
84,1,3898,HAS_LINK_TO
84,1,2565,HAS_LINK_TO
84,1,1872,HAS_LINK_TO
84,1,337,HAS_LINK_TO
84,1,942,HAS_LINK_TO
84,1,1453,HAS_LINK_TO
84,1,3591,HAS_LINK_TO
84,1,2671,HAS_LINK_TO
84,1,328,HAS_LINK_TO
84,1,4288,HAS_LINK_TO
84,1,3049,HAS_LINK_TO
84,1,3436,HAS_LINK_TO
84,1,1669,HAS_LINK_TO
84,1,119,HAS_LINK_TO
84,1,1055,HAS_LINK_TO
84,1,2404,HAS_LINK_TO
84,1,1686,HAS_LINK_TO
84,1,2500,HAS_LINK_TO
84,1,156,HAS_LINK_TO
84,1,1701,HAS_LINK_TO
84,1,3577,HAS_LINK_TO
84,1,1428,HAS_LINK_TO
84,1,3429,HAS_LINK_TO
84,1,312,HAS_LINK_TO
84,1,2626,HAS_LINK_TO
84,1,939,HAS_LINK_TO
84,1,4336,HAS_LINK_TO
84,1,702,HAS_LINK_TO
84,1,2435,HAS_LINK_TO
84,1,436,HAS_LINK_TO
84,1,634,HAS_LINK_TO
84,1,3018,HAS_LINK_TO
84,1,244,HAS_LINK_TO
84,1,3137,HAS_LINK_TO
84,1,4366,HAS_LINK_TO
84,1,475,HAS_LINK_TO
84,1,4248,HAS_LINK_TO
84,1,3613,HAS_LINK_TO
84,1,1772,HAS_LINK_TO
84,1,3940,HAS_LINK_TO
84,1,2271,HAS_LINK_TO
84,1,1863,HAS_LINK_TO
84,1,1180,HAS_LINK_TO
84,1,3989,HAS_LINK_TO
84,1,2759,HAS_LINK_TO
84,1,2486,HAS_LINK_TO
84,1,4560,HAS_LINK_TO
84,1,2925,HAS_LINK_TO
84,1,2230,HAS_LINK_TO
84,1,4483,HAS_LINK_TO
84,1,3174,HAS_LINK_TO
84,1,165,HAS_LINK_TO
84,1,943,HAS_LINK_TO
84,1,1630,HAS_LINK_TO
84,1,738,HAS_LINK_TO
84,1,2946,HAS_LINK_TO
84,1,2712,HAS_LINK_TO
84,1,1792,HAS_LINK_TO
84,1,3469,HAS_LINK_TO
84,1,593,HAS_LINK_TO
84,1,4561,HAS_LINK_TO
84,1,2433,HAS_LINK_TO
84,1,4519,HAS_LINK_TO
84,1,2619,HAS_LINK_TO
84,1,1487,HAS_LINK_TO
84,1,3822,HAS_LINK_TO
84,1,3116,HAS_LINK_TO
84,1,1951,HAS_LINK_TO
84,1,4062,HAS_LINK_TO
84,1,3793,HAS_LINK_TO
84,1,771,HAS_LINK_TO
84,1,4494,HAS_LINK_TO
84,1,2766,HAS_LINK_TO
84,1,3400,HAS_LINK_TO
84,1,173,HAS_LINK_TO
84,1,1909,HAS_LINK_TO
84,1,1994,HAS_LINK_TO
84,1,3620,HAS_LINK_TO
84,1,1936,HAS_LINK_TO
84,1,1374,HAS_LINK_TO
84,1,3481,HAS_LINK_TO
84,1,87,HAS_LINK_TO
84,1,3382,HAS_LINK_TO
84,1,3877,HAS_LINK_TO
84,1,3852,HAS_LINK_TO
84,1,2822,HAS_LINK_TO
84,1,4397,HAS_LINK_TO
84,1,2487,HAS_LINK_TO
84,1,2764,HAS_LINK_TO
84,1,3042,HAS_LINK_TO
84,1,4426,HAS_LINK_TO
84,1,197,HAS_LINK_TO
84,1,1415,HAS_LINK_TO
84,1,1448,HAS_LINK_TO
84,1,1671,HAS_LINK_TO
84,1,1667,HAS_LINK_TO
84,1,2122,HAS_LINK_TO
84,1,2128,HAS_LINK_TO
84,1,698,HAS_LINK_TO
84,1,3461,HAS_LINK_TO
84,1,734,HAS_LINK_TO
84,1,813,HAS_LINK_TO
84,1,3015,HAS_LINK_TO
84,1,3197,HAS_LINK_TO
84,1,2409,HAS_LINK_TO
84,1,4393,HAS_LINK_TO
84,1,1590,HAS_LINK_TO
84,1,1854,HAS_LINK_TO
84,1,4195,HAS_LINK_TO
84,1,4629,HAS_LINK_TO
84,1,483,HAS_LINK_TO
84,1,1727,HAS_LINK_TO
84,1,2423,HAS_LINK_TO
84,1,3570,HAS_LINK_TO
84,1,3633,HAS_LINK_TO
84,1,255,HAS_LINK_TO
84,1,3644,HAS_LINK_TO
84,1,4046,HAS_LINK_TO
84,1,3397,HAS_LINK_TO
84,1,169,HAS_LINK_TO
84,1,394,HAS_LINK_TO
84,1,1086,HAS_LINK_TO
84,1,3440,HAS_LINK_TO
84,1,513,HAS_LINK_TO
84,1,2455,HAS_LINK_TO
84,1,3523,HAS_LINK_TO
84,1,2163,HAS_LINK_TO
84,1,2418,HAS_LINK_TO
84,1,2944,HAS_LINK_TO
84,1,1400,HAS_LINK_TO
84,1,3776,HAS_LINK_TO
84,1,3826,HAS_LINK_TO
84,1,2426,HAS_LINK_TO
84,1,4566,HAS_LINK_TO
84,1,3176,HAS_LINK_TO
84,1,3401,HAS_LINK_TO
84,1,4569,HAS_LINK_TO
84,1,4474,HAS_LINK_TO
84,1,250,HAS_LINK_TO
84,1,4282,HAS_LINK_TO
84,1,2008,HAS_LINK_TO
84,1,3611,HAS_LINK_TO
84,1,3777,HAS_LINK_TO
84,1,4094,HAS_LINK_TO
84,1,1007,HAS_LINK_TO
84,1,1982,HAS_LINK_TO
84,1,640,HAS_LINK_TO
84,1,3827,HAS_LINK_TO
84,1,4485,HAS_LINK_TO
84,1,2557,HAS_LINK_TO
84,1,4233,HAS_LINK_TO
84,1,1159,HAS_LINK_TO
84,1,2470,HAS_LINK_TO
84,1,2678,HAS_LINK_TO
84,1,387,HAS_LINK_TO
84,1,2298,HAS_LINK_TO
85,1,1397,HAS_LINK_TO
85,1,3975,HAS_LINK_TO
85,1,3238,HAS_LINK_TO
85,1,1364,HAS_LINK_TO
85,1,2575,HAS_LINK_TO
85,1,521,HAS_LINK_TO
85,1,2742,HAS_LINK_TO
85,1,1560,HAS_LINK_TO
85,1,1340,HAS_LINK_TO
85,1,3944,HAS_LINK_TO
85,1,586,HAS_LINK_TO
85,1,2023,HAS_LINK_TO
85,1,3624,HAS_LINK_TO
85,1,2279,HAS_LINK_TO
85,1,1260,HAS_LINK_TO
85,1,2805,HAS_LINK_TO
85,1,242,HAS_LINK_TO
85,1,4335,HAS_LINK_TO
85,1,667,HAS_LINK_TO
85,1,1291,HAS_LINK_TO
85,1,1454,HAS_LINK_TO
85,1,1906,HAS_LINK_TO
85,1,4213,HAS_LINK_TO
85,1,393,HAS_LINK_TO
85,1,3514,HAS_LINK_TO
85,1,3888,HAS_LINK_TO
85,1,3420,HAS_LINK_TO
85,1,1449,HAS_LINK_TO
85,1,3434,HAS_LINK_TO
85,1,992,HAS_LINK_TO
85,1,3606,HAS_LINK_TO
85,1,1178,HAS_LINK_TO
85,1,2285,HAS_LINK_TO
85,1,1041,HAS_LINK_TO
85,1,399,HAS_LINK_TO
85,1,396,HAS_LINK_TO
85,1,4140,HAS_LINK_TO
85,1,4145,HAS_LINK_TO
85,1,567,HAS_LINK_TO
85,1,861,HAS_LINK_TO
85,1,3795,HAS_LINK_TO
85,1,618,HAS_LINK_TO
85,1,4043,HAS_LINK_TO
85,1,1700,HAS_LINK_TO
85,1,3747,HAS_LINK_TO
85,1,2001,HAS_LINK_TO
85,1,2450,HAS_LINK_TO
85,1,1412,HAS_LINK_TO
85,1,930,HAS_LINK_TO
85,1,3635,HAS_LINK_TO
85,1,2372,HAS_LINK_TO
85,1,4604,HAS_LINK_TO
85,1,815,HAS_LINK_TO
85,1,487,HAS_LINK_TO
85,1,291,HAS_LINK_TO
85,1,1885,HAS_LINK_TO
85,1,900,HAS_LINK_TO
85,1,1656,HAS_LINK_TO
85,1,3483,HAS_LINK_TO
85,1,688,HAS_LINK_TO
85,1,3891,HAS_LINK_TO
85,1,4036,HAS_LINK_TO
85,1,2739,HAS_LINK_TO
85,1,1876,HAS_LINK_TO
85,1,4434,HAS_LINK_TO
85,1,121,HAS_LINK_TO
85,1,435,HAS_LINK_TO
85,1,1926,HAS_LINK_TO
85,1,3422,HAS_LINK_TO
85,1,2012,HAS_LINK_TO
85,1,403,HAS_LINK_TO
85,1,4413,HAS_LINK_TO
85,1,3216,HAS_LINK_TO
85,1,2151,HAS_LINK_TO
85,1,2530,HAS_LINK_TO
85,1,2385,HAS_LINK_TO
85,1,3539,HAS_LINK_TO
85,1,457,HAS_LINK_TO
85,1,1640,HAS_LINK_TO
85,1,1496,HAS_LINK_TO
85,1,1479,HAS_LINK_TO
85,1,389,HAS_LINK_TO
85,1,922,HAS_LINK_TO
85,1,3575,HAS_LINK_TO
85,1,3796,HAS_LINK_TO
85,1,4547,HAS_LINK_TO
85,1,1855,HAS_LINK_TO
85,1,1331,HAS_LINK_TO
85,1,3107,HAS_LINK_TO
85,1,246,HAS_LINK_TO
85,1,2282,HAS_LINK_TO
85,1,2703,HAS_LINK_TO
85,1,349,HAS_LINK_TO
85,1,3040,HAS_LINK_TO
85,1,1955,HAS_LINK_TO
85,1,2669,HAS_LINK_TO
85,1,843,HAS_LINK_TO
85,1,714,HAS_LINK_TO
85,1,2860,HAS_LINK_TO
85,1,358,HAS_LINK_TO
85,1,4596,HAS_LINK_TO
85,1,2107,HAS_LINK_TO
85,1,3788,HAS_LINK_TO
85,1,2488,HAS_LINK_TO
85,1,1293,HAS_LINK_TO
85,1,1257,HAS_LINK_TO
85,1,159,HAS_LINK_TO
85,1,1366,HAS_LINK_TO
85,1,1868,HAS_LINK_TO
85,1,821,HAS_LINK_TO
85,1,2814,HAS_LINK_TO
85,1,3840,HAS_LINK_TO
85,1,2959,HAS_LINK_TO
85,1,503,HAS_LINK_TO
85,1,2089,HAS_LINK_TO
85,1,1570,HAS_LINK_TO
85,1,1816,HAS_LINK_TO
85,1,2034,HAS_LINK_TO
85,1,990,HAS_LINK_TO
85,1,2065,HAS_LINK_TO
85,1,559,HAS_LINK_TO
85,1,478,HAS_LINK_TO
85,1,536,HAS_LINK_TO
85,1,1779,HAS_LINK_TO
85,1,426,HAS_LINK_TO
85,1,3691,HAS_LINK_TO
85,1,4279,HAS_LINK_TO
85,1,772,HAS_LINK_TO
85,1,1988,HAS_LINK_TO
85,1,3824,HAS_LINK_TO
85,1,4540,HAS_LINK_TO
85,1,1014,HAS_LINK_TO
85,1,4041,HAS_LINK_TO
85,1,2254,HAS_LINK_TO
85,1,2278,HAS_LINK_TO
85,1,598,HAS_LINK_TO
85,1,1427,HAS_LINK_TO
85,1,4093,HAS_LINK_TO
85,1,1113,HAS_LINK_TO
85,1,4013,HAS_LINK_TO
85,1,1584,HAS_LINK_TO
85,1,2281,HAS_LINK_TO
85,1,1158,HAS_LINK_TO
85,1,1026,HAS_LINK_TO
85,1,2868,HAS_LINK_TO
85,1,2362,HAS_LINK_TO
85,1,3035,HAS_LINK_TO
85,1,2673,HAS_LINK_TO
85,1,1802,HAS_LINK_TO
85,1,956,HAS_LINK_TO
85,1,1881,HAS_LINK_TO
85,1,1367,HAS_LINK_TO
85,1,1476,HAS_LINK_TO
85,1,3946,HAS_LINK_TO
85,1,3543,HAS_LINK_TO
85,1,2288,HAS_LINK_TO
85,1,4428,HAS_LINK_TO
85,1,4361,HAS_LINK_TO
85,1,1950,HAS_LINK_TO
85,1,3155,HAS_LINK_TO
85,1,2957,HAS_LINK_TO
85,1,3893,HAS_LINK_TO
85,1,2313,HAS_LINK_TO
85,1,1035,HAS_LINK_TO
85,1,697,HAS_LINK_TO
85,1,844,HAS_LINK_TO
85,1,1320,HAS_LINK_TO
85,1,145,HAS_LINK_TO
85,1,2490,HAS_LINK_TO
85,1,3705,HAS_LINK_TO
85,1,2912,HAS_LINK_TO
85,1,4246,HAS_LINK_TO
85,1,2738,HAS_LINK_TO
85,1,2007,HAS_LINK_TO
85,1,1745,HAS_LINK_TO
85,1,962,HAS_LINK_TO
85,1,677,HAS_LINK_TO
85,1,3199,HAS_LINK_TO
85,1,2203,HAS_LINK_TO
85,1,2376,HAS_LINK_TO
85,1,774,HAS_LINK_TO
85,1,1079,HAS_LINK_TO
85,1,2556,HAS_LINK_TO
85,1,456,HAS_LINK_TO
85,1,4419,HAS_LINK_TO
85,1,1198,HAS_LINK_TO
85,1,1309,HAS_LINK_TO
85,1,2036,HAS_LINK_TO
85,1,752,HAS_LINK_TO
85,1,3521,HAS_LINK_TO
85,1,1531,HAS_LINK_TO
85,1,2173,HAS_LINK_TO
85,1,3465,HAS_LINK_TO
85,1,3590,HAS_LINK_TO
85,1,739,HAS_LINK_TO
85,1,2430,HAS_LINK_TO
85,1,1477,HAS_LINK_TO
85,1,1127,HAS_LINK_TO
85,1,2594,HAS_LINK_TO
85,1,3619,HAS_LINK_TO
85,1,4201,HAS_LINK_TO
85,1,535,HAS_LINK_TO
85,1,1993,HAS_LINK_TO
85,1,636,HAS_LINK_TO
85,1,4285,HAS_LINK_TO
85,1,1104,HAS_LINK_TO
85,1,3931,HAS_LINK_TO
85,1,1967,HAS_LINK_TO
85,1,4325,HAS_LINK_TO
85,1,621,HAS_LINK_TO
85,1,1368,HAS_LINK_TO
85,1,4365,HAS_LINK_TO
85,1,511,HAS_LINK_TO
85,1,1561,HAS_LINK_TO
85,1,3011,HAS_LINK_TO
85,1,2564,HAS_LINK_TO
85,1,1774,HAS_LINK_TO
85,1,869,HAS_LINK_TO
85,1,3388,HAS_LINK_TO
85,1,3803,HAS_LINK_TO
85,1,253,HAS_LINK_TO
85,1,1100,HAS_LINK_TO
85,1,874,HAS_LINK_TO
85,1,2270,HAS_LINK_TO
85,1,4317,HAS_LINK_TO
85,1,558,HAS_LINK_TO
85,1,1935,HAS_LINK_TO
85,1,2056,HAS_LINK_TO
85,1,3802,HAS_LINK_TO
85,1,2886,HAS_LINK_TO
85,1,3187,HAS_LINK_TO
85,1,1829,HAS_LINK_TO
85,1,1029,HAS_LINK_TO
85,1,1586,HAS_LINK_TO
85,1,2918,HAS_LINK_TO
85,1,3998,HAS_LINK_TO
85,1,3459,HAS_LINK_TO
85,1,493,HAS_LINK_TO
85,1,3965,HAS_LINK_TO
85,1,2269,HAS_LINK_TO
85,1,3062,HAS_LINK_TO
85,1,1069,HAS_LINK_TO
85,1,2616,HAS_LINK_TO
85,1,1987,HAS_LINK_TO
85,1,1432,HAS_LINK_TO
85,1,2076,HAS_LINK_TO
85,1,1733,HAS_LINK_TO
85,1,320,HAS_LINK_TO
85,1,828,HAS_LINK_TO
85,1,4571,HAS_LINK_TO
85,1,1819,HAS_LINK_TO
85,1,1011,HAS_LINK_TO
85,1,1642,HAS_LINK_TO
85,1,1934,HAS_LINK_TO
85,1,2370,HAS_LINK_TO
85,1,1980,HAS_LINK_TO
85,1,2408,HAS_LINK_TO
85,1,3156,HAS_LINK_TO
85,1,135,HAS_LINK_TO
85,1,3640,HAS_LINK_TO
85,1,3982,HAS_LINK_TO
85,1,864,HAS_LINK_TO
85,1,3572,HAS_LINK_TO
85,1,4019,HAS_LINK_TO
85,1,2139,HAS_LINK_TO
85,1,506,HAS_LINK_TO
85,1,3103,HAS_LINK_TO
85,1,1626,HAS_LINK_TO
85,1,4521,HAS_LINK_TO
85,1,3846,HAS_LINK_TO
85,1,651,HAS_LINK_TO
85,1,1414,HAS_LINK_TO
85,1,2777,HAS_LINK_TO
85,1,2051,HAS_LINK_TO
85,1,1308,HAS_LINK_TO
85,1,241,HAS_LINK_TO
85,1,972,HAS_LINK_TO
85,1,3948,HAS_LINK_TO
85,1,2817,HAS_LINK_TO
85,1,1551,HAS_LINK_TO
85,1,2629,HAS_LINK_TO
85,1,977,HAS_LINK_TO
85,1,2153,HAS_LINK_TO
85,1,1574,HAS_LINK_TO
85,1,154,HAS_LINK_TO
85,1,2984,HAS_LINK_TO
85,1,3223,HAS_LINK_TO
85,1,565,HAS_LINK_TO
85,1,3860,HAS_LINK_TO
85,1,756,HAS_LINK_TO
85,1,2943,HAS_LINK_TO
85,1,1481,HAS_LINK_TO
85,1,2133,HAS_LINK_TO
85,1,568,HAS_LINK_TO
85,1,3079,HAS_LINK_TO
85,1,4424,HAS_LINK_TO
85,1,3070,HAS_LINK_TO
85,1,3841,HAS_LINK_TO
85,1,635,HAS_LINK_TO
85,1,2451,HAS_LINK_TO
85,1,1559,HAS_LINK_TO
85,1,4421,HAS_LINK_TO
85,1,2368,HAS_LINK_TO
85,1,1778,HAS_LINK_TO
85,1,2926,HAS_LINK_TO
85,1,438,HAS_LINK_TO
85,1,4456,HAS_LINK_TO
85,1,2052,HAS_LINK_TO
85,1,3106,HAS_LINK_TO
85,1,239,HAS_LINK_TO
85,1,4412,HAS_LINK_TO
85,1,1371,HAS_LINK_TO
85,1,1092,HAS_LINK_TO
85,1,2524,HAS_LINK_TO
85,1,2482,HAS_LINK_TO
85,1,1131,HAS_LINK_TO
85,1,4323,HAS_LINK_TO
85,1,3943,HAS_LINK_TO
85,1,350,HAS_LINK_TO
85,1,1093,HAS_LINK_TO
85,1,2952,HAS_LINK_TO
85,1,3801,HAS_LINK_TO
85,1,287,HAS_LINK_TO
85,1,986,HAS_LINK_TO
85,1,2483,HAS_LINK_TO
85,1,1508,HAS_LINK_TO
85,1,2747,HAS_LINK_TO
85,1,2802,HAS_LINK_TO
85,1,3533,HAS_LINK_TO
85,1,3756,HAS_LINK_TO
85,1,2093,HAS_LINK_TO
85,1,3405,HAS_LINK_TO
85,1,4621,HAS_LINK_TO
85,1,4302,HAS_LINK_TO
85,1,2147,HAS_LINK_TO
85,1,3792,HAS_LINK_TO
85,1,508,HAS_LINK_TO
85,1,329,HAS_LINK_TO
85,1,3458,HAS_LINK_TO
85,1,4247,HAS_LINK_TO
85,1,751,HAS_LINK_TO
85,1,1080,HAS_LINK_TO
85,1,1288,HAS_LINK_TO
85,1,153,HAS_LINK_TO
85,1,3016,HAS_LINK_TO
85,1,319,HAS_LINK_TO
85,1,789,HAS_LINK_TO
85,1,1818,HAS_LINK_TO
85,1,706,HAS_LINK_TO
85,1,780,HAS_LINK_TO
85,1,2689,HAS_LINK_TO
85,1,3610,HAS_LINK_TO
85,1,2630,HAS_LINK_TO
85,1,878,HAS_LINK_TO
85,1,3604,HAS_LINK_TO
85,1,3811,HAS_LINK_TO
85,1,3482,HAS_LINK_TO
85,1,2123,HAS_LINK_TO
85,1,680,HAS_LINK_TO
85,1,3662,HAS_LINK_TO
85,1,4053,HAS_LINK_TO
85,1,3821,HAS_LINK_TO
85,1,836,HAS_LINK_TO
85,1,3690,HAS_LINK_TO
85,1,2855,HAS_LINK_TO
85,1,1777,HAS_LINK_TO
85,1,2552,HAS_LINK_TO
85,1,4176,HAS_LINK_TO
85,1,105,HAS_LINK_TO
85,1,3153,HAS_LINK_TO
85,1,2263,HAS_LINK_TO
85,1,1879,HAS_LINK_TO
85,1,1917,HAS_LINK_TO
85,1,2698,HAS_LINK_TO
85,1,4185,HAS_LINK_TO
85,1,4502,HAS_LINK_TO
85,1,3798,HAS_LINK_TO
85,1,2706,HAS_LINK_TO
85,1,3658,HAS_LINK_TO
85,1,1492,HAS_LINK_TO
85,1,1836,HAS_LINK_TO
85,1,4200,HAS_LINK_TO
85,1,1631,HAS_LINK_TO
85,1,2893,HAS_LINK_TO
85,1,1837,HAS_LINK_TO
85,1,2361,HAS_LINK_TO
85,1,3087,HAS_LINK_TO
85,1,1321,HAS_LINK_TO
85,1,485,HAS_LINK_TO
85,1,2277,HAS_LINK_TO
85,1,93,HAS_LINK_TO
85,1,1478,HAS_LINK_TO
85,1,1682,HAS_LINK_TO
85,1,3733,HAS_LINK_TO
85,1,2743,HAS_LINK_TO
85,1,1712,HAS_LINK_TO
85,1,2873,HAS_LINK_TO
85,1,1964,HAS_LINK_TO
85,1,764,HAS_LINK_TO
85,1,1658,HAS_LINK_TO
85,1,3009,HAS_LINK_TO
85,1,3044,HAS_LINK_TO
85,1,4500,HAS_LINK_TO
85,1,2545,HAS_LINK_TO
85,1,1475,HAS_LINK_TO
85,1,2489,HAS_LINK_TO
85,1,4433,HAS_LINK_TO
85,1,3987,HAS_LINK_TO
85,1,4251,HAS_LINK_TO
85,1,3842,HAS_LINK_TO
85,1,744,HAS_LINK_TO
85,1,3866,HAS_LINK_TO
85,1,423,HAS_LINK_TO
85,1,1473,HAS_LINK_TO
85,1,955,HAS_LINK_TO
85,1,3158,HAS_LINK_TO
85,1,1610,HAS_LINK_TO
85,1,3980,HAS_LINK_TO
85,1,3652,HAS_LINK_TO
85,1,4006,HAS_LINK_TO
85,1,649,HAS_LINK_TO
85,1,249,HAS_LINK_TO
85,1,4050,HAS_LINK_TO
85,1,442,HAS_LINK_TO
85,1,1684,HAS_LINK_TO
85,1,524,HAS_LINK_TO
85,1,816,HAS_LINK_TO
85,1,1958,HAS_LINK_TO
85,1,3865,HAS_LINK_TO
85,1,1939,HAS_LINK_TO
85,1,2811,HAS_LINK_TO
85,1,3043,HAS_LINK_TO
85,1,2053,HAS_LINK_TO
85,1,2839,HAS_LINK_TO
85,1,3997,HAS_LINK_TO
85,1,2247,HAS_LINK_TO
85,1,2950,HAS_LINK_TO
85,1,4206,HAS_LINK_TO
85,1,3141,HAS_LINK_TO
85,1,1276,HAS_LINK_TO
85,1,638,HAS_LINK_TO
85,1,3628,HAS_LINK_TO
85,1,4482,HAS_LINK_TO
85,1,2757,HAS_LINK_TO
85,1,3916,HAS_LINK_TO
85,1,4210,HAS_LINK_TO
85,1,2553,HAS_LINK_TO
85,1,3784,HAS_LINK_TO
85,1,4505,HAS_LINK_TO
85,1,4607,HAS_LINK_TO
85,1,85,HAS_LINK_TO
85,1,1805,HAS_LINK_TO
85,1,4606,HAS_LINK_TO
85,1,3387,HAS_LINK_TO
85,1,4203,HAS_LINK_TO
85,1,1064,HAS_LINK_TO
85,1,123,HAS_LINK_TO
85,1,1583,HAS_LINK_TO
85,1,2293,HAS_LINK_TO
85,1,3810,HAS_LINK_TO
85,1,3945,HAS_LINK_TO
85,1,1480,HAS_LINK_TO
85,1,376,HAS_LINK_TO
85,1,3797,HAS_LINK_TO
85,1,4431,HAS_LINK_TO
85,1,4008,HAS_LINK_TO
85,1,2049,HAS_LINK_TO
85,1,4495,HAS_LINK_TO
85,1,1136,HAS_LINK_TO
85,1,4623,HAS_LINK_TO
85,1,2308,HAS_LINK_TO
85,1,4360,HAS_LINK_TO
85,1,1028,HAS_LINK_TO
85,1,600,HAS_LINK_TO
85,1,2905,HAS_LINK_TO
85,1,2966,HAS_LINK_TO
85,1,2720,HAS_LINK_TO
85,1,1053,HAS_LINK_TO
85,1,3444,HAS_LINK_TO
85,1,3116,HAS_LINK_TO
85,1,646,HAS_LINK_TO
85,1,926,HAS_LINK_TO
85,1,1909,HAS_LINK_TO
85,1,1817,HAS_LINK_TO
85,1,1027,HAS_LINK_TO
85,1,2951,HAS_LINK_TO
85,1,1332,HAS_LINK_TO
85,1,1050,HAS_LINK_TO
85,1,1755,HAS_LINK_TO
85,1,2432,HAS_LINK_TO
85,1,4609,HAS_LINK_TO
85,1,2083,HAS_LINK_TO
85,1,1404,HAS_LINK_TO
85,1,3517,HAS_LINK_TO
85,1,3083,HAS_LINK_TO
85,1,1962,HAS_LINK_TO
85,1,1474,HAS_LINK_TO
85,1,514,HAS_LINK_TO
85,1,3724,HAS_LINK_TO
85,1,4035,HAS_LINK_TO
85,1,1776,HAS_LINK_TO
85,1,2533,HAS_LINK_TO
85,1,1848,HAS_LINK_TO
85,1,170,HAS_LINK_TO
85,1,3418,HAS_LINK_TO
85,1,2436,HAS_LINK_TO
85,1,1968,HAS_LINK_TO
85,1,4532,HAS_LINK_TO
85,1,3787,HAS_LINK_TO
85,1,2268,HAS_LINK_TO
85,1,2439,HAS_LINK_TO
85,1,569,HAS_LINK_TO
85,1,1676,HAS_LINK_TO
85,1,327,HAS_LINK_TO
85,1,3799,HAS_LINK_TO
85,1,1979,HAS_LINK_TO
85,1,1576,HAS_LINK_TO
85,1,236,HAS_LINK_TO
85,1,3952,HAS_LINK_TO
85,1,4574,HAS_LINK_TO
85,1,2491,HAS_LINK_TO
85,1,840,HAS_LINK_TO
85,1,1433,HAS_LINK_TO
85,1,1550,HAS_LINK_TO
85,1,2434,HAS_LINK_TO
85,1,3897,HAS_LINK_TO
85,1,3941,HAS_LINK_TO
85,1,3433,HAS_LINK_TO
85,1,98,HAS_LINK_TO
85,1,1845,HAS_LINK_TO
85,1,80,HAS_LINK_TO
85,1,437,HAS_LINK_TO
85,1,2174,HAS_LINK_TO
85,1,2826,HAS_LINK_TO
85,1,663,HAS_LINK_TO
85,1,1704,HAS_LINK_TO
85,1,2105,HAS_LINK_TO
85,1,1302,HAS_LINK_TO
85,1,571,HAS_LINK_TO
85,1,1239,HAS_LINK_TO
85,1,4005,HAS_LINK_TO
85,1,1012,HAS_LINK_TO
85,1,4389,HAS_LINK_TO
85,1,507,HAS_LINK_TO
85,1,3558,HAS_LINK_TO
85,1,1184,HAS_LINK_TO
85,1,486,HAS_LINK_TO
85,1,1469,HAS_LINK_TO
85,1,122,HAS_LINK_TO
85,1,3618,HAS_LINK_TO
85,1,2000,HAS_LINK_TO
85,1,4451,HAS_LINK_TO
85,1,851,HAS_LINK_TO
85,1,2158,HAS_LINK_TO
85,1,1319,HAS_LINK_TO
85,1,684,HAS_LINK_TO
85,1,1851,HAS_LINK_TO
85,1,887,HAS_LINK_TO
85,1,113,HAS_LINK_TO
86,1,3818,HAS_LINK_TO
86,1,2575,HAS_LINK_TO
86,1,521,HAS_LINK_TO
86,1,3415,HAS_LINK_TO
86,1,3759,HAS_LINK_TO
86,1,1514,HAS_LINK_TO
86,1,4399,HAS_LINK_TO
86,1,2784,HAS_LINK_TO
86,1,1963,HAS_LINK_TO
86,1,685,HAS_LINK_TO
86,1,745,HAS_LINK_TO
86,1,3850,HAS_LINK_TO
86,1,2291,HAS_LINK_TO
86,1,2973,HAS_LINK_TO
86,1,3913,HAS_LINK_TO
86,1,378,HAS_LINK_TO
86,1,1459,HAS_LINK_TO
86,1,2297,HAS_LINK_TO
86,1,1906,HAS_LINK_TO
86,1,3550,HAS_LINK_TO
86,1,3527,HAS_LINK_TO
86,1,1067,HAS_LINK_TO
86,1,2909,HAS_LINK_TO
86,1,1461,HAS_LINK_TO
86,1,1425,HAS_LINK_TO
86,1,3208,HAS_LINK_TO
86,1,1060,HAS_LINK_TO
86,1,3025,HAS_LINK_TO
86,1,1278,HAS_LINK_TO
86,1,3584,HAS_LINK_TO
86,1,499,HAS_LINK_TO
86,1,3185,HAS_LINK_TO
86,1,4145,HAS_LINK_TO
86,1,396,HAS_LINK_TO
86,1,567,HAS_LINK_TO
86,1,2710,HAS_LINK_TO
86,1,2936,HAS_LINK_TO
86,1,3709,HAS_LINK_TO
86,1,602,HAS_LINK_TO
86,1,3150,HAS_LINK_TO
86,1,3424,HAS_LINK_TO
86,1,2527,HAS_LINK_TO
86,1,3635,HAS_LINK_TO
86,1,2284,HAS_LINK_TO
86,1,2144,HAS_LINK_TO
86,1,2167,HAS_LINK_TO
86,1,3758,HAS_LINK_TO
86,1,444,HAS_LINK_TO
86,1,1494,HAS_LINK_TO
86,1,1468,HAS_LINK_TO
86,1,1788,HAS_LINK_TO
86,1,2252,HAS_LINK_TO
86,1,4633,HAS_LINK_TO
86,1,2332,HAS_LINK_TO
86,1,290,HAS_LINK_TO
86,1,731,HAS_LINK_TO
86,1,4362,HAS_LINK_TO
86,1,4183,HAS_LINK_TO
86,1,1369,HAS_LINK_TO
86,1,3508,HAS_LINK_TO
86,1,4491,HAS_LINK_TO
86,1,1471,HAS_LINK_TO
86,1,3863,HAS_LINK_TO
86,1,2066,HAS_LINK_TO
86,1,4580,HAS_LINK_TO
86,1,1490,HAS_LINK_TO
86,1,4447,HAS_LINK_TO
86,1,2779,HAS_LINK_TO
86,1,2563,HAS_LINK_TO
86,1,3833,HAS_LINK_TO
86,1,2499,HAS_LINK_TO
86,1,3669,HAS_LINK_TO
86,1,3427,HAS_LINK_TO
86,1,827,HAS_LINK_TO
86,1,766,HAS_LINK_TO
86,1,3578,HAS_LINK_TO
86,1,1835,HAS_LINK_TO
86,1,2752,HAS_LINK_TO
86,1,4297,HAS_LINK_TO
86,1,880,HAS_LINK_TO
86,1,3657,HAS_LINK_TO
86,1,351,HAS_LINK_TO
86,1,4139,HAS_LINK_TO
86,1,2860,HAS_LINK_TO
86,1,150,HAS_LINK_TO
86,1,1568,HAS_LINK_TO
86,1,2107,HAS_LINK_TO
86,1,3964,HAS_LINK_TO
86,1,2041,HAS_LINK_TO
86,1,1257,HAS_LINK_TO
86,1,758,HAS_LINK_TO
86,1,1663,HAS_LINK_TO
86,1,3706,HAS_LINK_TO
86,1,4581,HAS_LINK_TO
86,1,3894,HAS_LINK_TO
86,1,503,HAS_LINK_TO
86,1,2262,HAS_LINK_TO
86,1,2187,HAS_LINK_TO
86,1,2709,HAS_LINK_TO
86,1,4150,HAS_LINK_TO
86,1,3067,HAS_LINK_TO
86,1,458,HAS_LINK_TO
86,1,528,HAS_LINK_TO
86,1,588,HAS_LINK_TO
86,1,2449,HAS_LINK_TO
86,1,4218,HAS_LINK_TO
86,1,4101,HAS_LINK_TO
86,1,1988,HAS_LINK_TO
86,1,857,HAS_LINK_TO
86,1,445,HAS_LINK_TO
86,1,1510,HAS_LINK_TO
86,1,4033,HAS_LINK_TO
86,1,4345,HAS_LINK_TO
86,1,4217,HAS_LINK_TO
86,1,512,HAS_LINK_TO
86,1,916,HAS_LINK_TO
86,1,1316,HAS_LINK_TO
86,1,842,HAS_LINK_TO
86,1,368,HAS_LINK_TO
86,1,1466,HAS_LINK_TO
86,1,4613,HAS_LINK_TO
86,1,1401,HAS_LINK_TO
86,1,4471,HAS_LINK_TO
86,1,2930,HAS_LINK_TO
86,1,4400,HAS_LINK_TO
86,1,1870,HAS_LINK_TO
86,1,3064,HAS_LINK_TO
86,1,2958,HAS_LINK_TO
86,1,2438,HAS_LINK_TO
86,1,846,HAS_LINK_TO
86,1,1013,HAS_LINK_TO
86,1,3884,HAS_LINK_TO
86,1,1850,HAS_LINK_TO
86,1,3862,HAS_LINK_TO
86,1,1806,HAS_LINK_TO
86,1,2011,HAS_LINK_TO
86,1,3807,HAS_LINK_TO
86,1,4525,HAS_LINK_TO
86,1,4225,HAS_LINK_TO
86,1,488,HAS_LINK_TO
86,1,4328,HAS_LINK_TO
86,1,3893,HAS_LINK_TO
86,1,296,HAS_LINK_TO
86,1,79,HAS_LINK_TO
86,1,489,HAS_LINK_TO
86,1,1216,HAS_LINK_TO
86,1,1290,HAS_LINK_TO
86,1,1569,HAS_LINK_TO
86,1,538,HAS_LINK_TO
86,1,3889,HAS_LINK_TO
86,1,4246,HAS_LINK_TO
86,1,4231,HAS_LINK_TO
86,1,696,HAS_LINK_TO
86,1,1884,HAS_LINK_TO
86,1,525,HAS_LINK_TO
86,1,4307,HAS_LINK_TO
86,1,2221,HAS_LINK_TO
86,1,3563,HAS_LINK_TO
86,1,1059,HAS_LINK_TO
86,1,2203,HAS_LINK_TO
86,1,717,HAS_LINK_TO
86,1,2921,HAS_LINK_TO
86,1,1054,HAS_LINK_TO
86,1,86,HAS_LINK_TO
86,1,716,HAS_LINK_TO
86,1,3521,HAS_LINK_TO
86,1,4017,HAS_LINK_TO
86,1,4572,HAS_LINK_TO
86,1,2427,HAS_LINK_TO
86,1,2013,HAS_LINK_TO
86,1,116,HAS_LINK_TO
86,1,479,HAS_LINK_TO
86,1,247,HAS_LINK_TO
86,1,3991,HAS_LINK_TO
86,1,2424,HAS_LINK_TO
86,1,2166,HAS_LINK_TO
86,1,2840,HAS_LINK_TO
86,1,2594,HAS_LINK_TO
86,1,2040,HAS_LINK_TO
86,1,3762,HAS_LINK_TO
86,1,4126,HAS_LINK_TO
86,1,2088,HAS_LINK_TO
86,1,391,HAS_LINK_TO
86,1,3560,HAS_LINK_TO
86,1,4573,HAS_LINK_TO
86,1,3180,HAS_LINK_TO
86,1,2852,HAS_LINK_TO
86,1,776,HAS_LINK_TO
86,1,574,HAS_LINK_TO
86,1,3585,HAS_LINK_TO
86,1,621,HAS_LINK_TO
86,1,1561,HAS_LINK_TO
86,1,3886,HAS_LINK_TO
86,1,1889,HAS_LINK_TO
86,1,3809,HAS_LINK_TO
86,1,3794,HAS_LINK_TO
86,1,1467,HAS_LINK_TO
86,1,869,HAS_LINK_TO
86,1,795,HAS_LINK_TO
86,1,1121,HAS_LINK_TO
86,1,4630,HAS_LINK_TO
86,1,2410,HAS_LINK_TO
86,1,4457,HAS_LINK_TO
86,1,1781,HAS_LINK_TO
86,1,2415,HAS_LINK_TO
86,1,447,HAS_LINK_TO
86,1,2972,HAS_LINK_TO
86,1,4193,HAS_LINK_TO
86,1,2502,HAS_LINK_TO
86,1,3459,HAS_LINK_TO
86,1,2048,HAS_LINK_TO
86,1,115,HAS_LINK_TO
86,1,1090,HAS_LINK_TO
86,1,3215,HAS_LINK_TO
86,1,4312,HAS_LINK_TO
86,1,1069,HAS_LINK_TO
86,1,1343,HAS_LINK_TO
86,1,3581,HAS_LINK_TO
86,1,841,HAS_LINK_TO
86,1,4136,HAS_LINK_TO
86,1,3736,HAS_LINK_TO
86,1,1566,HAS_LINK_TO
86,1,1507,HAS_LINK_TO
86,1,3045,HAS_LINK_TO
86,1,3738,HAS_LINK_TO
86,1,1355,HAS_LINK_TO
86,1,2986,HAS_LINK_TO
86,1,1638,HAS_LINK_TO
86,1,2597,HAS_LINK_TO
86,1,311,HAS_LINK_TO
86,1,4411,HAS_LINK_TO
86,1,143,HAS_LINK_TO
86,1,339,HAS_LINK_TO
86,1,3390,HAS_LINK_TO
86,1,3999,HAS_LINK_TO
86,1,64,HAS_LINK_TO
86,1,3697,HAS_LINK_TO
86,1,4019,HAS_LINK_TO
86,1,2392,HAS_LINK_TO
86,1,2705,HAS_LINK_TO
86,1,2121,HAS_LINK_TO
86,1,506,HAS_LINK_TO
86,1,3922,HAS_LINK_TO
86,1,3693,HAS_LINK_TO
86,1,540,HAS_LINK_TO
86,1,1626,HAS_LINK_TO
86,1,2103,HAS_LINK_TO
86,1,3939,HAS_LINK_TO
86,1,2771,HAS_LINK_TO
86,1,3148,HAS_LINK_TO
86,1,2429,HAS_LINK_TO
86,1,3541,HAS_LINK_TO
86,1,4263,HAS_LINK_TO
86,1,3144,HAS_LINK_TO
86,1,2030,HAS_LINK_TO
86,1,3516,HAS_LINK_TO
86,1,3223,HAS_LINK_TO
86,1,565,HAS_LINK_TO
86,1,3860,HAS_LINK_TO
86,1,4632,HAS_LINK_TO
86,1,3084,HAS_LINK_TO
86,1,4158,HAS_LINK_TO
86,1,4641,HAS_LINK_TO
86,1,715,HAS_LINK_TO
86,1,3473,HAS_LINK_TO
86,1,769,HAS_LINK_TO
86,1,4514,HAS_LINK_TO
86,1,3232,HAS_LINK_TO
86,1,3210,HAS_LINK_TO
86,1,4016,HAS_LINK_TO
86,1,3228,HAS_LINK_TO
86,1,2740,HAS_LINK_TO
86,1,3073,HAS_LINK_TO
86,1,1310,HAS_LINK_TO
86,1,1506,HAS_LINK_TO
86,1,2872,HAS_LINK_TO
86,1,4484,HAS_LINK_TO
86,1,1371,HAS_LINK_TO
86,1,3571,HAS_LINK_TO
86,1,3943,HAS_LINK_TO
86,1,287,HAS_LINK_TO
86,1,3756,HAS_LINK_TO
86,1,1585,HAS_LINK_TO
86,1,3217,HAS_LINK_TO
86,1,2258,HAS_LINK_TO
86,1,166,HAS_LINK_TO
86,1,469,HAS_LINK_TO
86,1,2217,HAS_LINK_TO
86,1,4395,HAS_LINK_TO
86,1,4130,HAS_LINK_TO
86,1,2688,HAS_LINK_TO
86,1,366,HAS_LINK_TO
86,1,4028,HAS_LINK_TO
86,1,1304,HAS_LINK_TO
86,1,2123,HAS_LINK_TO
86,1,2853,HAS_LINK_TO
86,1,112,HAS_LINK_TO
86,1,3413,HAS_LINK_TO
86,1,2851,HAS_LINK_TO
86,1,2216,HAS_LINK_TO
86,1,1918,HAS_LINK_TO
86,1,2175,HAS_LINK_TO
86,1,3380,HAS_LINK_TO
86,1,4092,HAS_LINK_TO
86,1,498,HAS_LINK_TO
86,1,124,HAS_LINK_TO
86,1,298,HAS_LINK_TO
86,1,4415,HAS_LINK_TO
86,1,678,HAS_LINK_TO
86,1,976,HAS_LINK_TO
86,1,587,HAS_LINK_TO
86,1,831,HAS_LINK_TO
86,1,2922,HAS_LINK_TO
86,1,2249,HAS_LINK_TO
86,1,4060,HAS_LINK_TO
86,1,4304,HAS_LINK_TO
86,1,4118,HAS_LINK_TO
86,1,2507,HAS_LINK_TO
86,1,4146,HAS_LINK_TO
86,1,833,HAS_LINK_TO
86,1,2170,HAS_LINK_TO
86,1,609,HAS_LINK_TO
86,1,3421,HAS_LINK_TO
86,1,1940,HAS_LINK_TO
86,1,4125,HAS_LINK_TO
86,1,3984,HAS_LINK_TO
86,1,4430,HAS_LINK_TO
86,1,896,HAS_LINK_TO
86,1,3087,HAS_LINK_TO
86,1,1883,HAS_LINK_TO
86,1,530,HAS_LINK_TO
86,1,2503,HAS_LINK_TO
86,1,1869,HAS_LINK_TO
86,1,4616,HAS_LINK_TO
86,1,1129,HAS_LINK_TO
86,1,3443,HAS_LINK_TO
86,1,3494,HAS_LINK_TO
86,1,3906,HAS_LINK_TO
86,1,1624,HAS_LINK_TO
86,1,520,HAS_LINK_TO
86,1,448,HAS_LINK_TO
86,1,2399,HAS_LINK_TO
86,1,633,HAS_LINK_TO
86,1,2064,HAS_LINK_TO
86,1,4391,HAS_LINK_TO
86,1,3231,HAS_LINK_TO
86,1,2191,HAS_LINK_TO
86,1,2876,HAS_LINK_TO
86,1,4322,HAS_LINK_TO
86,1,4232,HAS_LINK_TO
86,1,4487,HAS_LINK_TO
86,1,1661,HAS_LINK_TO
86,1,1462,HAS_LINK_TO
86,1,4216,HAS_LINK_TO
86,1,4052,HAS_LINK_TO
86,1,1945,HAS_LINK_TO
86,1,1736,HAS_LINK_TO
86,1,2292,HAS_LINK_TO
86,1,1900,HAS_LINK_TO
86,1,1081,HAS_LINK_TO
86,1,3654,HAS_LINK_TO
86,1,612,HAS_LINK_TO
86,1,2580,HAS_LINK_TO
86,1,136,HAS_LINK_TO
86,1,2897,HAS_LINK_TO
86,1,3692,HAS_LINK_TO
86,1,1353,HAS_LINK_TO
86,1,2961,HAS_LINK_TO
86,1,1511,HAS_LINK_TO
86,1,3816,HAS_LINK_TO
86,1,3467,HAS_LINK_TO
86,1,484,HAS_LINK_TO
86,1,1434,HAS_LINK_TO
86,1,2631,HAS_LINK_TO
86,1,4055,HAS_LINK_TO
86,1,4505,HAS_LINK_TO
86,1,2674,HAS_LINK_TO
86,1,2384,HAS_LINK_TO
86,1,1470,HAS_LINK_TO
86,1,3151,HAS_LINK_TO
86,1,4265,HAS_LINK_TO
86,1,2856,HAS_LINK_TO
86,1,1030,HAS_LINK_TO
86,1,783,HAS_LINK_TO
86,1,4249,HAS_LINK_TO
86,1,4274,HAS_LINK_TO
86,1,3191,HAS_LINK_TO
86,1,1739,HAS_LINK_TO
86,1,3626,HAS_LINK_TO
86,1,3945,HAS_LINK_TO
86,1,481,HAS_LINK_TO
86,1,2820,HAS_LINK_TO
86,1,1018,HAS_LINK_TO
86,1,3469,HAS_LINK_TO
86,1,2387,HAS_LINK_TO
86,1,1161,HAS_LINK_TO
86,1,3212,HAS_LINK_TO
86,1,675,HAS_LINK_TO
86,1,2031,HAS_LINK_TO
86,1,388,HAS_LINK_TO
86,1,2977,HAS_LINK_TO
86,1,4059,HAS_LINK_TO
86,1,3622,HAS_LINK_TO
86,1,1047,HAS_LINK_TO
86,1,1017,HAS_LINK_TO
86,1,4396,HAS_LINK_TO
86,1,3116,HAS_LINK_TO
86,1,4062,HAS_LINK_TO
86,1,3583,HAS_LINK_TO
86,1,1280,HAS_LINK_TO
86,1,1038,HAS_LINK_TO
86,1,4617,HAS_LINK_TO
86,1,2773,HAS_LINK_TO
86,1,1909,HAS_LINK_TO
86,1,1147,HAS_LINK_TO
86,1,4416,HAS_LINK_TO
86,1,2928,HAS_LINK_TO
86,1,768,HAS_LINK_TO
86,1,797,HAS_LINK_TO
86,1,3052,HAS_LINK_TO
86,1,4397,HAS_LINK_TO
86,1,2085,HAS_LINK_TO
86,1,3172,HAS_LINK_TO
86,1,1299,HAS_LINK_TO
86,1,657,HAS_LINK_TO
86,1,514,HAS_LINK_TO
86,1,2751,HAS_LINK_TO
86,1,4319,HAS_LINK_TO
86,1,1848,HAS_LINK_TO
86,1,3914,HAS_LINK_TO
86,1,1088,HAS_LINK_TO
86,1,2062,HAS_LINK_TO
86,1,3977,HAS_LINK_TO
86,1,1245,HAS_LINK_TO
86,1,2218,HAS_LINK_TO
86,1,569,HAS_LINK_TO
86,1,679,HAS_LINK_TO
86,1,3525,HAS_LINK_TO
86,1,695,HAS_LINK_TO
86,1,1765,HAS_LINK_TO
86,1,4056,HAS_LINK_TO
86,1,3781,HAS_LINK_TO
86,1,3979,HAS_LINK_TO
86,1,893,HAS_LINK_TO
86,1,2667,HAS_LINK_TO
86,1,2264,HAS_LINK_TO
86,1,2407,HAS_LINK_TO
86,1,3920,HAS_LINK_TO
86,1,1422,HAS_LINK_TO
86,1,2877,HAS_LINK_TO
86,1,2789,HAS_LINK_TO
86,1,3036,HAS_LINK_TO
86,1,3941,HAS_LINK_TO
86,1,1687,HAS_LINK_TO
86,1,1295,HAS_LINK_TO
86,1,414,HAS_LINK_TO
86,1,3099,HAS_LINK_TO
86,1,1541,HAS_LINK_TO
86,1,144,HAS_LINK_TO
86,1,4389,HAS_LINK_TO
86,1,4054,HAS_LINK_TO
86,1,336,HAS_LINK_TO
86,1,507,HAS_LINK_TO
86,1,2028,HAS_LINK_TO
86,1,1517,HAS_LINK_TO
86,1,157,HAS_LINK_TO
86,1,2923,HAS_LINK_TO
86,1,3698,HAS_LINK_TO
86,1,260,HAS_LINK_TO
86,1,1066,HAS_LINK_TO
86,1,4178,HAS_LINK_TO
86,1,4038,HAS_LINK_TO
87,1,1387,HAS_LINK_TO
87,1,2624,HAS_LINK_TO
87,1,1977,HAS_LINK_TO
87,1,2815,HAS_LINK_TO
87,1,2965,HAS_LINK_TO
87,1,1253,HAS_LINK_TO
87,1,542,HAS_LINK_TO
87,1,2610,HAS_LINK_TO
87,1,2615,HAS_LINK_TO
87,1,2349,HAS_LINK_TO
87,1,3480,HAS_LINK_TO
87,1,254,HAS_LINK_TO
87,1,3915,HAS_LINK_TO
87,1,1888,HAS_LINK_TO
87,1,582,HAS_LINK_TO
87,1,3834,HAS_LINK_TO
87,1,3127,HAS_LINK_TO
87,1,713,HAS_LINK_TO
87,1,2979,HAS_LINK_TO
87,1,118,HAS_LINK_TO
87,1,3432,HAS_LINK_TO
87,1,800,HAS_LINK_TO
87,1,1554,HAS_LINK_TO
87,1,3896,HAS_LINK_TO
87,1,4031,HAS_LINK_TO
87,1,1690,HAS_LINK_TO
87,1,3506,HAS_LINK_TO
87,1,1044,HAS_LINK_TO
87,1,1874,HAS_LINK_TO
87,1,1449,HAS_LINK_TO
87,1,1282,HAS_LINK_TO
87,1,3012,HAS_LINK_TO
87,1,3617,HAS_LINK_TO
87,1,2653,HAS_LINK_TO
87,1,2132,HAS_LINK_TO
87,1,2496,HAS_LINK_TO
87,1,2020,HAS_LINK_TO
87,1,3685,HAS_LINK_TO
87,1,2937,HAS_LINK_TO
87,1,2606,HAS_LINK_TO
87,1,4625,HAS_LINK_TO
87,1,2517,HAS_LINK_TO
87,1,1555,HAS_LINK_TO
87,1,3135,HAS_LINK_TO
87,1,980,HAS_LINK_TO
87,1,268,HAS_LINK_TO
87,1,146,HAS_LINK_TO
87,1,4528,HAS_LINK_TO
87,1,3080,HAS_LINK_TO
87,1,191,HAS_LINK_TO
87,1,3474,HAS_LINK_TO
87,1,1003,HAS_LINK_TO
87,1,629,HAS_LINK_TO
87,1,2485,HAS_LINK_TO
87,1,3037,HAS_LINK_TO
87,1,3614,HAS_LINK_TO
87,1,4339,HAS_LINK_TO
87,1,2397,HAS_LINK_TO
87,1,1970,HAS_LINK_TO
87,1,4619,HAS_LINK_TO
87,1,1410,HAS_LINK_TO
87,1,1452,HAS_LINK_TO
87,1,2934,HAS_LINK_TO
87,1,3130,HAS_LINK_TO
87,1,1187,HAS_LINK_TO
87,1,919,HAS_LINK_TO
87,1,401,HAS_LINK_TO
87,1,1423,HAS_LINK_TO
87,1,2060,HAS_LINK_TO
87,1,1021,HAS_LINK_TO
87,1,1763,HAS_LINK_TO
87,1,1405,HAS_LINK_TO
87,1,2063,HAS_LINK_TO
87,1,3074,HAS_LINK_TO
87,1,1495,HAS_LINK_TO
87,1,206,HAS_LINK_TO
87,1,1826,HAS_LINK_TO
87,1,2645,HAS_LINK_TO
87,1,3376,HAS_LINK_TO
87,1,1972,HAS_LINK_TO
87,1,3638,HAS_LINK_TO
87,1,1867,HAS_LINK_TO
87,1,4427,HAS_LINK_TO
87,1,3507,HAS_LINK_TO
87,1,2067,HAS_LINK_TO
87,1,4628,HAS_LINK_TO
87,1,2457,HAS_LINK_TO
87,1,2932,HAS_LINK_TO
87,1,3868,HAS_LINK_TO
87,1,2528,HAS_LINK_TO
87,1,3970,HAS_LINK_TO
87,1,3593,HAS_LINK_TO
87,1,3013,HAS_LINK_TO
87,1,1898,HAS_LINK_TO
87,1,607,HAS_LINK_TO
87,1,1932,HAS_LINK_TO
87,1,4012,HAS_LINK_TO
87,1,1978,HAS_LINK_TO
87,1,3179,HAS_LINK_TO
87,1,3901,HAS_LINK_TO
87,1,207,HAS_LINK_TO
87,1,4157,HAS_LINK_TO
87,1,626,HAS_LINK_TO
87,1,849,HAS_LINK_TO
87,1,3878,HAS_LINK_TO
87,1,3961,HAS_LINK_TO
87,1,1532,HAS_LINK_TO
87,1,1791,HAS_LINK_TO
87,1,773,HAS_LINK_TO
87,1,3222,HAS_LINK_TO
87,1,3871,HAS_LINK_TO
87,1,4202,HAS_LINK_TO
87,1,3041,HAS_LINK_TO
87,1,2154,HAS_LINK_TO
87,1,2289,HAS_LINK_TO
87,1,1438,HAS_LINK_TO
87,1,2342,HAS_LINK_TO
87,1,1899,HAS_LINK_TO
87,1,2910,HAS_LINK_TO
87,1,2694,HAS_LINK_TO
87,1,1608,HAS_LINK_TO
87,1,3399,HAS_LINK_TO
87,1,1493,HAS_LINK_TO
87,1,2821,HAS_LINK_TO
87,1,1447,HAS_LINK_TO
87,1,1567,HAS_LINK_TO
87,1,1330,HAS_LINK_TO
87,1,3406,HAS_LINK_TO
87,1,3093,HAS_LINK_TO
87,1,1831,HAS_LINK_TO
87,1,4515,HAS_LINK_TO
87,1,4405,HAS_LINK_TO
87,1,4605,HAS_LINK_TO
87,1,4540,HAS_LINK_TO
87,1,2366,HAS_LINK_TO
87,1,2365,HAS_LINK_TO
87,1,2225,HAS_LINK_TO
87,1,4022,HAS_LINK_TO
87,1,1769,HAS_LINK_TO
87,1,454,HAS_LINK_TO
87,1,2259,HAS_LINK_TO
87,1,873,HAS_LINK_TO
87,1,2547,HAS_LINK_TO
87,1,1045,HAS_LINK_TO
87,1,856,HAS_LINK_TO
87,1,4329,HAS_LINK_TO
87,1,1543,HAS_LINK_TO
87,1,1408,HAS_LINK_TO
87,1,460,HAS_LINK_TO
87,1,4330,HAS_LINK_TO
87,1,1000,HAS_LINK_TO
87,1,4170,HAS_LINK_TO
87,1,2356,HAS_LINK_TO
87,1,1138,HAS_LINK_TO
87,1,3115,HAS_LINK_TO
87,1,4117,HAS_LINK_TO
87,1,2983,HAS_LINK_TO
87,1,4196,HAS_LINK_TO
87,1,2459,HAS_LINK_TO
87,1,496,HAS_LINK_TO
87,1,3599,HAS_LINK_TO
87,1,2939,HAS_LINK_TO
87,1,1971,HAS_LINK_TO
87,1,3671,HAS_LINK_TO
87,1,3034,HAS_LINK_TO
87,1,225,HAS_LINK_TO
87,1,2238,HAS_LINK_TO
87,1,1406,HAS_LINK_TO
87,1,3748,HAS_LINK_TO
87,1,4152,HAS_LINK_TO
87,1,3437,HAS_LINK_TO
87,1,300,HAS_LINK_TO
87,1,3935,HAS_LINK_TO
87,1,4313,HAS_LINK_TO
87,1,1842,HAS_LINK_TO
87,1,2796,HAS_LINK_TO
87,1,3918,HAS_LINK_TO
87,1,1046,HAS_LINK_TO
87,1,3686,HAS_LINK_TO
87,1,252,HAS_LINK_TO
87,1,1571,HAS_LINK_TO
87,1,1558,HAS_LINK_TO
87,1,3204,HAS_LINK_TO
87,1,4346,HAS_LINK_TO
87,1,2474,HAS_LINK_TO
87,1,2417,HAS_LINK_TO
87,1,1557,HAS_LINK_TO
87,1,1445,HAS_LINK_TO
87,1,1357,HAS_LINK_TO
87,1,3988,HAS_LINK_TO
87,1,3160,HAS_LINK_TO
87,1,1513,HAS_LINK_TO
87,1,4402,HAS_LINK_TO
87,1,3389,HAS_LINK_TO
87,1,4533,HAS_LINK_TO
87,1,2431,HAS_LINK_TO
87,1,203,HAS_LINK_TO
87,1,1127,HAS_LINK_TO
87,1,2755,HAS_LINK_TO
87,1,2770,HAS_LINK_TO
87,1,1660,HAS_LINK_TO
87,1,4453,HAS_LINK_TO
87,1,1683,HAS_LINK_TO
87,1,195,HAS_LINK_TO
87,1,2267,HAS_LINK_TO
87,1,3739,HAS_LINK_TO
87,1,1300,HAS_LINK_TO
87,1,4127,HAS_LINK_TO
87,1,2518,HAS_LINK_TO
87,1,4234,HAS_LINK_TO
87,1,4450,HAS_LINK_TO
87,1,4283,HAS_LINK_TO
87,1,1153,HAS_LINK_TO
87,1,2762,HAS_LINK_TO
87,1,3194,HAS_LINK_TO
87,1,2596,HAS_LINK_TO
87,1,3515,HAS_LINK_TO
87,1,659,HAS_LINK_TO
87,1,3602,HAS_LINK_TO
87,1,2421,HAS_LINK_TO
87,1,3670,HAS_LINK_TO
87,1,381,HAS_LINK_TO
87,1,708,HAS_LINK_TO
87,1,3512,HAS_LINK_TO
87,1,3136,HAS_LINK_TO
87,1,4438,HAS_LINK_TO
87,1,2448,HAS_LINK_TO
87,1,245,HAS_LINK_TO
87,1,2104,HAS_LINK_TO
87,1,3937,HAS_LINK_TO
87,1,1546,HAS_LINK_TO
87,1,2177,HAS_LINK_TO
87,1,2612,HAS_LINK_TO
87,1,1160,HAS_LINK_TO
87,1,1181,HAS_LINK_TO
87,1,342,HAS_LINK_TO
87,1,628,HAS_LINK_TO
87,1,2896,HAS_LINK_TO
87,1,2813,HAS_LINK_TO
87,1,416,HAS_LINK_TO
87,1,2355,HAS_LINK_TO
87,1,1395,HAS_LINK_TO
87,1,1992,HAS_LINK_TO
87,1,644,HAS_LINK_TO
87,1,395,HAS_LINK_TO
87,1,810,HAS_LINK_TO
87,1,2136,HAS_LINK_TO
87,1,534,HAS_LINK_TO
87,1,4338,HAS_LINK_TO
87,1,2879,HAS_LINK_TO
87,1,1617,HAS_LINK_TO
87,1,4342,HAS_LINK_TO
87,1,3890,HAS_LINK_TO
87,1,704,HAS_LINK_TO
87,1,2786,HAS_LINK_TO
87,1,4344,HAS_LINK_TO
87,1,4626,HAS_LINK_TO
87,1,407,HAS_LINK_TO
87,1,3687,HAS_LINK_TO
87,1,459,HAS_LINK_TO
87,1,1843,HAS_LINK_TO
87,1,3442,HAS_LINK_TO
87,1,3565,HAS_LINK_TO
87,1,1545,HAS_LINK_TO
87,1,2963,HAS_LINK_TO
87,1,4198,HAS_LINK_TO
87,1,1721,HAS_LINK_TO
87,1,2611,HAS_LINK_TO
87,1,3381,HAS_LINK_TO
87,1,1852,HAS_LINK_TO
87,1,181,HAS_LINK_TO
87,1,1465,HAS_LINK_TO
87,1,132,HAS_LINK_TO
87,1,3046,HAS_LINK_TO
87,1,2605,HAS_LINK_TO
87,1,4435,HAS_LINK_TO
87,1,3947,HAS_LINK_TO
87,1,2541,HAS_LINK_TO
87,1,2139,HAS_LINK_TO
87,1,2244,HAS_LINK_TO
87,1,149,HAS_LINK_TO
87,1,1446,HAS_LINK_TO
87,1,4558,HAS_LINK_TO
87,1,700,HAS_LINK_TO
87,1,2607,HAS_LINK_TO
87,1,1419,HAS_LINK_TO
87,1,262,HAS_LINK_TO
87,1,2625,HAS_LINK_TO
87,1,1409,HAS_LINK_TO
87,1,3750,HAS_LINK_TO
87,1,3992,HAS_LINK_TO
87,1,792,HAS_LINK_TO
87,1,3783,HAS_LINK_TO
87,1,219,HAS_LINK_TO
87,1,1580,HAS_LINK_TO
87,1,4220,HAS_LINK_TO
87,1,859,HAS_LINK_TO
87,1,1666,HAS_LINK_TO
87,1,4204,HAS_LINK_TO
87,1,2022,HAS_LINK_TO
87,1,3398,HAS_LINK_TO
87,1,353,HAS_LINK_TO
87,1,2237,HAS_LINK_TO
87,1,805,HAS_LINK_TO
87,1,4298,HAS_LINK_TO
87,1,2070,HAS_LINK_TO
87,1,2025,HAS_LINK_TO
87,1,4530,HAS_LINK_TO
87,1,4555,HAS_LINK_TO
87,1,96,HAS_LINK_TO
87,1,4023,HAS_LINK_TO
87,1,1512,HAS_LINK_TO
87,1,809,HAS_LINK_TO
87,1,2336,HAS_LINK_TO
87,1,3198,HAS_LINK_TO
87,1,707,HAS_LINK_TO
87,1,1199,HAS_LINK_TO
87,1,921,HAS_LINK_TO
87,1,1524,HAS_LINK_TO
87,1,2042,HAS_LINK_TO
87,1,3162,HAS_LINK_TO
87,1,3209,HAS_LINK_TO
87,1,1506,HAS_LINK_TO
87,1,2967,HAS_LINK_TO
87,1,4394,HAS_LINK_TO
87,1,2778,HAS_LINK_TO
87,1,2666,HAS_LINK_TO
87,1,341,HAS_LINK_TO
87,1,2627,HAS_LINK_TO
87,1,687,HAS_LINK_TO
87,1,491,HAS_LINK_TO
87,1,2816,HAS_LINK_TO
87,1,835,HAS_LINK_TO
87,1,3557,HAS_LINK_TO
87,1,3556,HAS_LINK_TO
87,1,760,HAS_LINK_TO
87,1,1379,HAS_LINK_TO
87,1,995,HAS_LINK_TO
87,1,1227,HAS_LINK_TO
87,1,2748,HAS_LINK_TO
87,1,3808,HAS_LINK_TO
87,1,3435,HAS_LINK_TO
87,1,1839,HAS_LINK_TO
87,1,84,HAS_LINK_TO
87,1,596,HAS_LINK_TO
87,1,1154,HAS_LINK_TO
87,1,1176,HAS_LINK_TO
87,1,2341,HAS_LINK_TO
87,1,2819,HAS_LINK_TO
87,1,1232,HAS_LINK_TO
87,1,3764,HAS_LINK_TO
87,1,3466,HAS_LINK_TO
87,1,222,HAS_LINK_TO
87,1,1502,HAS_LINK_TO
87,1,434,HAS_LINK_TO
87,1,1195,HAS_LINK_TO
87,1,1179,HAS_LINK_TO
87,1,3570,HAS_LINK_TO
87,1,637,HAS_LINK_TO
87,1,4032,HAS_LINK_TO
87,1,4550,HAS_LINK_TO
87,1,587,HAS_LINK_TO
87,1,1743,HAS_LINK_TO
87,1,2746,HAS_LINK_TO
87,1,3986,HAS_LINK_TO
87,1,3075,HAS_LINK_TO
87,1,712,HAS_LINK_TO
87,1,1578,HAS_LINK_TO
87,1,1182,HAS_LINK_TO
87,1,2978,HAS_LINK_TO
87,1,832,HAS_LINK_TO
87,1,1887,HAS_LINK_TO
87,1,4040,HAS_LINK_TO
87,1,2818,HAS_LINK_TO
87,1,4027,HAS_LINK_TO
87,1,352,HAS_LINK_TO
87,1,1303,HAS_LINK_TO
87,1,1719,HAS_LINK_TO
87,1,2696,HAS_LINK_TO
87,1,3471,HAS_LINK_TO
87,1,3403,HAS_LINK_TO
87,1,968,HAS_LINK_TO
87,1,3068,HAS_LINK_TO
87,1,3081,HAS_LINK_TO
87,1,4627,HAS_LINK_TO
87,1,2024,HAS_LINK_TO
87,1,3582,HAS_LINK_TO
87,1,3603,HAS_LINK_TO
87,1,2935,HAS_LINK_TO
87,1,4368,HAS_LINK_TO
87,1,3983,HAS_LINK_TO
87,1,4441,HAS_LINK_TO
87,1,689,HAS_LINK_TO
87,1,0,HAS_LINK_TO
87,1,1657,HAS_LINK_TO
87,1,4401,HAS_LINK_TO
87,1,3904,HAS_LINK_TO
87,1,1620,HAS_LINK_TO
87,1,495,HAS_LINK_TO
87,1,682,HAS_LINK_TO
87,1,4001,HAS_LINK_TO
87,1,3462,HAS_LINK_TO
87,1,1525,HAS_LINK_TO
87,1,3236,HAS_LINK_TO
87,1,1390,HAS_LINK_TO
87,1,1974,HAS_LINK_TO
87,1,4255,HAS_LINK_TO
87,1,2169,HAS_LINK_TO
87,1,1128,HAS_LINK_TO
87,1,2891,HAS_LINK_TO
87,1,1149,HAS_LINK_TO
87,1,3193,HAS_LINK_TO
87,1,2199,HAS_LINK_TO
87,1,1386,HAS_LINK_TO
87,1,272,HAS_LINK_TO
87,1,1250,HAS_LINK_TO
87,1,3898,HAS_LINK_TO
87,1,2565,HAS_LINK_TO
87,1,1872,HAS_LINK_TO
87,1,337,HAS_LINK_TO
87,1,942,HAS_LINK_TO
87,1,1453,HAS_LINK_TO
87,1,3591,HAS_LINK_TO
87,1,2671,HAS_LINK_TO
87,1,328,HAS_LINK_TO
87,1,4288,HAS_LINK_TO
87,1,3049,HAS_LINK_TO
87,1,3436,HAS_LINK_TO
87,1,1669,HAS_LINK_TO
87,1,119,HAS_LINK_TO
87,1,1055,HAS_LINK_TO
87,1,2404,HAS_LINK_TO
87,1,1686,HAS_LINK_TO
87,1,2500,HAS_LINK_TO
87,1,156,HAS_LINK_TO
87,1,1701,HAS_LINK_TO
87,1,3577,HAS_LINK_TO
87,1,1428,HAS_LINK_TO
87,1,3429,HAS_LINK_TO
87,1,312,HAS_LINK_TO
87,1,2626,HAS_LINK_TO
87,1,939,HAS_LINK_TO
87,1,4336,HAS_LINK_TO
87,1,2580,HAS_LINK_TO
87,1,2572,HAS_LINK_TO
87,1,702,HAS_LINK_TO
87,1,2435,HAS_LINK_TO
87,1,436,HAS_LINK_TO
87,1,634,HAS_LINK_TO
87,1,3018,HAS_LINK_TO
87,1,244,HAS_LINK_TO
87,1,3137,HAS_LINK_TO
87,1,4366,HAS_LINK_TO
87,1,475,HAS_LINK_TO
87,1,4248,HAS_LINK_TO
87,1,3613,HAS_LINK_TO
87,1,1772,HAS_LINK_TO
87,1,3940,HAS_LINK_TO
87,1,2271,HAS_LINK_TO
87,1,1863,HAS_LINK_TO
87,1,1180,HAS_LINK_TO
87,1,3989,HAS_LINK_TO
87,1,2759,HAS_LINK_TO
87,1,2486,HAS_LINK_TO
87,1,2471,HAS_LINK_TO
87,1,4560,HAS_LINK_TO
87,1,2925,HAS_LINK_TO
87,1,2230,HAS_LINK_TO
87,1,4483,HAS_LINK_TO
87,1,3174,HAS_LINK_TO
87,1,165,HAS_LINK_TO
87,1,943,HAS_LINK_TO
87,1,1630,HAS_LINK_TO
87,1,738,HAS_LINK_TO
87,1,2946,HAS_LINK_TO
87,1,2712,HAS_LINK_TO
87,1,1792,HAS_LINK_TO
87,1,3469,HAS_LINK_TO
87,1,593,HAS_LINK_TO
87,1,4561,HAS_LINK_TO
87,1,2433,HAS_LINK_TO
87,1,4519,HAS_LINK_TO
87,1,2619,HAS_LINK_TO
87,1,1487,HAS_LINK_TO
87,1,3822,HAS_LINK_TO
87,1,3116,HAS_LINK_TO
87,1,1951,HAS_LINK_TO
87,1,3793,HAS_LINK_TO
87,1,771,HAS_LINK_TO
87,1,4494,HAS_LINK_TO
87,1,2766,HAS_LINK_TO
87,1,3400,HAS_LINK_TO
87,1,173,HAS_LINK_TO
87,1,1909,HAS_LINK_TO
87,1,1994,HAS_LINK_TO
87,1,3620,HAS_LINK_TO
87,1,1936,HAS_LINK_TO
87,1,1374,HAS_LINK_TO
87,1,3481,HAS_LINK_TO
87,1,87,HAS_LINK_TO
87,1,3382,HAS_LINK_TO
87,1,3877,HAS_LINK_TO
87,1,3852,HAS_LINK_TO
87,1,2822,HAS_LINK_TO
87,1,2487,HAS_LINK_TO
87,1,2764,HAS_LINK_TO
87,1,3042,HAS_LINK_TO
87,1,4426,HAS_LINK_TO
87,1,197,HAS_LINK_TO
87,1,1415,HAS_LINK_TO
87,1,1448,HAS_LINK_TO
87,1,2684,HAS_LINK_TO
87,1,1671,HAS_LINK_TO
87,1,1667,HAS_LINK_TO
87,1,2122,HAS_LINK_TO
87,1,2128,HAS_LINK_TO
87,1,698,HAS_LINK_TO
87,1,3461,HAS_LINK_TO
87,1,734,HAS_LINK_TO
87,1,813,HAS_LINK_TO
87,1,3015,HAS_LINK_TO
87,1,3197,HAS_LINK_TO
87,1,2409,HAS_LINK_TO
87,1,4393,HAS_LINK_TO
87,1,1590,HAS_LINK_TO
87,1,1854,HAS_LINK_TO
87,1,4195,HAS_LINK_TO
87,1,4629,HAS_LINK_TO
87,1,483,HAS_LINK_TO
87,1,1727,HAS_LINK_TO
87,1,3600,HAS_LINK_TO
87,1,3633,HAS_LINK_TO
87,1,2423,HAS_LINK_TO
87,1,255,HAS_LINK_TO
87,1,3644,HAS_LINK_TO
87,1,4046,HAS_LINK_TO
87,1,3397,HAS_LINK_TO
87,1,169,HAS_LINK_TO
87,1,394,HAS_LINK_TO
87,1,1086,HAS_LINK_TO
87,1,3440,HAS_LINK_TO
87,1,513,HAS_LINK_TO
87,1,2455,HAS_LINK_TO
87,1,3523,HAS_LINK_TO
87,1,2163,HAS_LINK_TO
87,1,4119,HAS_LINK_TO
87,1,2418,HAS_LINK_TO
87,1,2944,HAS_LINK_TO
87,1,1400,HAS_LINK_TO
87,1,3776,HAS_LINK_TO
87,1,3826,HAS_LINK_TO
87,1,2426,HAS_LINK_TO
87,1,4566,HAS_LINK_TO
87,1,3176,HAS_LINK_TO
87,1,3401,HAS_LINK_TO
87,1,4569,HAS_LINK_TO
87,1,4474,HAS_LINK_TO
87,1,250,HAS_LINK_TO
87,1,4282,HAS_LINK_TO
87,1,2008,HAS_LINK_TO
87,1,3611,HAS_LINK_TO
87,1,3777,HAS_LINK_TO
87,1,4094,HAS_LINK_TO
87,1,1007,HAS_LINK_TO
87,1,1982,HAS_LINK_TO
87,1,640,HAS_LINK_TO
87,1,3827,HAS_LINK_TO
87,1,4485,HAS_LINK_TO
87,1,2557,HAS_LINK_TO
87,1,4233,HAS_LINK_TO
87,1,1159,HAS_LINK_TO
87,1,2470,HAS_LINK_TO
87,1,2678,HAS_LINK_TO
87,1,387,HAS_LINK_TO
87,1,2298,HAS_LINK_TO
88,1,1253,HAS_LINK_TO
88,1,3430,HAS_LINK_TO
88,1,1874,HAS_LINK_TO
88,1,1449,HAS_LINK_TO
88,1,3779,HAS_LINK_TO
88,1,2645,HAS_LINK_TO
88,1,2067,HAS_LINK_TO
88,1,3621,HAS_LINK_TO
88,1,4153,HAS_LINK_TO
88,1,226,HAS_LINK_TO
88,1,4405,HAS_LINK_TO
88,1,4540,HAS_LINK_TO
88,1,856,HAS_LINK_TO
88,1,2529,HAS_LINK_TO
88,1,793,HAS_LINK_TO
88,1,262,HAS_LINK_TO
88,1,3398,HAS_LINK_TO
88,1,96,HAS_LINK_TO
88,1,2646,HAS_LINK_TO
88,1,2558,HAS_LINK_TO
88,1,4550,HAS_LINK_TO
88,1,3603,HAS_LINK_TO
88,1,3049,HAS_LINK_TO
88,1,1630,HAS_LINK_TO
88,1,133,HAS_LINK_TO
88,1,4561,HAS_LINK_TO
88,1,3116,HAS_LINK_TO
88,1,1909,HAS_LINK_TO
88,1,1973,HAS_LINK_TO
88,1,87,HAS_LINK_TO
88,1,476,HAS_LINK_TO
88,1,4570,HAS_LINK_TO
89,1,1253,HAS_LINK_TO
89,1,477,HAS_LINK_TO
89,1,1874,HAS_LINK_TO
89,1,1449,HAS_LINK_TO
89,1,1452,HAS_LINK_TO
89,1,2645,HAS_LINK_TO
89,1,2067,HAS_LINK_TO
89,1,1932,HAS_LINK_TO
89,1,2647,HAS_LINK_TO
89,1,4405,HAS_LINK_TO
89,1,4540,HAS_LINK_TO
89,1,873,HAS_LINK_TO
89,1,856,HAS_LINK_TO
89,1,4402,HAS_LINK_TO
89,1,262,HAS_LINK_TO
89,1,3398,HAS_LINK_TO
89,1,96,HAS_LINK_TO
89,1,221,HAS_LINK_TO
89,1,4550,HAS_LINK_TO
89,1,1722,HAS_LINK_TO
89,1,4627,HAS_LINK_TO
89,1,3603,HAS_LINK_TO
89,1,3049,HAS_LINK_TO
89,1,2572,HAS_LINK_TO
89,1,1630,HAS_LINK_TO
89,1,4561,HAS_LINK_TO
89,1,3116,HAS_LINK_TO
89,1,1909,HAS_LINK_TO
89,1,87,HAS_LINK_TO
89,1,2684,HAS_LINK_TO
90,1,2067,HAS_LINK_TO
90,1,2645,HAS_LINK_TO
90,1,87,HAS_LINK_TO
91,1,4546,HAS_LINK_TO
91,1,267,HAS_LINK_TO
91,1,4197,HAS_LINK_TO
91,1,2142,HAS_LINK_TO
91,1,2069,HAS_LINK_TO
91,1,91,HAS_LINK_TO
91,1,2865,HAS_LINK_TO
91,1,2473,HAS_LINK_TO
91,1,1912,HAS_LINK_TO
91,1,2649,HAS_LINK_TO
91,1,1362,HAS_LINK_TO
91,1,1451,HAS_LINK_TO
91,1,87,HAS_LINK_TO
92,1,454,HAS_LINK_TO
92,1,3591,HAS_LINK_TO
92,1,1072,HAS_LINK_TO
92,1,1419,HAS_LINK_TO
92,1,512,HAS_LINK_TO
92,1,1409,HAS_LINK_TO
92,1,1055,HAS_LINK_TO
92,1,792,HAS_LINK_TO
92,1,4329,HAS_LINK_TO
92,1,2815,HAS_LINK_TO
92,1,1428,HAS_LINK_TO
92,1,2610,HAS_LINK_TO
92,1,460,HAS_LINK_TO
92,1,2022,HAS_LINK_TO
92,1,254,HAS_LINK_TO
92,1,3480,HAS_LINK_TO
92,1,1000,HAS_LINK_TO
92,1,1408,HAS_LINK_TO
92,1,2435,HAS_LINK_TO
92,1,353,HAS_LINK_TO
92,1,3115,HAS_LINK_TO
92,1,244,HAS_LINK_TO
92,1,3599,HAS_LINK_TO
92,1,496,HAS_LINK_TO
92,1,3550,HAS_LINK_TO
92,1,1971,HAS_LINK_TO
92,1,1554,HAS_LINK_TO
92,1,3896,HAS_LINK_TO
92,1,4023,HAS_LINK_TO
92,1,1690,HAS_LINK_TO
92,1,3506,HAS_LINK_TO
92,1,1512,HAS_LINK_TO
92,1,2238,HAS_LINK_TO
92,1,809,HAS_LINK_TO
92,1,3613,HAS_LINK_TO
92,1,4152,HAS_LINK_TO
92,1,707,HAS_LINK_TO
92,1,2042,HAS_LINK_TO
92,1,2132,HAS_LINK_TO
92,1,3989,HAS_LINK_TO
92,1,2020,HAS_LINK_TO
92,1,2606,HAS_LINK_TO
92,1,4313,HAS_LINK_TO
92,1,1506,HAS_LINK_TO
92,1,2230,HAS_LINK_TO
92,1,4625,HAS_LINK_TO
92,1,165,HAS_LINK_TO
92,1,341,HAS_LINK_TO
92,1,2627,HAS_LINK_TO
92,1,2816,HAS_LINK_TO
92,1,1571,HAS_LINK_TO
92,1,3557,HAS_LINK_TO
92,1,1558,HAS_LINK_TO
92,1,146,HAS_LINK_TO
92,1,2474,HAS_LINK_TO
92,1,4528,HAS_LINK_TO
92,1,1557,HAS_LINK_TO
92,1,2433,HAS_LINK_TO
92,1,629,HAS_LINK_TO
92,1,2485,HAS_LINK_TO
92,1,1951,HAS_LINK_TO
92,1,3389,HAS_LINK_TO
92,1,2397,HAS_LINK_TO
92,1,4619,HAS_LINK_TO
92,1,2431,HAS_LINK_TO
92,1,4494,HAS_LINK_TO
92,1,3620,HAS_LINK_TO
92,1,87,HAS_LINK_TO
92,1,2819,HAS_LINK_TO
92,1,1683,HAS_LINK_TO
92,1,1232,HAS_LINK_TO
92,1,919,HAS_LINK_TO
92,1,3877,HAS_LINK_TO
92,1,222,HAS_LINK_TO
92,1,4283,HAS_LINK_TO
92,1,197,HAS_LINK_TO
92,1,434,HAS_LINK_TO
92,1,3074,HAS_LINK_TO
92,1,206,HAS_LINK_TO
92,1,1495,HAS_LINK_TO
92,1,1179,HAS_LINK_TO
92,1,698,HAS_LINK_TO
92,1,2128,HAS_LINK_TO
92,1,734,HAS_LINK_TO
92,1,3670,HAS_LINK_TO
92,1,3507,HAS_LINK_TO
92,1,2409,HAS_LINK_TO
92,1,2746,HAS_LINK_TO
92,1,3593,HAS_LINK_TO
92,1,3013,HAS_LINK_TO
92,1,4012,HAS_LINK_TO
92,1,4195,HAS_LINK_TO
92,1,4629,HAS_LINK_TO
92,1,1578,HAS_LINK_TO
92,1,3179,HAS_LINK_TO
92,1,832,HAS_LINK_TO
92,1,342,HAS_LINK_TO
92,1,626,HAS_LINK_TO
92,1,255,HAS_LINK_TO
92,1,2818,HAS_LINK_TO
92,1,352,HAS_LINK_TO
92,1,513,HAS_LINK_TO
92,1,1395,HAS_LINK_TO
92,1,1992,HAS_LINK_TO
92,1,810,HAS_LINK_TO
92,1,3890,HAS_LINK_TO
92,1,2024,HAS_LINK_TO
92,1,2418,HAS_LINK_TO
92,1,4202,HAS_LINK_TO
92,1,2935,HAS_LINK_TO
92,1,407,HAS_LINK_TO
92,1,3826,HAS_LINK_TO
92,1,3904,HAS_LINK_TO
92,1,1899,HAS_LINK_TO
92,1,2910,HAS_LINK_TO
92,1,459,HAS_LINK_TO
92,1,1843,HAS_LINK_TO
92,1,3442,HAS_LINK_TO
92,1,250,HAS_LINK_TO
92,1,3611,HAS_LINK_TO
92,1,4094,HAS_LINK_TO
92,1,2821,HAS_LINK_TO
92,1,3462,HAS_LINK_TO
92,1,1982,HAS_LINK_TO
92,1,1974,HAS_LINK_TO
92,1,3827,HAS_LINK_TO
92,1,1465,HAS_LINK_TO
92,1,4233,HAS_LINK_TO
92,1,1159,HAS_LINK_TO
92,1,2605,HAS_LINK_TO
92,1,4605,HAS_LINK_TO
92,1,3947,HAS_LINK_TO
92,1,387,HAS_LINK_TO
92,1,2298,HAS_LINK_TO
92,1,1769,HAS_LINK_TO
93,1,2575,HAS_LINK_TO
93,1,1253,HAS_LINK_TO
93,1,1049,HAS_LINK_TO
93,1,3850,HAS_LINK_TO
93,1,630,HAS_LINK_TO
93,1,2463,HAS_LINK_TO
93,1,4106,HAS_LINK_TO
93,1,3930,HAS_LINK_TO
93,1,866,HAS_LINK_TO
93,1,1449,HAS_LINK_TO
93,1,198,HAS_LINK_TO
93,1,2651,HAS_LINK_TO
93,1,2285,HAS_LINK_TO
93,1,142,HAS_LINK_TO
93,1,4167,HAS_LINK_TO
93,1,499,HAS_LINK_TO
93,1,1928,HAS_LINK_TO
93,1,710,HAS_LINK_TO
93,1,3555,HAS_LINK_TO
93,1,1305,HAS_LINK_TO
93,1,970,HAS_LINK_TO
93,1,1530,HAS_LINK_TO
93,1,4604,HAS_LINK_TO
93,1,4646,HAS_LINK_TO
93,1,1209,HAS_LINK_TO
93,1,900,HAS_LINK_TO
93,1,3858,HAS_LINK_TO
93,1,2039,HAS_LINK_TO
93,1,2970,HAS_LINK_TO
93,1,1266,HAS_LINK_TO
93,1,4633,HAS_LINK_TO
93,1,1457,HAS_LINK_TO
93,1,4466,HAS_LINK_TO
93,1,50,HAS_LINK_TO
93,1,1702,HAS_LINK_TO
93,1,389,HAS_LINK_TO
93,1,3683,HAS_LINK_TO
93,1,4121,HAS_LINK_TO
93,1,730,HAS_LINK_TO
93,1,2295,HAS_LINK_TO
93,1,3796,HAS_LINK_TO
93,1,2563,HAS_LINK_TO
93,1,4547,HAS_LINK_TO
93,1,1515,HAS_LINK_TO
93,1,130,HAS_LINK_TO
93,1,2282,HAS_LINK_TO
93,1,4598,HAS_LINK_TO
93,1,1220,HAS_LINK_TO
93,1,2724,HAS_LINK_TO
93,1,1051,HAS_LINK_TO
93,1,2860,HAS_LINK_TO
93,1,2212,HAS_LINK_TO
93,1,358,HAS_LINK_TO
93,1,2343,HAS_LINK_TO
93,1,441,HAS_LINK_TO
93,1,2187,HAS_LINK_TO
93,1,4311,HAS_LINK_TO
93,1,1933,HAS_LINK_TO
93,1,559,HAS_LINK_TO
93,1,2178,HAS_LINK_TO
93,1,426,HAS_LINK_TO
93,1,2719,HAS_LINK_TO
93,1,2992,HAS_LINK_TO
93,1,4405,HAS_LINK_TO
93,1,4540,HAS_LINK_TO
93,1,2366,HAS_LINK_TO
93,1,2601,HAS_LINK_TO
93,1,1306,HAS_LINK_TO
93,1,1345,HAS_LINK_TO
93,1,1101,HAS_LINK_TO
93,1,736,HAS_LINK_TO
93,1,2362,HAS_LINK_TO
93,1,2043,HAS_LINK_TO
93,1,2390,HAS_LINK_TO
93,1,2383,HAS_LINK_TO
93,1,3807,HAS_LINK_TO
93,1,4622,HAS_LINK_TO
93,1,4337,HAS_LINK_TO
93,1,1217,HAS_LINK_TO
93,1,151,HAS_LINK_TO
93,1,1971,HAS_LINK_TO
93,1,3034,HAS_LINK_TO
93,1,4246,HAS_LINK_TO
93,1,2221,HAS_LINK_TO
93,1,1085,HAS_LINK_TO
93,1,2661,HAS_LINK_TO
93,1,1615,HAS_LINK_TO
93,1,3510,HAS_LINK_TO
93,1,2942,HAS_LINK_TO
93,1,1357,HAS_LINK_TO
93,1,4486,HAS_LINK_TO
93,1,2798,HAS_LINK_TO
93,1,2492,HAS_LINK_TO
93,1,3076,HAS_LINK_TO
93,1,583,HAS_LINK_TO
93,1,479,HAS_LINK_TO
93,1,3213,HAS_LINK_TO
93,1,2628,HAS_LINK_TO
93,1,1140,HAS_LINK_TO
93,1,412,HAS_LINK_TO
93,1,1789,HAS_LINK_TO
93,1,1022,HAS_LINK_TO
93,1,589,HAS_LINK_TO
93,1,1381,HAS_LINK_TO
93,1,1233,HAS_LINK_TO
93,1,728,HAS_LINK_TO
93,1,2636,HAS_LINK_TO
93,1,993,HAS_LINK_TO
93,1,3020,HAS_LINK_TO
93,1,869,HAS_LINK_TO
93,1,3388,HAS_LINK_TO
93,1,1100,HAS_LINK_TO
93,1,874,HAS_LINK_TO
93,1,1611,HAS_LINK_TO
93,1,1162,HAS_LINK_TO
93,1,3802,HAS_LINK_TO
93,1,3187,HAS_LINK_TO
93,1,395,HAS_LINK_TO
93,1,810,HAS_LINK_TO
93,1,4592,HAS_LINK_TO
93,1,3553,HAS_LINK_TO
93,1,4199,HAS_LINK_TO
93,1,1207,HAS_LINK_TO
93,1,4534,HAS_LINK_TO
93,1,1706,HAS_LINK_TO
93,1,3045,HAS_LINK_TO
93,1,2991,HAS_LINK_TO
93,1,82,HAS_LINK_TO
93,1,1242,HAS_LINK_TO
93,1,311,HAS_LINK_TO
93,1,1094,HAS_LINK_TO
93,1,4538,HAS_LINK_TO
93,1,4411,HAS_LINK_TO
93,1,64,HAS_LINK_TO
93,1,3138,HAS_LINK_TO
93,1,2316,HAS_LINK_TO
93,1,2139,HAS_LINK_TO
93,1,4134,HAS_LINK_TO
93,1,931,HAS_LINK_TO
93,1,41,HAS_LINK_TO
93,1,1072,HAS_LINK_TO
93,1,262,HAS_LINK_TO
93,1,2014,HAS_LINK_TO
93,1,1626,HAS_LINK_TO
93,1,2429,HAS_LINK_TO
93,1,4113,HAS_LINK_TO
93,1,826,HAS_LINK_TO
93,1,3239,HAS_LINK_TO
93,1,2159,HAS_LINK_TO
93,1,103,HAS_LINK_TO
93,1,3223,HAS_LINK_TO
93,1,3678,HAS_LINK_TO
93,1,2622,HAS_LINK_TO
93,1,238,HAS_LINK_TO
93,1,1565,HAS_LINK_TO
93,1,2945,HAS_LINK_TO
93,1,2354,HAS_LINK_TO
93,1,322,HAS_LINK_TO
93,1,3210,HAS_LINK_TO
93,1,1402,HAS_LINK_TO
93,1,152,HAS_LINK_TO
93,1,68,HAS_LINK_TO
93,1,1001,HAS_LINK_TO
93,1,2229,HAS_LINK_TO
93,1,3801,HAS_LINK_TO
93,1,664,HAS_LINK_TO
93,1,4557,HAS_LINK_TO
93,1,1830,HAS_LINK_TO
93,1,1858,HAS_LINK_TO
93,1,3573,HAS_LINK_TO
93,1,4137,HAS_LINK_TO
93,1,2845,HAS_LINK_TO
93,1,3175,HAS_LINK_TO
93,1,1827,HAS_LINK_TO
93,1,966,HAS_LINK_TO
93,1,706,HAS_LINK_TO
93,1,1664,HAS_LINK_TO
93,1,2073,HAS_LINK_TO
93,1,424,HAS_LINK_TO
93,1,222,HAS_LINK_TO
93,1,2791,HAS_LINK_TO
93,1,4053,HAS_LINK_TO
93,1,1777,HAS_LINK_TO
93,1,4092,HAS_LINK_TO
93,1,4347,HAS_LINK_TO
93,1,3857,HAS_LINK_TO
93,1,3798,HAS_LINK_TO
93,1,1618,HAS_LINK_TO
93,1,2706,HAS_LINK_TO
93,1,703,HAS_LINK_TO
93,1,4304,HAS_LINK_TO
93,1,2726,HAS_LINK_TO
93,1,3658,HAS_LINK_TO
93,1,2681,HAS_LINK_TO
93,1,3181,HAS_LINK_TO
93,1,3813,HAS_LINK_TO
93,1,1631,HAS_LINK_TO
93,1,1375,HAS_LINK_TO
93,1,3984,HAS_LINK_TO
93,1,1365,HAS_LINK_TO
93,1,1106,HAS_LINK_TO
93,1,93,HAS_LINK_TO
93,1,1089,HAS_LINK_TO
93,1,764,HAS_LINK_TO
93,1,952,HAS_LINK_TO
93,1,515,HAS_LINK_TO
93,1,4223,HAS_LINK_TO
93,1,3711,HAS_LINK_TO
93,1,2058,HAS_LINK_TO
93,1,4251,HAS_LINK_TO
93,1,4262,HAS_LINK_TO
93,1,3177,HAS_LINK_TO
93,1,3049,HAS_LINK_TO
93,1,3163,HAS_LINK_TO
93,1,2351,HAS_LINK_TO
93,1,612,HAS_LINK_TO
93,1,2938,HAS_LINK_TO
93,1,965,HAS_LINK_TO
93,1,4006,HAS_LINK_TO
93,1,649,HAS_LINK_TO
93,1,2580,HAS_LINK_TO
93,1,3189,HAS_LINK_TO
93,1,4583,HAS_LINK_TO
93,1,463,HAS_LINK_TO
93,1,2839,HAS_LINK_TO
93,1,3538,HAS_LINK_TO
93,1,475,HAS_LINK_TO
93,1,1230,HAS_LINK_TO
93,1,4038,HAS_LINK_TO
93,1,1863,HAS_LINK_TO
93,1,2471,HAS_LINK_TO
93,1,2925,HAS_LINK_TO
93,1,1787,HAS_LINK_TO
93,1,278,HAS_LINK_TO
93,1,3416,HAS_LINK_TO
93,1,1183,HAS_LINK_TO
93,1,1166,HAS_LINK_TO
93,1,1613,HAS_LINK_TO
93,1,3797,HAS_LINK_TO
93,1,3962,HAS_LINK_TO
93,1,3212,HAS_LINK_TO
93,1,1562,HAS_LINK_TO
93,1,388,HAS_LINK_TO
93,1,1497,HAS_LINK_TO
93,1,1068,HAS_LINK_TO
93,1,2842,HAS_LINK_TO
93,1,2720,HAS_LINK_TO
93,1,4599,HAS_LINK_TO
93,1,25,HAS_LINK_TO
93,1,1846,HAS_LINK_TO
93,1,1482,HAS_LINK_TO
93,1,3116,HAS_LINK_TO
93,1,1075,HAS_LINK_TO
93,1,1984,HAS_LINK_TO
93,1,4062,HAS_LINK_TO
93,1,1710,HAS_LINK_TO
93,1,1742,HAS_LINK_TO
93,1,3680,HAS_LINK_TO
93,1,3583,HAS_LINK_TO
93,1,462,HAS_LINK_TO
93,1,2773,HAS_LINK_TO
93,1,1909,HAS_LINK_TO
93,1,3154,HAS_LINK_TO
93,1,4351,HAS_LINK_TO
93,1,306,HAS_LINK_TO
93,1,2432,HAS_LINK_TO
93,1,1878,HAS_LINK_TO
93,1,3765,HAS_LINK_TO
93,1,4397,HAS_LINK_TO
93,1,425,HAS_LINK_TO
93,1,4264,HAS_LINK_TO
93,1,2157,HAS_LINK_TO
93,1,3707,HAS_LINK_TO
93,1,974,HAS_LINK_TO
93,1,3712,HAS_LINK_TO
93,1,3391,HAS_LINK_TO
93,1,1037,HAS_LINK_TO
93,1,4277,HAS_LINK_TO
93,1,394,HAS_LINK_TO
93,1,4258,HAS_LINK_TO
93,1,4056,HAS_LINK_TO
93,1,3799,HAS_LINK_TO
93,1,2944,HAS_LINK_TO
93,1,2559,HAS_LINK_TO
93,1,3777,HAS_LINK_TO
93,1,4094,HAS_LINK_TO
93,1,4389,HAS_LINK_TO
93,1,486,HAS_LINK_TO
93,1,2555,HAS_LINK_TO
93,1,4309,HAS_LINK_TO
93,1,2350,HAS_LINK_TO
94,1,93,HAS_LINK_TO
95,1,2369,HAS_LINK_TO
95,1,2575,HAS_LINK_TO
95,1,2429,HAS_LINK_TO
95,1,1327,HAS_LINK_TO
95,1,3188,HAS_LINK_TO
95,1,2184,HAS_LINK_TO
95,1,141,HAS_LINK_TO
95,1,2473,HAS_LINK_TO
95,1,1912,HAS_LINK_TO
95,1,1971,HAS_LINK_TO
95,1,475,HAS_LINK_TO
95,1,1451,HAS_LINK_TO
95,1,4065,HAS_LINK_TO
95,1,1863,HAS_LINK_TO
95,1,4546,HAS_LINK_TO
95,1,1074,HAS_LINK_TO
95,1,362,HAS_LINK_TO
95,1,1928,HAS_LINK_TO
95,1,2142,HAS_LINK_TO
95,1,1348,HAS_LINK_TO
95,1,3510,HAS_LINK_TO
95,1,1858,HAS_LINK_TO
95,1,4646,HAS_LINK_TO
95,1,1710,HAS_LINK_TO
95,1,2683,HAS_LINK_TO
95,1,430,HAS_LINK_TO
95,1,1362,HAS_LINK_TO
95,1,954,HAS_LINK_TO
95,1,585,HAS_LINK_TO
95,1,267,HAS_LINK_TO
95,1,554,HAS_LINK_TO
95,1,2865,HAS_LINK_TO
95,1,4296,HAS_LINK_TO
95,1,1385,HAS_LINK_TO
95,1,1220,HAS_LINK_TO
95,1,3225,HAS_LINK_TO
95,1,467,HAS_LINK_TO
95,1,1931,HAS_LINK_TO
95,1,3658,HAS_LINK_TO
95,1,1270,HAS_LINK_TO
95,1,2944,HAS_LINK_TO
95,1,93,HAS_LINK_TO
95,1,2664,HAS_LINK_TO
95,1,95,HAS_LINK_TO
96,1,3687,HAS_LINK_TO
96,1,1690,HAS_LINK_TO
96,1,3983,HAS_LINK_TO
96,1,2979,HAS_LINK_TO
96,1,4233,HAS_LINK_TO
96,1,4435,HAS_LINK_TO
96,1,2610,HAS_LINK_TO
96,1,4628,HAS_LINK_TO
96,1,4288,HAS_LINK_TO
96,1,337,HAS_LINK_TO
96,1,3198,HAS_LINK_TO
96,1,1419,HAS_LINK_TO
96,1,2786,HAS_LINK_TO
96,1,245,HAS_LINK_TO
96,1,1909,HAS_LINK_TO
96,1,2891,HAS_LINK_TO
96,1,3834,HAS_LINK_TO
96,1,434,HAS_LINK_TO
96,1,4619,HAS_LINK_TO
96,1,4450,HAS_LINK_TO
96,1,3116,HAS_LINK_TO
96,1,582,HAS_LINK_TO
96,1,1199,HAS_LINK_TO
96,1,3389,HAS_LINK_TO
96,1,3403,HAS_LINK_TO
96,1,1003,HAS_LINK_TO
96,1,4530,HAS_LINK_TO
96,1,1007,HAS_LINK_TO
96,1,3591,HAS_LINK_TO
96,1,1763,HAS_LINK_TO
96,1,4040,HAS_LINK_TO
96,1,3197,HAS_LINK_TO
96,1,2963,HAS_LINK_TO
96,1,2819,HAS_LINK_TO
96,1,3896,HAS_LINK_TO
96,1,3593,HAS_LINK_TO
96,1,4338,HAS_LINK_TO
96,1,637,HAS_LINK_TO
96,1,3611,HAS_LINK_TO
96,1,1839,HAS_LINK_TO
96,1,4001,HAS_LINK_TO
96,1,1617,HAS_LINK_TO
96,1,2418,HAS_LINK_TO
96,1,3670,HAS_LINK_TO
96,1,460,HAS_LINK_TO
96,1,2796,HAS_LINK_TO
96,1,4062,HAS_LINK_TO
96,1,1423,HAS_LINK_TO
96,1,629,HAS_LINK_TO
96,1,856,HAS_LINK_TO
96,1,3440,HAS_LINK_TO
96,1,835,HAS_LINK_TO
96,1,4629,HAS_LINK_TO
96,1,702,HAS_LINK_TO
96,1,2932,HAS_LINK_TO
96,1,4336,HAS_LINK_TO
96,1,2336,HAS_LINK_TO
96,1,1195,HAS_LINK_TO
96,1,173,HAS_LINK_TO
96,1,2978,HAS_LINK_TO
96,1,1543,HAS_LINK_TO
96,1,1792,HAS_LINK_TO
96,1,4046,HAS_LINK_TO
96,1,3474,HAS_LINK_TO
96,1,169,HAS_LINK_TO
96,1,3852,HAS_LINK_TO
96,1,2448,HAS_LINK_TO
96,1,1021,HAS_LINK_TO
96,1,3018,HAS_LINK_TO
96,1,942,HAS_LINK_TO
96,1,4569,HAS_LINK_TO
96,1,4298,HAS_LINK_TO
96,1,1182,HAS_LINK_TO
96,1,219,HAS_LINK_TO
96,1,4426,HAS_LINK_TO
96,1,1669,HAS_LINK_TO
96,1,1300,HAS_LINK_TO
96,1,4339,HAS_LINK_TO
96,1,3068,HAS_LINK_TO
96,1,401,HAS_LINK_TO
96,1,2470,HAS_LINK_TO
96,1,4441,HAS_LINK_TO
96,1,3135,HAS_LINK_TO
96,1,165,HAS_LINK_TO
96,1,2356,HAS_LINK_TO
96,1,353,HAS_LINK_TO
96,1,3209,HAS_LINK_TO
96,1,2840,HAS_LINK_TO
96,1,3471,HAS_LINK_TO
96,1,1303,HAS_LINK_TO
96,1,3015,HAS_LINK_TO
96,1,1686,HAS_LINK_TO
96,1,191,HAS_LINK_TO
96,1,1487,HAS_LINK_TO
96,1,1772,HAS_LINK_TO
96,1,1571,HAS_LINK_TO
96,1,4483,HAS_LINK_TO
96,1,4157,HAS_LINK_TO
96,1,805,HAS_LINK_TO
96,1,3686,HAS_LINK_TO
96,1,738,HAS_LINK_TO
96,1,2746,HAS_LINK_TO
96,1,2417,HAS_LINK_TO
96,1,3480,HAS_LINK_TO
96,1,1842,HAS_LINK_TO
96,1,2136,HAS_LINK_TO
96,1,3179,HAS_LINK_TO
96,1,810,HAS_LINK_TO
96,1,1179,HAS_LINK_TO
96,1,3935,HAS_LINK_TO
96,1,203,HAS_LINK_TO
96,1,4625,HAS_LINK_TO
96,1,698,HAS_LINK_TO
96,1,2022,HAS_LINK_TO
96,1,2008,HAS_LINK_TO
96,1,156,HAS_LINK_TO
96,1,542,HAS_LINK_TO
96,1,1660,HAS_LINK_TO
96,1,2154,HAS_LINK_TO
96,1,3080,HAS_LINK_TO
96,1,2925,HAS_LINK_TO
96,1,2517,HAS_LINK_TO
96,1,3037,HAS_LINK_TO
96,1,1390,HAS_LINK_TO
96,1,1512,HAS_LINK_TO
96,1,2474,HAS_LINK_TO
96,1,3644,HAS_LINK_TO
96,1,1249,HAS_LINK_TO
96,1,849,HAS_LINK_TO
96,1,3382,HAS_LINK_TO
96,1,2627,HAS_LINK_TO
96,1,1447,HAS_LINK_TO
96,1,773,HAS_LINK_TO
96,1,3204,HAS_LINK_TO
96,1,3764,HAS_LINK_TO
96,1,4438,HAS_LINK_TO
96,1,1580,HAS_LINK_TO
96,1,3877,HAS_LINK_TO
96,1,3570,HAS_LINK_TO
96,1,2766,HAS_LINK_TO
96,1,454,HAS_LINK_TO
96,1,3822,HAS_LINK_TO
96,1,859,HAS_LINK_TO
96,1,2983,HAS_LINK_TO
96,1,3614,HAS_LINK_TO
96,1,3160,HAS_LINK_TO
96,1,1630,HAS_LINK_TO
96,1,3429,HAS_LINK_TO
96,1,3081,HAS_LINK_TO
96,1,644,HAS_LINK_TO
96,1,4346,HAS_LINK_TO
96,1,1936,HAS_LINK_TO
96,1,1395,HAS_LINK_TO
96,1,459,HAS_LINK_TO
96,1,4405,HAS_LINK_TO
96,1,2937,HAS_LINK_TO
96,1,3901,HAS_LINK_TO
96,1,2666,HAS_LINK_TO
96,1,132,HAS_LINK_TO
96,1,2778,HAS_LINK_TO
96,1,3602,HAS_LINK_TO
96,1,628,HAS_LINK_TO
96,1,4494,HAS_LINK_TO
96,1,2896,HAS_LINK_TO
96,1,254,HAS_LINK_TO
96,1,4515,HAS_LINK_TO
96,1,1546,HAS_LINK_TO
96,1,328,HAS_LINK_TO
96,1,3577,HAS_LINK_TO
96,1,1701,HAS_LINK_TO
96,1,2132,HAS_LINK_TO
96,1,968,HAS_LINK_TO
96,1,3437,HAS_LINK_TO
96,1,2486,HAS_LINK_TO
96,1,4519,HAS_LINK_TO
96,1,3947,HAS_LINK_TO
96,1,682,HAS_LINK_TO
96,1,1671,HAS_LINK_TO
96,1,4152,HAS_LINK_TO
96,1,146,HAS_LINK_TO
96,1,2409,HAS_LINK_TO
96,1,2355,HAS_LINK_TO
96,1,2431,HAS_LINK_TO
96,1,1138,HAS_LINK_TO
96,1,2496,HAS_LINK_TO
96,1,1465,HAS_LINK_TO
96,1,1719,HAS_LINK_TO
96,1,869,HAS_LINK_TO
96,1,2177,HAS_LINK_TO
96,1,3137,HAS_LINK_TO
96,1,2063,HAS_LINK_TO
96,1,4220,HAS_LINK_TO
96,1,4255,HAS_LINK_TO
96,1,3049,HAS_LINK_TO
96,1,4558,HAS_LINK_TO
96,1,1253,HAS_LINK_TO
96,1,496,HAS_LINK_TO
96,1,1149,HAS_LINK_TO
96,1,1128,HAS_LINK_TO
96,1,2349,HAS_LINK_TO
96,1,3574,HAS_LINK_TO
96,1,1405,HAS_LINK_TO
96,1,250,HAS_LINK_TO
96,1,1620,HAS_LINK_TO
96,1,2397,HAS_LINK_TO
96,1,3436,HAS_LINK_TO
96,1,222,HAS_LINK_TO
96,1,2605,HAS_LINK_TO
96,1,2694,HAS_LINK_TO
96,1,4550,HAS_LINK_TO
96,1,4555,HAS_LINK_TO
96,1,3961,HAS_LINK_TO
96,1,1972,HAS_LINK_TO
96,1,2259,HAS_LINK_TO
96,1,4031,HAS_LINK_TO
96,1,4342,HAS_LINK_TO
96,1,2455,HAS_LINK_TO
96,1,2815,HAS_LINK_TO
96,1,4282,HAS_LINK_TO
96,1,4401,HAS_LINK_TO
96,1,800,HAS_LINK_TO
96,1,3041,HAS_LINK_TO
96,1,1176,HAS_LINK_TO
96,1,3127,HAS_LINK_TO
96,1,3115,HAS_LINK_TO
96,1,1524,HAS_LINK_TO
96,1,659,HAS_LINK_TO
96,1,2163,HAS_LINK_TO
96,1,4023,HAS_LINK_TO
96,1,2342,HAS_LINK_TO
96,1,1683,HAS_LINK_TO
96,1,207,HAS_LINK_TO
96,1,995,HAS_LINK_TO
96,1,4202,HAS_LINK_TO
96,1,2565,HAS_LINK_TO
96,1,1951,HAS_LINK_TO
96,1,1181,HAS_LINK_TO
96,1,3512,HAS_LINK_TO
96,1,3937,HAS_LINK_TO
96,1,3435,HAS_LINK_TO
96,1,394,HAS_LINK_TO
96,1,341,HAS_LINK_TO
96,1,2712,HAS_LINK_TO
96,1,262,HAS_LINK_TO
96,1,3617,HAS_LINK_TO
96,1,2935,HAS_LINK_TO
96,1,3222,HAS_LINK_TO
96,1,939,HAS_LINK_TO
96,1,1086,HAS_LINK_TO
96,1,197,HAS_LINK_TO
96,1,1045,HAS_LINK_TO
96,1,3599,HAS_LINK_TO
96,1,3603,HAS_LINK_TO
96,1,1657,HAS_LINK_TO
96,1,3878,HAS_LINK_TO
96,1,3868,HAS_LINK_TO
96,1,1160,HAS_LINK_TO
96,1,4605,HAS_LINK_TO
96,1,2020,HAS_LINK_TO
96,1,1727,HAS_LINK_TO
96,1,3381,HAS_LINK_TO
96,1,483,HAS_LINK_TO
96,1,3461,HAS_LINK_TO
96,1,1852,HAS_LINK_TO
96,1,4485,HAS_LINK_TO
96,1,3613,HAS_LINK_TO
96,1,1446,HAS_LINK_TO
96,1,1250,HAS_LINK_TO
96,1,2557,HAS_LINK_TO
96,1,1554,HAS_LINK_TO
96,1,1445,HAS_LINK_TO
96,1,1667,HAS_LINK_TO
96,1,4117,HAS_LINK_TO
96,1,1994,HAS_LINK_TO
96,1,919,HAS_LINK_TO
96,1,3904,HAS_LINK_TO
96,1,1971,HAS_LINK_TO
96,1,2759,HAS_LINK_TO
96,1,3469,HAS_LINK_TO
96,1,1978,HAS_LINK_TO
96,1,1899,HAS_LINK_TO
96,1,4019,HAS_LINK_TO
96,1,634,HAS_LINK_TO
96,1,3136,HAS_LINK_TO
96,1,2944,HAS_LINK_TO
96,1,2821,HAS_LINK_TO
96,1,4012,HAS_LINK_TO
96,1,268,HAS_LINK_TO
96,1,2615,HAS_LINK_TO
96,1,3685,HAS_LINK_TO
96,1,534,HAS_LINK_TO
96,1,2289,HAS_LINK_TO
96,1,1932,HAS_LINK_TO
96,1,2910,HAS_LINK_TO
96,1,2060,HAS_LINK_TO
96,1,1887,HAS_LINK_TO
96,1,352,HAS_LINK_TO
96,1,760,HAS_LINK_TO
96,1,2946,HAS_LINK_TO
96,1,2934,HAS_LINK_TO
96,1,4032,HAS_LINK_TO
96,1,943,HAS_LINK_TO
96,1,4248,HAS_LINK_TO
96,1,1400,HAS_LINK_TO
96,1,1898,HAS_LINK_TO
96,1,118,HAS_LINK_TO
96,1,3671,HAS_LINK_TO
96,1,2619,HAS_LINK_TO
96,1,4474,HAS_LINK_TO
96,1,2607,HAS_LINK_TO
96,1,149,HAS_LINK_TO
96,1,4204,HAS_LINK_TO
96,1,1545,HAS_LINK_TO
96,1,3398,HAS_LINK_TO
96,1,3793,HAS_LINK_TO
96,1,1374,HAS_LINK_TO
96,1,689,HAS_LINK_TO
96,1,3808,HAS_LINK_TO
96,1,921,HAS_LINK_TO
96,1,3557,HAS_LINK_TO
96,1,3777,HAS_LINK_TO
96,1,4366,HAS_LINK_TO
96,1,3827,HAS_LINK_TO
96,1,3075,HAS_LINK_TO
96,1,1558,HAS_LINK_TO
96,1,4195,HAS_LINK_TO
96,1,1854,HAS_LINK_TO
96,1,1387,HAS_LINK_TO
96,1,2596,HAS_LINK_TO
96,1,1826,HAS_LINK_TO
96,1,2404,HAS_LINK_TO
96,1,491,HAS_LINK_TO
96,1,1495,HAS_LINK_TO
96,1,2122,HAS_LINK_TO
96,1,495,HAS_LINK_TO
96,1,4540,HAS_LINK_TO
96,1,1525,HAS_LINK_TO
96,1,3074,HAS_LINK_TO
96,1,1330,HAS_LINK_TO
96,1,2366,HAS_LINK_TO
96,1,1532,HAS_LINK_TO
96,1,1409,HAS_LINK_TO
96,1,4170,HAS_LINK_TO
96,1,2104,HAS_LINK_TO
96,1,2678,HAS_LINK_TO
96,1,206,HAS_LINK_TO
96,1,2024,HAS_LINK_TO
96,1,3633,HAS_LINK_TO
96,1,771,HAS_LINK_TO
96,1,2500,HAS_LINK_TO
96,1,1557,HAS_LINK_TO
96,1,4397,HAS_LINK_TO
96,1,2487,HAS_LINK_TO
96,1,3399,HAS_LINK_TO
96,1,3515,HAS_LINK_TO
96,1,3620,HAS_LINK_TO
96,1,607,HAS_LINK_TO
96,1,87,HAS_LINK_TO
96,1,1743,HAS_LINK_TO
96,1,2070,HAS_LINK_TO
96,1,3194,HAS_LINK_TO
96,1,700,HAS_LINK_TO
96,1,4368,HAS_LINK_TO
96,1,407,HAS_LINK_TO
96,1,1502,HAS_LINK_TO
96,1,2107,HAS_LINK_TO
96,1,3507,HAS_LINK_TO
96,1,712,HAS_LINK_TO
96,1,1843,HAS_LINK_TO
96,1,713,HAS_LINK_TO
96,1,3967,HAS_LINK_TO
96,1,4094,HAS_LINK_TO
96,1,832,HAS_LINK_TO
96,1,1513,HAS_LINK_TO
96,1,2199,HAS_LINK_TO
96,1,2816,HAS_LINK_TO
96,1,1874,HAS_LINK_TO
96,1,734,HAS_LINK_TO
96,1,1044,HAS_LINK_TO
96,1,2575,HAS_LINK_TO
96,1,704,HAS_LINK_TO
96,1,3174,HAS_LINK_TO
96,1,4027,HAS_LINK_TO
96,1,3481,HAS_LINK_TO
96,1,2606,HAS_LINK_TO
96,1,1863,HAS_LINK_TO
96,1,1872,HAS_LINK_TO
96,1,3940,HAS_LINK_TO
96,1,1159,HAS_LINK_TO
96,1,2762,HAS_LINK_TO
96,1,0,HAS_LINK_TO
96,1,1977,HAS_LINK_TO
96,1,4196,HAS_LINK_TO
96,1,3776,HAS_LINK_TO
96,1,2813,HAS_LINK_TO
96,1,3176,HAS_LINK_TO
96,1,1578,HAS_LINK_TO
96,1,381,HAS_LINK_TO
96,1,1831,HAS_LINK_TO
96,1,272,HAS_LINK_TO
96,1,2755,HAS_LINK_TO
96,1,181,HAS_LINK_TO
96,1,4234,HAS_LINK_TO
96,1,2067,HAS_LINK_TO
96,1,1232,HAS_LINK_TO
96,1,2764,HAS_LINK_TO
96,1,3462,HAS_LINK_TO
96,1,252,HAS_LINK_TO
96,1,2696,HAS_LINK_TO
96,1,2435,HAS_LINK_TO
96,1,1379,HAS_LINK_TO
96,1,3401,HAS_LINK_TO
96,1,1153,HAS_LINK_TO
96,1,3898,HAS_LINK_TO
96,1,2612,HAS_LINK_TO
96,1,3406,HAS_LINK_TO
96,1,1666,HAS_LINK_TO
96,1,2128,HAS_LINK_TO
96,1,708,HAS_LINK_TO
96,1,687,HAS_LINK_TO
96,1,1406,HAS_LINK_TO
96,1,416,HAS_LINK_TO
96,1,3565,HAS_LINK_TO
96,1,475,HAS_LINK_TO
96,1,2879,HAS_LINK_TO
96,1,4453,HAS_LINK_TO
96,1,3193,HAS_LINK_TO
96,1,4344,HAS_LINK_TO
96,1,1982,HAS_LINK_TO
96,1,4566,HAS_LINK_TO
96,1,4329,HAS_LINK_TO
96,1,2365,HAS_LINK_TO
96,1,119,HAS_LINK_TO
96,1,3012,HAS_LINK_TO
96,1,4427,HAS_LINK_TO
96,1,3046,HAS_LINK_TO
96,1,1888,HAS_LINK_TO
96,1,3162,HAS_LINK_TO
96,1,3582,HAS_LINK_TO
96,1,3236,HAS_LINK_TO
96,1,2230,HAS_LINK_TO
96,1,3986,HAS_LINK_TO
96,1,225,HAS_LINK_TO
96,1,1227,HAS_LINK_TO
96,1,1154,HAS_LINK_TO
96,1,3918,HAS_LINK_TO
96,1,2244,HAS_LINK_TO
96,1,2965,HAS_LINK_TO
96,1,1590,HAS_LINK_TO
96,1,2748,HAS_LINK_TO
96,1,3556,HAS_LINK_TO
96,1,244,HAS_LINK_TO
96,1,1386,HAS_LINK_TO
96,1,3466,HAS_LINK_TO
96,1,2818,HAS_LINK_TO
96,1,1992,HAS_LINK_TO
96,1,2624,HAS_LINK_TO
96,1,2459,HAS_LINK_TO
96,1,2271,HAS_LINK_TO
96,1,4393,HAS_LINK_TO
96,1,4626,HAS_LINK_TO
96,1,312,HAS_LINK_TO
96,1,707,HAS_LINK_TO
96,1,300,HAS_LINK_TO
96,1,809,HAS_LINK_TO
96,1,593,HAS_LINK_TO
96,1,4283,HAS_LINK_TO
96,1,1438,HAS_LINK_TO
96,1,4533,HAS_LINK_TO
96,1,1282,HAS_LINK_TO
96,1,4528,HAS_LINK_TO
96,1,4330,HAS_LINK_TO
96,1,2625,HAS_LINK_TO
96,1,2967,HAS_LINK_TO
96,1,1449,HAS_LINK_TO
96,1,3871,HAS_LINK_TO
96,1,4127,HAS_LINK_TO
96,1,2611,HAS_LINK_TO
96,1,3042,HAS_LINK_TO
96,1,2547,HAS_LINK_TO
96,1,2626,HAS_LINK_TO
96,1,436,HAS_LINK_TO
96,1,2267,HAS_LINK_TO
96,1,3988,HAS_LINK_TO
96,1,3523,HAS_LINK_TO
96,1,3506,HAS_LINK_TO
96,1,3748,HAS_LINK_TO
96,1,626,HAS_LINK_TO
96,1,1974,HAS_LINK_TO
96,1,2025,HAS_LINK_TO
96,1,3376,HAS_LINK_TO
96,1,2421,HAS_LINK_TO
96,1,395,HAS_LINK_TO
96,1,640,HAS_LINK_TO
96,1,1448,HAS_LINK_TO
96,1,1555,HAS_LINK_TO
96,1,3223,HAS_LINK_TO
96,1,2518,HAS_LINK_TO
96,1,1187,HAS_LINK_TO
96,1,84,HAS_LINK_TO
96,1,3093,HAS_LINK_TO
96,1,3989,HAS_LINK_TO
96,1,2341,HAS_LINK_TO
96,1,3400,HAS_LINK_TO
96,1,2541,HAS_LINK_TO
96,1,342,HAS_LINK_TO
96,1,1000,HAS_LINK_TO
96,1,1567,HAS_LINK_TO
96,1,3397,HAS_LINK_TO
96,1,2237,HAS_LINK_TO
96,1,4561,HAS_LINK_TO
96,1,2528,HAS_LINK_TO
96,1,2042,HAS_LINK_TO
96,1,4394,HAS_LINK_TO
96,1,792,HAS_LINK_TO
96,1,2939,HAS_LINK_TO
96,1,1769,HAS_LINK_TO
96,1,2238,HAS_LINK_TO
96,1,2433,HAS_LINK_TO
96,1,1608,HAS_LINK_TO
96,1,4560,HAS_LINK_TO
96,1,1415,HAS_LINK_TO
96,1,4022,HAS_LINK_TO
96,1,3992,HAS_LINK_TO
96,1,3915,HAS_LINK_TO
96,1,3432,HAS_LINK_TO
96,1,1970,HAS_LINK_TO
96,1,3013,HAS_LINK_TO
96,1,1867,HAS_LINK_TO
96,1,513,HAS_LINK_TO
96,1,2645,HAS_LINK_TO
96,1,1180,HAS_LINK_TO
96,1,3739,HAS_LINK_TO
96,1,3890,HAS_LINK_TO
96,1,2822,HAS_LINK_TO
96,1,3130,HAS_LINK_TO
96,1,1453,HAS_LINK_TO
96,1,1055,HAS_LINK_TO
96,1,2225,HAS_LINK_TO
96,1,2770,HAS_LINK_TO
96,1,4313,HAS_LINK_TO
96,1,2426,HAS_LINK_TO
96,1,3034,HAS_LINK_TO
96,1,2169,HAS_LINK_TO
96,1,1493,HAS_LINK_TO
96,1,3750,HAS_LINK_TO
96,1,2671,HAS_LINK_TO
96,1,3826,HAS_LINK_TO
96,1,2298,HAS_LINK_TO
96,1,255,HAS_LINK_TO
96,1,2653,HAS_LINK_TO
96,1,195,HAS_LINK_TO
96,1,1408,HAS_LINK_TO
96,1,1046,HAS_LINK_TO
96,1,2423,HAS_LINK_TO
96,1,387,HAS_LINK_TO
96,1,3442,HAS_LINK_TO
96,1,1428,HAS_LINK_TO
96,1,1506,HAS_LINK_TO
96,1,2457,HAS_LINK_TO
96,1,980,HAS_LINK_TO
96,1,813,HAS_LINK_TO
96,1,1410,HAS_LINK_TO
96,1,596,HAS_LINK_TO
96,1,2485,HAS_LINK_TO
96,1,3783,HAS_LINK_TO
97,1,1515,HAS_LINK_TO
97,1,3970,HAS_LINK_TO
97,1,159,HAS_LINK_TO
97,1,3180,HAS_LINK_TO
97,1,4019,HAS_LINK_TO
97,1,3085,HAS_LINK_TO
97,1,3088,HAS_LINK_TO
97,1,338,HAS_LINK_TO
97,1,3966,HAS_LINK_TO
97,1,139,HAS_LINK_TO
97,1,814,HAS_LINK_TO
97,1,1145,HAS_LINK_TO
97,1,580,HAS_LINK_TO
97,1,1083,HAS_LINK_TO
97,1,3842,HAS_LINK_TO
97,1,80,HAS_LINK_TO
97,1,2910,HAS_LINK_TO
97,1,2692,HAS_LINK_TO
97,1,3981,HAS_LINK_TO
97,1,3450,HAS_LINK_TO
97,1,469,HAS_LINK_TO
97,1,3811,HAS_LINK_TO
97,1,4608,HAS_LINK_TO
97,1,2817,HAS_LINK_TO
97,1,4140,HAS_LINK_TO
97,1,2436,HAS_LINK_TO
97,1,867,HAS_LINK_TO
97,1,1569,HAS_LINK_TO
97,1,3542,HAS_LINK_TO
97,1,858,HAS_LINK_TO
97,1,4116,HAS_LINK_TO
97,1,1573,HAS_LINK_TO
97,1,3405,HAS_LINK_TO
97,1,3792,HAS_LINK_TO
97,1,582,HAS_LINK_TO
97,1,2538,HAS_LINK_TO
97,1,3918,HAS_LINK_TO
97,1,639,HAS_LINK_TO
97,1,2619,HAS_LINK_TO
97,1,2076,HAS_LINK_TO
97,1,1444,HAS_LINK_TO
97,1,194,HAS_LINK_TO
97,1,4495,HAS_LINK_TO
97,1,1454,HAS_LINK_TO
97,1,4370,HAS_LINK_TO
97,1,451,HAS_LINK_TO
97,1,2463,HAS_LINK_TO
97,1,2408,HAS_LINK_TO
97,1,1475,HAS_LINK_TO
97,1,2834,HAS_LINK_TO
97,1,2556,HAS_LINK_TO
97,1,1889,HAS_LINK_TO
97,1,3987,HAS_LINK_TO
97,1,2364,HAS_LINK_TO
97,1,1937,HAS_LINK_TO
97,1,2065,HAS_LINK_TO
97,1,4113,HAS_LINK_TO
97,1,612,HAS_LINK_TO
97,1,3488,HAS_LINK_TO
97,1,869,HAS_LINK_TO
97,1,1589,HAS_LINK_TO
97,1,3199,HAS_LINK_TO
97,1,1082,HAS_LINK_TO
97,1,1084,HAS_LINK_TO
97,1,1240,HAS_LINK_TO
97,1,1032,HAS_LINK_TO
97,1,4413,HAS_LINK_TO
97,1,4220,HAS_LINK_TO
97,1,3948,HAS_LINK_TO
97,1,4518,HAS_LINK_TO
97,1,1829,HAS_LINK_TO
97,1,4556,HAS_LINK_TO
97,1,665,HAS_LINK_TO
97,1,3143,HAS_LINK_TO
97,1,4488,HAS_LINK_TO
97,1,1476,HAS_LINK_TO
97,1,3914,HAS_LINK_TO
97,1,4503,HAS_LINK_TO
97,1,1053,HAS_LINK_TO
97,1,1496,HAS_LINK_TO
97,1,4482,HAS_LINK_TO
97,1,2839,HAS_LINK_TO
97,1,3639,HAS_LINK_TO
97,1,709,HAS_LINK_TO
97,1,414,HAS_LINK_TO
97,1,346,HAS_LINK_TO
97,1,746,HAS_LINK_TO
97,1,4611,HAS_LINK_TO
97,1,1939,HAS_LINK_TO
97,1,955,HAS_LINK_TO
97,1,3235,HAS_LINK_TO
97,1,4013,HAS_LINK_TO
97,1,771,HAS_LINK_TO
97,1,2421,HAS_LINK_TO
97,1,1221,HAS_LINK_TO
97,1,3960,HAS_LINK_TO
97,1,3579,HAS_LINK_TO
97,1,1682,HAS_LINK_TO
97,1,4521,HAS_LINK_TO
97,1,3699,HAS_LINK_TO
97,1,597,HAS_LINK_TO
97,1,2050,HAS_LINK_TO
97,1,4412,HAS_LINK_TO
97,1,4421,HAS_LINK_TO
97,1,1339,HAS_LINK_TO
97,1,1480,HAS_LINK_TO
97,1,253,HAS_LINK_TO
97,1,356,HAS_LINK_TO
97,1,376,HAS_LINK_TO
97,1,3719,HAS_LINK_TO
97,1,3104,HAS_LINK_TO
97,1,97,HAS_LINK_TO
97,1,1567,HAS_LINK_TO
97,1,1050,HAS_LINK_TO
97,1,1243,HAS_LINK_TO
97,1,4609,HAS_LINK_TO
97,1,2975,HAS_LINK_TO
97,1,1990,HAS_LINK_TO
97,1,2640,HAS_LINK_TO
97,1,1414,HAS_LINK_TO
97,1,3191,HAS_LINK_TO
97,1,618,HAS_LINK_TO
97,1,1294,HAS_LINK_TO
97,1,1025,HAS_LINK_TO
97,1,1264,HAS_LINK_TO
97,1,2840,HAS_LINK_TO
97,1,3027,HAS_LINK_TO
97,1,1094,HAS_LINK_TO
97,1,158,HAS_LINK_TO
97,1,4200,HAS_LINK_TO
97,1,148,HAS_LINK_TO
97,1,2765,HAS_LINK_TO
97,1,4551,HAS_LINK_TO
97,1,3850,HAS_LINK_TO
97,1,1065,HAS_LINK_TO
97,1,2691,HAS_LINK_TO
97,1,1008,HAS_LINK_TO
97,1,335,HAS_LINK_TO
97,1,2575,HAS_LINK_TO
97,1,2437,HAS_LINK_TO
97,1,2777,HAS_LINK_TO
97,1,398,HAS_LINK_TO
97,1,4415,HAS_LINK_TO
97,1,2851,HAS_LINK_TO
97,1,963,HAS_LINK_TO
97,1,2152,HAS_LINK_TO
97,1,1479,HAS_LINK_TO
97,1,1418,HAS_LINK_TO
97,1,2935,HAS_LINK_TO
97,1,2430,HAS_LINK_TO
97,1,938,HAS_LINK_TO
97,1,3706,HAS_LINK_TO
97,1,2770,HAS_LINK_TO
97,1,439,HAS_LINK_TO
97,1,1699,HAS_LINK_TO
97,1,515,HAS_LINK_TO
97,1,1033,HAS_LINK_TO
97,1,400,HAS_LINK_TO
97,1,2105,HAS_LINK_TO
97,1,1473,HAS_LINK_TO
97,1,1378,HAS_LINK_TO
97,1,2281,HAS_LINK_TO
97,1,321,HAS_LINK_TO
97,1,2836,HAS_LINK_TO
97,1,2471,HAS_LINK_TO
97,1,1474,HAS_LINK_TO
97,1,514,HAS_LINK_TO
97,1,2361,HAS_LINK_TO
97,1,2925,HAS_LINK_TO
97,1,4266,HAS_LINK_TO
97,1,4466,HAS_LINK_TO
97,1,1478,HAS_LINK_TO
97,1,4524,HAS_LINK_TO
97,1,3610,HAS_LINK_TO
97,1,2970,HAS_LINK_TO
97,1,1477,HAS_LINK_TO
97,1,3700,HAS_LINK_TO
97,1,4203,HAS_LINK_TO
97,1,1357,HAS_LINK_TO
97,1,2543,HAS_LINK_TO
97,1,1321,HAS_LINK_TO
97,1,1664,HAS_LINK_TO
97,1,2023,HAS_LINK_TO
97,1,1857,HAS_LINK_TO
97,1,2284,HAS_LINK_TO
97,1,443,HAS_LINK_TO
97,1,2833,HAS_LINK_TO
97,1,1580,HAS_LINK_TO
97,1,2288,HAS_LINK_TO
97,1,663,HAS_LINK_TO
97,1,406,HAS_LINK_TO
97,1,4264,HAS_LINK_TO
97,1,1481,HAS_LINK_TO
97,1,3609,HAS_LINK_TO
97,1,4532,HAS_LINK_TO
98,1,714,HAS_LINK_TO
98,1,2052,HAS_LINK_TO
98,1,1917,HAS_LINK_TO
98,1,2811,HAS_LINK_TO
98,1,1704,HAS_LINK_TO
98,1,521,HAS_LINK_TO
98,1,1755,HAS_LINK_TO
98,1,1964,HAS_LINK_TO
98,1,1331,HAS_LINK_TO
98,1,3635,HAS_LINK_TO
98,1,2893,HAS_LINK_TO
98,1,2545,HAS_LINK_TO
98,1,536,HAS_LINK_TO
98,1,1712,HAS_LINK_TO
98,1,2385,HAS_LINK_TO
98,1,3618,HAS_LINK_TO
98,1,457,HAS_LINK_TO
98,1,1779,HAS_LINK_TO
98,1,3747,HAS_LINK_TO
98,1,816,HAS_LINK_TO
98,1,1319,HAS_LINK_TO
98,1,1131,HAS_LINK_TO
98,1,1774,HAS_LINK_TO
98,1,1909,HAS_LINK_TO
98,1,3153,HAS_LINK_TO
98,1,4140,HAS_LINK_TO
98,1,2533,HAS_LINK_TO
98,1,3405,HAS_LINK_TO
98,1,3116,HAS_LINK_TO
98,1,844,HAS_LINK_TO
98,1,329,HAS_LINK_TO
98,1,4495,HAS_LINK_TO
98,1,4451,HAS_LINK_TO
98,1,1332,HAS_LINK_TO
98,1,4210,HAS_LINK_TO
98,1,4093,HAS_LINK_TO
98,1,1531,HAS_LINK_TO
98,1,2556,HAS_LINK_TO
98,1,3079,HAS_LINK_TO
98,1,3987,HAS_LINK_TO
98,1,4607,HAS_LINK_TO
98,1,4201,HAS_LINK_TO
98,1,1079,HAS_LINK_TO
98,1,1967,HAS_LINK_TO
98,1,1158,HAS_LINK_TO
98,1,311,HAS_LINK_TO
98,1,478,HAS_LINK_TO
98,1,399,HAS_LINK_TO
98,1,350,HAS_LINK_TO
98,1,3691,HAS_LINK_TO
98,1,2036,HAS_LINK_TO
98,1,821,HAS_LINK_TO
98,1,1855,HAS_LINK_TO
98,1,3931,HAS_LINK_TO
98,1,1035,HAS_LINK_TO
98,1,2089,HAS_LINK_TO
98,1,1053,HAS_LINK_TO
98,1,2912,HAS_LINK_TO
98,1,4035,HAS_LINK_TO
98,1,3458,HAS_LINK_TO
98,1,4482,HAS_LINK_TO
98,1,2133,HAS_LINK_TO
98,1,3062,HAS_LINK_TO
98,1,962,HAS_LINK_TO
98,1,2093,HAS_LINK_TO
98,1,1397,HAS_LINK_TO
98,1,3866,HAS_LINK_TO
98,1,1257,HAS_LINK_TO
98,1,1368,HAS_LINK_TO
98,1,3756,HAS_LINK_TO
98,1,4421,HAS_LINK_TO
98,1,3459,HAS_LINK_TO
98,1,1480,HAS_LINK_TO
98,1,1469,HAS_LINK_TO
98,1,4335,HAS_LINK_TO
98,1,1427,HAS_LINK_TO
98,1,1220,HAS_LINK_TO
98,1,2616,HAS_LINK_TO
98,1,3517,HAS_LINK_TO
98,1,4505,HAS_LINK_TO
98,1,3690,HAS_LINK_TO
98,1,4043,HAS_LINK_TO
98,1,241,HAS_LINK_TO
98,1,1028,HAS_LINK_TO
98,1,2594,HAS_LINK_TO
98,1,618,HAS_LINK_TO
98,1,1626,HAS_LINK_TO
98,1,2203,HAS_LINK_TO
98,1,2673,HAS_LINK_TO
98,1,3035,HAS_LINK_TO
98,1,2720,HAS_LINK_TO
98,1,2362,HAS_LINK_TO
98,1,3658,HAS_LINK_TO
98,1,4302,HAS_LINK_TO
98,1,2053,HAS_LINK_TO
98,1,815,HAS_LINK_TO
98,1,1583,HAS_LINK_TO
98,1,4419,HAS_LINK_TO
98,1,113,HAS_LINK_TO
98,1,487,HAS_LINK_TO
98,1,291,HAS_LINK_TO
98,1,926,HAS_LINK_TO
98,1,3238,HAS_LINK_TO
98,1,3941,HAS_LINK_TO
98,1,3521,HAS_LINK_TO
98,1,511,HAS_LINK_TO
98,1,1309,HAS_LINK_TO
98,1,3821,HAS_LINK_TO
98,1,2814,HAS_LINK_TO
98,1,4005,HAS_LINK_TO
98,1,2105,HAS_LINK_TO
98,1,3158,HAS_LINK_TO
98,1,437,HAS_LINK_TO
98,1,1845,HAS_LINK_TO
98,1,4289,HAS_LINK_TO
98,1,2886,HAS_LINK_TO
98,1,1988,HAS_LINK_TO
98,1,1584,HAS_LINK_TO
98,1,4433,HAS_LINK_TO
98,1,1477,HAS_LINK_TO
98,1,435,HAS_LINK_TO
98,1,3590,HAS_LINK_TO
98,1,3624,HAS_LINK_TO
98,1,3888,HAS_LINK_TO
98,1,1321,HAS_LINK_TO
98,1,3103,HAS_LINK_TO
98,1,393,HAS_LINK_TO
98,1,98,HAS_LINK_TO
98,1,4176,HAS_LINK_TO
98,1,154,HAS_LINK_TO
98,1,567,HAS_LINK_TO
98,1,2001,HAS_LINK_TO
98,1,1935,HAS_LINK_TO
98,1,1064,HAS_LINK_TO
98,1,1492,HAS_LINK_TO
98,1,636,HAS_LINK_TO
98,1,1733,HAS_LINK_TO
98,1,4008,HAS_LINK_TO
98,1,851,HAS_LINK_TO
98,1,3916,HAS_LINK_TO
98,1,85,HAS_LINK_TO
98,1,3640,HAS_LINK_TO
98,1,3418,HAS_LINK_TO
98,1,3388,HAS_LINK_TO
98,1,1371,HAS_LINK_TO
98,1,977,HAS_LINK_TO
98,1,3842,HAS_LINK_TO
98,1,3628,HAS_LINK_TO
98,1,3897,HAS_LINK_TO
98,1,3811,HAS_LINK_TO
98,1,3216,HAS_LINK_TO
98,1,3444,HAS_LINK_TO
98,1,1198,HAS_LINK_TO
98,1,4365,HAS_LINK_TO
98,1,3045,HAS_LINK_TO
98,1,744,HAS_LINK_TO
98,1,1676,HAS_LINK_TO
98,1,1586,HAS_LINK_TO
98,1,3619,HAS_LINK_TO
98,1,1508,HAS_LINK_TO
98,1,2372,HAS_LINK_TO
98,1,327,HAS_LINK_TO
98,1,3420,HAS_LINK_TO
98,1,485,HAS_LINK_TO
98,1,2007,HAS_LINK_TO
98,1,1127,HAS_LINK_TO
98,1,2959,HAS_LINK_TO
98,1,2408,HAS_LINK_TO
98,1,1011,HAS_LINK_TO
98,1,1934,HAS_LINK_TO
98,1,4502,HAS_LINK_TO
98,1,3040,HAS_LINK_TO
98,1,4456,HAS_LINK_TO
98,1,3982,HAS_LINK_TO
98,1,3803,HAS_LINK_TO
98,1,4108,HAS_LINK_TO
98,1,4621,HAS_LINK_TO
98,1,869,HAS_LINK_TO
98,1,3199,HAS_LINK_TO
98,1,3465,HAS_LINK_TO
98,1,3810,HAS_LINK_TO
98,1,1014,HAS_LINK_TO
98,1,864,HAS_LINK_TO
98,1,3946,HAS_LINK_TO
98,1,635,HAS_LINK_TO
98,1,4413,HAS_LINK_TO
98,1,4389,HAS_LINK_TO
98,1,1656,HAS_LINK_TO
98,1,3106,HAS_LINK_TO
98,1,2943,HAS_LINK_TO
98,1,1320,HAS_LINK_TO
98,1,2482,HAS_LINK_TO
98,1,3044,HAS_LINK_TO
98,1,2147,HAS_LINK_TO
98,1,2738,HAS_LINK_TO
98,1,1939,HAS_LINK_TO
98,1,2926,HAS_LINK_TO
98,1,752,HAS_LINK_TO
98,1,4213,HAS_LINK_TO
98,1,680,HAS_LINK_TO
98,1,956,HAS_LINK_TO
98,1,2450,HAS_LINK_TO
98,1,764,HAS_LINK_TO
98,1,4122,HAS_LINK_TO
98,1,598,HAS_LINK_TO
98,1,3975,HAS_LINK_TO
98,1,1412,HAS_LINK_TO
98,1,376,HAS_LINK_TO
98,1,3606,HAS_LINK_TO
98,1,751,HAS_LINK_TO
98,1,1574,HAS_LINK_TO
98,1,1776,HAS_LINK_TO
98,1,4609,HAS_LINK_TO
98,1,3572,HAS_LINK_TO
98,1,1366,HAS_LINK_TO
98,1,1432,HAS_LINK_TO
98,1,3043,HAS_LINK_TO
98,1,2451,HAS_LINK_TO
98,1,1642,HAS_LINK_TO
98,1,1178,HAS_LINK_TO
98,1,1560,HAS_LINK_TO
98,1,3824,HAS_LINK_TO
98,1,2313,HAS_LINK_TO
98,1,4185,HAS_LINK_TO
98,1,1340,HAS_LINK_TO
98,1,1868,HAS_LINK_TO
98,1,3801,HAS_LINK_TO
98,1,3796,HAS_LINK_TO
98,1,2056,HAS_LINK_TO
98,1,4247,HAS_LINK_TO
98,1,3799,HAS_LINK_TO
98,1,1479,HAS_LINK_TO
98,1,2739,HAS_LINK_TO
98,1,2430,HAS_LINK_TO
98,1,2564,HAS_LINK_TO
98,1,1113,HAS_LINK_TO
98,1,1906,HAS_LINK_TO
98,1,4361,HAS_LINK_TO
98,1,1876,HAS_LINK_TO
98,1,1308,HAS_LINK_TO
98,1,1293,HAS_LINK_TO
98,1,2268,HAS_LINK_TO
98,1,878,HAS_LINK_TO
98,1,493,HAS_LINK_TO
98,1,1700,HAS_LINK_TO
98,1,4574,HAS_LINK_TO
98,1,3944,HAS_LINK_TO
98,1,2281,HAS_LINK_TO
98,1,4206,HAS_LINK_TO
98,1,105,HAS_LINK_TO
98,1,1367,HAS_LINK_TO
98,1,514,HAS_LINK_TO
98,1,3943,HAS_LINK_TO
98,1,2860,HAS_LINK_TO
98,1,3662,HAS_LINK_TO
98,1,840,HAS_LINK_TO
98,1,2757,HAS_LINK_TO
98,1,438,HAS_LINK_TO
98,1,3952,HAS_LINK_TO
98,1,1104,HAS_LINK_TO
98,1,123,HAS_LINK_TO
98,1,2269,HAS_LINK_TO
98,1,4203,HAS_LINK_TO
98,1,3846,HAS_LINK_TO
98,1,3980,HAS_LINK_TO
98,1,1041,HAS_LINK_TO
98,1,4500,HAS_LINK_TO
98,1,1950,HAS_LINK_TO
98,1,2488,HAS_LINK_TO
98,1,1881,HAS_LINK_TO
98,1,663,HAS_LINK_TO
98,1,249,HAS_LINK_TO
98,1,159,HAS_LINK_TO
98,1,1684,HAS_LINK_TO
98,1,1958,HAS_LINK_TO
98,1,2802,HAS_LINK_TO
98,1,2826,HAS_LINK_TO
98,1,836,HAS_LINK_TO
98,1,1789,HAS_LINK_TO
98,1,3422,HAS_LINK_TO
98,1,2254,HAS_LINK_TO
98,1,80,HAS_LINK_TO
98,1,1404,HAS_LINK_TO
98,1,1433,HAS_LINK_TO
98,1,3141,HAS_LINK_TO
98,1,2951,HAS_LINK_TO
98,1,135,HAS_LINK_TO
98,1,524,HAS_LINK_TO
98,1,4596,HAS_LINK_TO
98,1,3792,HAS_LINK_TO
98,1,2083,HAS_LINK_TO
98,1,3733,HAS_LINK_TO
98,1,2076,HAS_LINK_TO
98,1,2669,HAS_LINK_TO
98,1,508,HAS_LINK_TO
98,1,2158,HAS_LINK_TO
98,1,1805,HAS_LINK_TO
98,1,900,HAS_LINK_TO
98,1,1184,HAS_LINK_TO
98,1,2489,HAS_LINK_TO
98,1,2308,HAS_LINK_TO
98,1,3575,HAS_LINK_TO
98,1,2034,HAS_LINK_TO
98,1,1745,HAS_LINK_TO
98,1,1818,HAS_LINK_TO
98,1,667,HAS_LINK_TO
98,1,621,HAS_LINK_TO
98,1,3860,HAS_LINK_TO
98,1,1979,HAS_LINK_TO
98,1,649,HAS_LINK_TO
98,1,774,HAS_LINK_TO
98,1,456,HAS_LINK_TO
98,1,3891,HAS_LINK_TO
98,1,3483,HAS_LINK_TO
98,1,2805,HAS_LINK_TO
98,1,4317,HAS_LINK_TO
98,1,4540,HAS_LINK_TO
98,1,1962,HAS_LINK_TO
98,1,3787,HAS_LINK_TO
98,1,3948,HAS_LINK_TO
98,1,1829,HAS_LINK_TO
98,1,236,HAS_LINK_TO
98,1,4111,HAS_LINK_TO
98,1,3558,HAS_LINK_TO
98,1,2278,HAS_LINK_TO
98,1,507,HAS_LINK_TO
98,1,3798,HAS_LINK_TO
98,1,2918,HAS_LINK_TO
98,1,1778,HAS_LINK_TO
98,1,955,HAS_LINK_TO
98,1,1276,HAS_LINK_TO
98,1,4013,HAS_LINK_TO
98,1,153,HAS_LINK_TO
98,1,571,HAS_LINK_TO
98,1,4397,HAS_LINK_TO
98,1,3107,HAS_LINK_TO
98,1,4606,HAS_LINK_TO
98,1,2263,HAS_LINK_TO
98,1,2703,HAS_LINK_TO
98,1,1836,HAS_LINK_TO
98,1,3802,HAS_LINK_TO
98,1,2552,HAS_LINK_TO
98,1,1239,HAS_LINK_TO
98,1,253,HAS_LINK_TO
98,1,2742,HAS_LINK_TO
98,1,1819,HAS_LINK_TO
98,1,2950,HAS_LINK_TO
98,1,287,HAS_LINK_TO
98,1,638,HAS_LINK_TO
98,1,2107,HAS_LINK_TO
98,1,2630,HAS_LINK_TO
98,1,1414,HAS_LINK_TO
98,1,503,HAS_LINK_TO
98,1,3387,HAS_LINK_TO
98,1,1570,HAS_LINK_TO
98,1,4285,HAS_LINK_TO
98,1,4200,HAS_LINK_TO
98,1,756,HAS_LINK_TO
98,1,2491,HAS_LINK_TO
98,1,706,HAS_LINK_TO
98,1,2000,HAS_LINK_TO
98,1,930,HAS_LINK_TO
98,1,3705,HAS_LINK_TO
98,1,3433,HAS_LINK_TO
98,1,1012,HAS_LINK_TO
98,1,242,HAS_LINK_TO
98,1,1610,HAS_LINK_TO
98,1,2575,HAS_LINK_TO
98,1,972,HAS_LINK_TO
98,1,3016,HAS_LINK_TO
98,1,3865,HAS_LINK_TO
98,1,320,HAS_LINK_TO
98,1,739,HAS_LINK_TO
98,1,3965,HAS_LINK_TO
98,1,4053,HAS_LINK_TO
98,1,2247,HAS_LINK_TO
98,1,4434,HAS_LINK_TO
98,1,1140,HAS_LINK_TO
98,1,688,HAS_LINK_TO
98,1,2153,HAS_LINK_TO
98,1,3155,HAS_LINK_TO
98,1,1640,HAS_LINK_TO
98,1,2868,HAS_LINK_TO
98,1,4145,HAS_LINK_TO
98,1,2270,HAS_LINK_TO
98,1,1474,HAS_LINK_TO
98,1,403,HAS_LINK_TO
98,1,1136,HAS_LINK_TO
98,1,1478,HAS_LINK_TO
98,1,2173,HAS_LINK_TO
98,1,1364,HAS_LINK_TO
98,1,3795,HAS_LINK_TO
98,1,1879,HAS_LINK_TO
98,1,2279,HAS_LINK_TO
98,1,2434,HAS_LINK_TO
98,1,170,HAS_LINK_TO
98,1,3998,HAS_LINK_TO
98,1,2012,HAS_LINK_TO
98,1,4623,HAS_LINK_TO
98,1,3997,HAS_LINK_TO
98,1,1550,HAS_LINK_TO
98,1,2368,HAS_LINK_TO
98,1,887,HAS_LINK_TO
98,1,2376,HAS_LINK_TO
98,1,986,HAS_LINK_TO
98,1,2049,HAS_LINK_TO
98,1,4006,HAS_LINK_TO
98,1,1291,HAS_LINK_TO
98,1,2689,HAS_LINK_TO
98,1,3841,HAS_LINK_TO
98,1,586,HAS_LINK_TO
98,1,4050,HAS_LINK_TO
98,1,1848,HAS_LINK_TO
98,1,922,HAS_LINK_TO
98,1,1955,HAS_LINK_TO
98,1,990,HAS_LINK_TO
98,1,3070,HAS_LINK_TO
98,1,1631,HAS_LINK_TO
98,1,780,HAS_LINK_TO
98,1,1837,HAS_LINK_TO
98,1,1080,HAS_LINK_TO
98,1,4041,HAS_LINK_TO
98,1,4604,HAS_LINK_TO
98,1,2151,HAS_LINK_TO
98,1,2432,HAS_LINK_TO
98,1,3434,HAS_LINK_TO
98,1,2817,HAS_LINK_TO
98,1,1851,HAS_LINK_TO
98,1,2436,HAS_LINK_TO
98,1,1093,HAS_LINK_TO
98,1,4571,HAS_LINK_TO
98,1,1926,HAS_LINK_TO
98,1,1561,HAS_LINK_TO
98,1,3011,HAS_LINK_TO
98,1,558,HAS_LINK_TO
98,1,396,HAS_LINK_TO
98,1,1454,HAS_LINK_TO
98,1,3543,HAS_LINK_TO
98,1,486,HAS_LINK_TO
98,1,1475,HAS_LINK_TO
98,1,121,HAS_LINK_TO
98,1,2629,HAS_LINK_TO
98,1,1260,HAS_LINK_TO
98,1,145,HAS_LINK_TO
98,1,2285,HAS_LINK_TO
98,1,677,HAS_LINK_TO
98,1,2698,HAS_LINK_TO
98,1,4547,HAS_LINK_TO
98,1,3009,HAS_LINK_TO
98,1,684,HAS_LINK_TO
98,1,2370,HAS_LINK_TO
98,1,1100,HAS_LINK_TO
98,1,4279,HAS_LINK_TO
98,1,1576,HAS_LINK_TO
98,1,4251,HAS_LINK_TO
98,1,239,HAS_LINK_TO
98,1,3724,HAS_LINK_TO
98,1,2065,HAS_LINK_TO
98,1,2123,HAS_LINK_TO
98,1,358,HAS_LINK_TO
98,1,442,HAS_LINK_TO
98,1,1449,HAS_LINK_TO
98,1,246,HAS_LINK_TO
98,1,2873,HAS_LINK_TO
98,1,1777,HAS_LINK_TO
98,1,2051,HAS_LINK_TO
98,1,3533,HAS_LINK_TO
98,1,559,HAS_LINK_TO
98,1,122,HAS_LINK_TO
98,1,2984,HAS_LINK_TO
98,1,1476,HAS_LINK_TO
98,1,3784,HAS_LINK_TO
98,1,1496,HAS_LINK_TO
98,1,4431,HAS_LINK_TO
98,1,843,HAS_LINK_TO
98,1,3840,HAS_LINK_TO
98,1,3652,HAS_LINK_TO
98,1,569,HAS_LINK_TO
98,1,789,HAS_LINK_TO
98,1,772,HAS_LINK_TO
98,1,2952,HAS_LINK_TO
98,1,1551,HAS_LINK_TO
98,1,2524,HAS_LINK_TO
98,1,1029,HAS_LINK_TO
98,1,1027,HAS_LINK_TO
98,1,2174,HAS_LINK_TO
98,1,3223,HAS_LINK_TO
98,1,1682,HAS_LINK_TO
98,1,4521,HAS_LINK_TO
98,1,349,HAS_LINK_TO
98,1,1817,HAS_LINK_TO
98,1,3893,HAS_LINK_TO
98,1,2282,HAS_LINK_TO
98,1,4412,HAS_LINK_TO
98,1,3797,HAS_LINK_TO
98,1,3482,HAS_LINK_TO
98,1,1987,HAS_LINK_TO
98,1,2957,HAS_LINK_TO
98,1,2905,HAS_LINK_TO
98,1,1069,HAS_LINK_TO
98,1,2439,HAS_LINK_TO
98,1,1050,HAS_LINK_TO
98,1,3945,HAS_LINK_TO
98,1,1885,HAS_LINK_TO
98,1,3087,HAS_LINK_TO
98,1,1302,HAS_LINK_TO
98,1,3514,HAS_LINK_TO
98,1,4428,HAS_LINK_TO
98,1,2530,HAS_LINK_TO
98,1,874,HAS_LINK_TO
98,1,506,HAS_LINK_TO
98,1,3788,HAS_LINK_TO
98,1,2777,HAS_LINK_TO
98,1,1092,HAS_LINK_TO
98,1,2855,HAS_LINK_TO
98,1,2747,HAS_LINK_TO
98,1,3156,HAS_LINK_TO
98,1,3539,HAS_LINK_TO
98,1,2277,HAS_LINK_TO
98,1,2293,HAS_LINK_TO
98,1,4036,HAS_LINK_TO
98,1,565,HAS_LINK_TO
98,1,1288,HAS_LINK_TO
98,1,2483,HAS_LINK_TO
98,1,1473,HAS_LINK_TO
98,1,4323,HAS_LINK_TO
98,1,2966,HAS_LINK_TO
98,1,2901,HAS_LINK_TO
98,1,568,HAS_LINK_TO
98,1,2361,HAS_LINK_TO
98,1,3083,HAS_LINK_TO
98,1,600,HAS_LINK_TO
98,1,2743,HAS_LINK_TO
98,1,2490,HAS_LINK_TO
98,1,2706,HAS_LINK_TO
98,1,423,HAS_LINK_TO
98,1,3610,HAS_LINK_TO
98,1,1968,HAS_LINK_TO
98,1,1802,HAS_LINK_TO
98,1,1658,HAS_LINK_TO
98,1,861,HAS_LINK_TO
98,1,1026,HAS_LINK_TO
98,1,319,HAS_LINK_TO
98,1,2553,HAS_LINK_TO
98,1,646,HAS_LINK_TO
98,1,535,HAS_LINK_TO
98,1,4325,HAS_LINK_TO
98,1,4424,HAS_LINK_TO
98,1,2023,HAS_LINK_TO
98,1,651,HAS_LINK_TO
98,1,828,HAS_LINK_TO
98,1,2288,HAS_LINK_TO
98,1,4158,HAS_LINK_TO
98,1,1481,HAS_LINK_TO
98,1,1559,HAS_LINK_TO
98,1,1816,HAS_LINK_TO
98,1,4532,HAS_LINK_TO
99,1,1705,HAS_LINK_TO
99,1,1222,HAS_LINK_TO
99,1,504,HAS_LINK_TO
99,1,3559,HAS_LINK_TO
99,1,2927,HAS_LINK_TO
99,1,888,HAS_LINK_TO
99,1,155,HAS_LINK_TO
99,1,4506,HAS_LINK_TO
99,1,2108,HAS_LINK_TO
99,1,98,HAS_LINK_TO
99,1,852,HAS_LINK_TO
99,1,4123,HAS_LINK_TO
99,1,359,HAS_LINK_TO
99,1,1277,HAS_LINK_TO
99,1,3892,HAS_LINK_TO
99,1,901,HAS_LINK_TO
99,1,837,HAS_LINK_TO
99,1,99,HAS_LINK_TO
99,1,1627,HAS_LINK_TO
99,1,3107,HAS_LINK_TO
99,1,2148,HAS_LINK_TO
99,1,1927,HAS_LINK_TO
99,1,537,HAS_LINK_TO
99,1,1643,HAS_LINK_TO
99,1,2861,HAS_LINK_TO
99,1,3423,HAS_LINK_TO
99,1,790,HAS_LINK_TO
99,1,3544,HAS_LINK_TO
99,1,874,HAS_LINK_TO
100,1,1755,HAS_LINK_TO
100,1,2032,HAS_LINK_TO
100,1,103,HAS_LINK_TO
100,1,541,HAS_LINK_TO
100,1,4179,HAS_LINK_TO
100,1,536,HAS_LINK_TO
100,1,2344,HAS_LINK_TO
100,1,564,HAS_LINK_TO
100,1,1909,HAS_LINK_TO
100,1,3153,HAS_LINK_TO
100,1,2227,HAS_LINK_TO
100,1,295,HAS_LINK_TO
100,1,2660,HAS_LINK_TO
100,1,180,HAS_LINK_TO
100,1,2275,HAS_LINK_TO
100,1,844,HAS_LINK_TO
100,1,981,HAS_LINK_TO
100,1,1579,HAS_LINK_TO
100,1,2931,HAS_LINK_TO
100,1,3394,HAS_LINK_TO
100,1,3745,HAS_LINK_TO
100,1,1484,HAS_LINK_TO
100,1,915,HAS_LINK_TO
100,1,4272,HAS_LINK_TO
100,1,183,HAS_LINK_TO
100,1,1980,HAS_LINK_TO
100,1,1648,HAS_LINK_TO
100,1,4452,HAS_LINK_TO
100,1,2831,HAS_LINK_TO
100,1,3017,HAS_LINK_TO
100,1,1259,HAS_LINK_TO
100,1,2657,HAS_LINK_TO
100,1,1999,HAS_LINK_TO
100,1,2478,HAS_LINK_TO
100,1,311,HAS_LINK_TO
100,1,172,HAS_LINK_TO
100,1,501,HAS_LINK_TO
100,1,3047,HAS_LINK_TO
100,1,1738,HAS_LINK_TO
100,1,1821,HAS_LINK_TO
100,1,2540,HAS_LINK_TO
100,1,1174,HAS_LINK_TO
100,1,2093,HAS_LINK_TO
100,1,2809,HAS_LINK_TO
100,1,3866,HAS_LINK_TO
100,1,2305,HAS_LINK_TO
100,1,1947,HAS_LINK_TO
100,1,4119,HAS_LINK_TO
100,1,806,HAS_LINK_TO
100,1,108,HAS_LINK_TO
100,1,3008,HAS_LINK_TO
100,1,2274,HAS_LINK_TO
100,1,3498,HAS_LINK_TO
100,1,1172,HAS_LINK_TO
100,1,3729,HAS_LINK_TO
100,1,3595,HAS_LINK_TO
100,1,1191,HAS_LINK_TO
100,1,1654,HAS_LINK_TO
100,1,1068,HAS_LINK_TO
100,1,1173,HAS_LINK_TO
100,1,182,HAS_LINK_TO
100,1,113,HAS_LINK_TO
100,1,937,HAS_LINK_TO
100,1,2676,HAS_LINK_TO
100,1,923,HAS_LINK_TO
100,1,3564,HAS_LINK_TO
100,1,3090,HAS_LINK_TO
100,1,2078,HAS_LINK_TO
100,1,2316,HAS_LINK_TO
100,1,3817,HAS_LINK_TO
100,1,2536,HAS_LINK_TO
100,1,894,HAS_LINK_TO
100,1,2193,HAS_LINK_TO
100,1,601,HAS_LINK_TO
100,1,227,HAS_LINK_TO
100,1,1941,HAS_LINK_TO
100,1,3867,HAS_LINK_TO
100,1,1272,HAS_LINK_TO
100,1,178,HAS_LINK_TO
100,1,3383,HAS_LINK_TO
100,1,673,HAS_LINK_TO
100,1,1152,HAS_LINK_TO
100,1,3632,HAS_LINK_TO
100,1,2388,HAS_LINK_TO
100,1,2228,HAS_LINK_TO
100,1,188,HAS_LINK_TO
100,1,3642,HAS_LINK_TO
100,1,1284,HAS_LINK_TO
100,1,1832,HAS_LINK_TO
100,1,4498,HAS_LINK_TO
100,1,4499,HAS_LINK_TO
100,1,101,HAS_LINK_TO
100,1,109,HAS_LINK_TO
100,1,3973,HAS_LINK_TO
100,1,3500,HAS_LINK_TO
100,1,1371,HAS_LINK_TO
100,1,4321,HAS_LINK_TO
100,1,2045,HAS_LINK_TO
100,1,755,HAS_LINK_TO
100,1,3721,HAS_LINK_TO
100,1,2753,HAS_LINK_TO
100,1,658,HAS_LINK_TO
100,1,3045,HAS_LINK_TO
100,1,1983,HAS_LINK_TO
100,1,3493,HAS_LINK_TO
100,1,299,HAS_LINK_TO
100,1,3091,HAS_LINK_TO
100,1,1483,HAS_LINK_TO
100,1,3742,HAS_LINK_TO
100,1,1237,HAS_LINK_TO
100,1,2654,HAS_LINK_TO
100,1,2486,HAS_LINK_TO
100,1,292,HAS_LINK_TO
100,1,230,HAS_LINK_TO
100,1,4181,HAS_LINK_TO
100,1,869,HAS_LINK_TO
100,1,3993,HAS_LINK_TO
100,1,3959,HAS_LINK_TO
100,1,3903,HAS_LINK_TO
100,1,2701,HAS_LINK_TO
100,1,3786,HAS_LINK_TO
100,1,4389,HAS_LINK_TO
100,1,2033,HAS_LINK_TO
100,1,1464,HAS_LINK_TO
100,1,1057,HAS_LINK_TO
100,1,928,HAS_LINK_TO
100,1,2161,HAS_LINK_TO
100,1,605,HAS_LINK_TO
100,1,2233,HAS_LINK_TO
100,1,2962,HAS_LINK_TO
