0,1,3556,HAS_LINK_TO
0,1,1154,HAS_LINK_TO
0,1,1898,HAS_LINK_TO
0,1,712,HAS_LINK_TO
0,1,1232,HAS_LINK_TO
0,1,3223,HAS_LINK_TO
0,1,738,HAS_LINK_TO
0,1,2025,HAS_LINK_TO
0,1,3890,HAS_LINK_TO
0,1,3937,HAS_LINK_TO
0,1,2342,HAS_LINK_TO
0,1,1138,HAS_LINK_TO
0,1,3739,HAS_LINK_TO
0,1,3877,HAS_LINK_TO
0,1,2748,HAS_LINK_TO
0,1,0,HAS_LINK_TO
0,1,2818,HAS_LINK_TO
0,1,1524,HAS_LINK_TO
0,1,4605,HAS_LINK_TO
0,1,2925,HAS_LINK_TO
0,1,4298,HAS_LINK_TO
0,1,2944,HAS_LINK_TO
0,1,1525,HAS_LINK_TO
0,1,4515,HAS_LINK_TO
0,1,1872,HAS_LINK_TO
0,1,1667,HAS_LINK_TO
0,1,1571,HAS_LINK_TO
0,1,1387,HAS_LINK_TO
0,1,4427,HAS_LINK_TO
0,1,3685,HAS_LINK_TO
0,1,262,HAS_LINK_TO
0,1,3127,HAS_LINK_TO
0,1,2615,HAS_LINK_TO
0,1,2238,HAS_LINK_TO
0,1,792,HAS_LINK_TO
0,1,4485,HAS_LINK_TO
0,1,132,HAS_LINK_TO
0,1,1046,HAS_LINK_TO
0,1,195,HAS_LINK_TO
0,1,387,HAS_LINK_TO
0,1,1669,HAS_LINK_TO
0,1,939,HAS_LINK_TO
0,1,2042,HAS_LINK_TO
0,1,3401,HAS_LINK_TO
0,1,3783,HAS_LINK_TO
0,1,2365,HAS_LINK_TO
0,1,2487,HAS_LINK_TO
0,1,3115,HAS_LINK_TO
0,1,542,HAS_LINK_TO
0,1,416,HAS_LINK_TO
0,1,3935,HAS_LINK_TO
0,1,4561,HAS_LINK_TO
0,1,4555,HAS_LINK_TO
0,1,4405,HAS_LINK_TO
0,1,1000,HAS_LINK_TO
0,1,1852,HAS_LINK_TO
0,1,2983,HAS_LINK_TO
0,1,3480,HAS_LINK_TO
0,1,1227,HAS_LINK_TO
0,1,4288,HAS_LINK_TO
0,1,3570,HAS_LINK_TO
0,1,3160,HAS_LINK_TO
0,1,2154,HAS_LINK_TO
0,1,3049,HAS_LINK_TO
0,1,1826,HAS_LINK_TO
0,1,272,HAS_LINK_TO
0,1,2565,HAS_LINK_TO
0,1,2136,HAS_LINK_TO
0,1,4441,HAS_LINK_TO
0,1,2418,HAS_LINK_TO
0,1,3081,HAS_LINK_TO
0,1,3222,HAS_LINK_TO
0,1,2237,HAS_LINK_TO
0,1,1743,HAS_LINK_TO
0,1,3523,HAS_LINK_TO
0,1,2965,HAS_LINK_TO
0,1,169,HAS_LINK_TO
0,1,1453,HAS_LINK_TO
0,1,607,HAS_LINK_TO
0,1,3236,HAS_LINK_TO
0,1,1446,HAS_LINK_TO
0,1,219,HAS_LINK_TO
0,1,2778,HAS_LINK_TO
0,1,704,HAS_LINK_TO
0,1,1330,HAS_LINK_TO
0,1,2939,HAS_LINK_TO
0,1,1007,HAS_LINK_TO
0,1,3777,HAS_LINK_TO
0,1,3437,HAS_LINK_TO
0,1,4012,HAS_LINK_TO
0,1,3871,HAS_LINK_TO
0,1,3137,HAS_LINK_TO
0,1,4528,HAS_LINK_TO
0,1,1127,HAS_LINK_TO
0,1,1546,HAS_LINK_TO
0,1,3034,HAS_LINK_TO
0,1,3398,HAS_LINK_TO
0,1,255,HAS_LINK_TO
0,1,4246,HAS_LINK_TO
0,1,1578,HAS_LINK_TO
0,1,4233,HAS_LINK_TO
0,1,2355,HAS_LINK_TO
0,1,4450,HAS_LINK_TO
0,1,2259,HAS_LINK_TO
0,1,637,HAS_LINK_TO
0,1,1657,HAS_LINK_TO
0,1,3947,HAS_LINK_TO
0,1,3599,HAS_LINK_TO
0,1,2417,HAS_LINK_TO
0,1,3093,HAS_LINK_TO
0,1,3440,HAS_LINK_TO
0,1,4626,HAS_LINK_TO
0,1,760,HAS_LINK_TO
0,1,4552,HAS_LINK_TO
0,1,805,HAS_LINK_TO
0,1,2891,HAS_LINK_TO
0,1,1671,HAS_LINK_TO
0,1,3046,HAS_LINK_TO
0,1,2455,HAS_LINK_TO
0,1,1567,HAS_LINK_TO
0,1,2177,HAS_LINK_TO
0,1,2816,HAS_LINK_TO
0,1,2063,HAS_LINK_TO
0,1,596,HAS_LINK_TO
0,1,2397,HAS_LINK_TO
0,1,1449,HAS_LINK_TO
0,1,1982,HAS_LINK_TO
0,1,3429,HAS_LINK_TO
0,1,513,HAS_LINK_TO
0,1,4010,HAS_LINK_TO
0,1,459,HAS_LINK_TO
0,1,4127,HAS_LINK_TO
0,1,1045,HAS_LINK_TO
0,1,942,HAS_LINK_TO
0,1,3611,HAS_LINK_TO
0,1,3614,HAS_LINK_TO
0,1,300,HAS_LINK_TO
0,1,2107,HAS_LINK_TO
0,1,2244,HAS_LINK_TO
0,1,771,HAS_LINK_TO
0,1,3461,HAS_LINK_TO
0,1,1792,HAS_LINK_TO
0,1,2489,HAS_LINK_TO
0,1,1428,HAS_LINK_TO
0,1,1003,HAS_LINK_TO
0,1,3904,HAS_LINK_TO
0,1,2423,HAS_LINK_TO
0,1,534,HAS_LINK_TO
0,1,2822,HAS_LINK_TO
0,1,3613,HAS_LINK_TO
0,1,1555,HAS_LINK_TO
0,1,4438,HAS_LINK_TO
0,1,1381,HAS_LINK_TO
0,1,3376,HAS_LINK_TO
0,1,3671,HAS_LINK_TO
0,1,2557,HAS_LINK_TO
0,1,181,HAS_LINK_TO
0,1,491,HAS_LINK_TO
0,1,2024,HAS_LINK_TO
0,1,146,HAS_LINK_TO
0,1,1557,HAS_LINK_TO
0,1,4339,HAS_LINK_TO
0,1,1719,HAS_LINK_TO
0,1,734,HAS_LINK_TO
0,1,3481,HAS_LINK_TO
0,1,1831,HAS_LINK_TO
0,1,3868,HAS_LINK_TO
0,1,2020,HAS_LINK_TO
0,1,4494,HAS_LINK_TO
0,1,2490,HAS_LINK_TO
0,1,2528,HAS_LINK_TO
0,1,4117,HAS_LINK_TO
0,1,3827,HAS_LINK_TO
0,1,2967,HAS_LINK_TO
0,1,2485,HAS_LINK_TO
0,1,2356,HAS_LINK_TO
0,1,2349,HAS_LINK_TO
0,1,3822,HAS_LINK_TO
0,1,1506,HAS_LINK_TO
0,1,943,HAS_LINK_TO
0,1,1978,HAS_LINK_TO
0,1,4248,HAS_LINK_TO
0,1,2770,HAS_LINK_TO
0,1,3068,HAS_LINK_TO
0,1,2607,HAS_LINK_TO
0,1,1686,HAS_LINK_TO
0,1,809,HAS_LINK_TO
0,1,4152,HAS_LINK_TO
0,1,4393,HAS_LINK_TO
0,1,4283,HAS_LINK_TO
0,1,1769,HAS_LINK_TO
0,1,1992,HAS_LINK_TO
0,1,687,HAS_LINK_TO
0,1,2596,HAS_LINK_TO
0,1,4558,HAS_LINK_TO
0,1,859,HAS_LINK_TO
0,1,2289,HAS_LINK_TO
0,1,1406,HAS_LINK_TO
0,1,2435,HAS_LINK_TO
0,1,1153,HAS_LINK_TO
0,1,3466,HAS_LINK_TO
0,1,1863,HAS_LINK_TO
0,1,2979,HAS_LINK_TO
0,1,270,HAS_LINK_TO
0,1,225,HAS_LINK_TO
0,1,3389,HAS_LINK_TO
0,1,1854,HAS_LINK_TO
0,1,3400,HAS_LINK_TO
0,1,4282,HAS_LINK_TO
0,1,4560,HAS_LINK_TO
0,1,3507,HAS_LINK_TO
0,1,2653,HAS_LINK_TO
0,1,2896,HAS_LINK_TO
0,1,3808,HAS_LINK_TO
0,1,4483,HAS_LINK_TO
0,1,707,HAS_LINK_TO
0,1,2612,HAS_LINK_TO
0,1,629,HAS_LINK_TO
0,1,2132,HAS_LINK_TO
0,1,4196,HAS_LINK_TO
0,1,869,HAS_LINK_TO
0,1,1379,HAS_LINK_TO
0,1,1512,HAS_LINK_TO
0,1,4394,HAS_LINK_TO
0,1,1419,HAS_LINK_TO
0,1,352,HAS_LINK_TO
0,1,4346,HAS_LINK_TO
0,1,3116,HAS_LINK_TO
0,1,3593,HAS_LINK_TO
0,1,708,HAS_LINK_TO
0,1,1936,HAS_LINK_TO
0,1,1448,HAS_LINK_TO
0,1,2813,HAS_LINK_TO
0,1,2786,HAS_LINK_TO
0,1,2426,HAS_LINK_TO
0,1,1690,HAS_LINK_TO
0,1,4220,HAS_LINK_TO
0,1,3194,HAS_LINK_TO
0,1,2470,HAS_LINK_TO
0,1,640,HAS_LINK_TO
0,1,2517,HAS_LINK_TO
0,1,2457,HAS_LINK_TO
0,1,2625,HAS_LINK_TO
0,1,659,HAS_LINK_TO
0,1,628,HAS_LINK_TO
0,1,2500,HAS_LINK_TO
0,1,3748,HAS_LINK_TO
0,1,3901,HAS_LINK_TO
0,1,3793,HAS_LINK_TO
0,1,3436,HAS_LINK_TO
0,1,3852,HAS_LINK_TO
0,1,1590,HAS_LINK_TO
0,1,1932,HAS_LINK_TO
0,1,3625,HAS_LINK_TO
0,1,3878,HAS_LINK_TO
0,1,810,HAS_LINK_TO
0,1,1395,HAS_LINK_TO
0,1,1415,HAS_LINK_TO
0,1,856,HAS_LINK_TO
0,1,700,HAS_LINK_TO
0,1,207,HAS_LINK_TO
0,1,496,HAS_LINK_TO
0,1,3644,HAS_LINK_TO
0,1,1666,HAS_LINK_TO
0,1,475,HAS_LINK_TO
0,1,3075,HAS_LINK_TO
0,1,2575,HAS_LINK_TO
0,1,483,HAS_LINK_TO
0,1,381,HAS_LINK_TO
0,1,3565,HAS_LINK_TO
0,1,2645,HAS_LINK_TO
0,1,1199,HAS_LINK_TO
0,1,2605,HAS_LINK_TO
0,1,1874,HAS_LINK_TO
0,1,252,HAS_LINK_TO
0,1,1994,HAS_LINK_TO
0,1,1250,HAS_LINK_TO
0,1,244,HAS_LINK_TO
0,1,4001,HAS_LINK_TO
0,1,4202,HAS_LINK_TO
0,1,3750,HAS_LINK_TO
0,1,1970,HAS_LINK_TO
0,1,2008,HAS_LINK_TO
0,1,1438,HAS_LINK_TO
0,1,1683,HAS_LINK_TO
0,1,2169,HAS_LINK_TO
0,1,968,HAS_LINK_TO
0,1,698,HAS_LINK_TO
0,1,919,HAS_LINK_TO
0,1,1195,HAS_LINK_TO
0,1,4619,HAS_LINK_TO
0,1,2821,HAS_LINK_TO
0,1,250,HAS_LINK_TO
0,1,2764,HAS_LINK_TO
0,1,2070,HAS_LINK_TO
0,1,3037,HAS_LINK_TO
0,1,4313,HAS_LINK_TO
0,1,3988,HAS_LINK_TO
0,1,173,HAS_LINK_TO
0,1,634,HAS_LINK_TO
0,1,1867,HAS_LINK_TO
0,1,1282,HAS_LINK_TO
0,1,2759,HAS_LINK_TO
0,1,4397,HAS_LINK_TO
0,1,337,HAS_LINK_TO
0,1,4566,HAS_LINK_TO
0,1,3130,HAS_LINK_TO
0,1,3687,HAS_LINK_TO
0,1,394,HAS_LINK_TO
0,1,3018,HAS_LINK_TO
0,1,749,HAS_LINK_TO
0,1,2518,HAS_LINK_TO
0,1,2796,HAS_LINK_TO
0,1,4032,HAS_LINK_TO
0,1,1128,HAS_LINK_TO
0,1,4170,HAS_LINK_TO
0,1,3826,HAS_LINK_TO
0,1,2122,HAS_LINK_TO
0,1,2448,HAS_LINK_TO
0,1,2230,HAS_LINK_TO
0,1,3989,HAS_LINK_TO
0,1,4255,HAS_LINK_TO
0,1,1772,HAS_LINK_TO
0,1,2421,HAS_LINK_TO
0,1,2409,HAS_LINK_TO
0,1,3074,HAS_LINK_TO
0,1,1410,HAS_LINK_TO
0,1,2496,HAS_LINK_TO
0,1,245,HAS_LINK_TO
0,1,1386,HAS_LINK_TO
0,1,4329,HAS_LINK_TO
0,1,2626,HAS_LINK_TO
0,1,3174,HAS_LINK_TO
0,1,2712,HAS_LINK_TO
0,1,2433,HAS_LINK_TO
0,1,2060,HAS_LINK_TO
0,1,4401,HAS_LINK_TO
0,1,495,HAS_LINK_TO
0,1,3591,HAS_LINK_TO
0,1,1974,HAS_LINK_TO
0,1,1021,HAS_LINK_TO
0,1,2963,HAS_LINK_TO
0,1,1086,HAS_LINK_TO
0,1,4474,HAS_LINK_TO
0,1,593,HAS_LINK_TO
0,1,3162,HAS_LINK_TO
0,1,2404,HAS_LINK_TO
0,1,3013,HAS_LINK_TO
0,1,2225,HAS_LINK_TO
0,1,4234,HAS_LINK_TO
0,1,4204,HAS_LINK_TO
0,1,1253,HAS_LINK_TO
0,1,3204,HAS_LINK_TO
0,1,2666,HAS_LINK_TO
0,1,2547,HAS_LINK_TO
0,1,835,HAS_LINK_TO
0,1,87,HAS_LINK_TO
0,1,3176,HAS_LINK_TO
0,1,407,HAS_LINK_TO
0,1,1149,HAS_LINK_TO
0,1,3471,HAS_LINK_TO
0,1,3442,HAS_LINK_TO
0,1,4530,HAS_LINK_TO
0,1,1445,HAS_LINK_TO
0,1,1532,HAS_LINK_TO
0,1,2910,HAS_LINK_TO
0,1,4342,HAS_LINK_TO
0,1,3512,HAS_LINK_TO
0,1,3686,HAS_LINK_TO
0,1,3198,HAS_LINK_TO
0,1,222,HAS_LINK_TO
0,1,626,HAS_LINK_TO
0,1,401,HAS_LINK_TO
0,1,4519,HAS_LINK_TO
0,1,582,HAS_LINK_TO
0,1,3041,HAS_LINK_TO
0,1,460,HAS_LINK_TO
0,1,2627,HAS_LINK_TO
0,1,4330,HAS_LINK_TO
0,1,3992,HAS_LINK_TO
0,1,3506,HAS_LINK_TO
0,1,3515,HAS_LINK_TO
0,1,206,HAS_LINK_TO
0,1,1176,HAS_LINK_TO
0,1,1660,HAS_LINK_TO
0,1,4023,HAS_LINK_TO
0,1,3915,HAS_LINK_TO
0,1,3764,HAS_LINK_TO
0,1,3399,HAS_LINK_TO
0,1,1044,HAS_LINK_TO
0,1,3834,HAS_LINK_TO
0,1,4195,HAS_LINK_TO
0,1,96,HAS_LINK_TO
0,1,3015,HAS_LINK_TO
0,1,2022,HAS_LINK_TO
0,1,1493,HAS_LINK_TO
0,1,1374,HAS_LINK_TO
0,1,4031,HAS_LINK_TO
0,1,3918,HAS_LINK_TO
0,1,2819,HAS_LINK_TO
0,1,4062,HAS_LINK_TO
0,1,197,HAS_LINK_TO
0,1,2978,HAS_LINK_TO
0,1,3670,HAS_LINK_TO
0,1,312,HAS_LINK_TO
0,1,1971,HAS_LINK_TO
0,1,1187,HAS_LINK_TO
0,1,1554,HAS_LINK_TO
0,1,203,HAS_LINK_TO
0,1,644,HAS_LINK_TO
0,1,4453,HAS_LINK_TO
0,1,1400,HAS_LINK_TO
0,1,2104,HAS_LINK_TO
0,1,1502,HAS_LINK_TO
0,1,149,HAS_LINK_TO
0,1,156,HAS_LINK_TO
0,1,1408,HAS_LINK_TO
0,1,3179,HAS_LINK_TO
0,1,2946,HAS_LINK_TO
0,1,2696,HAS_LINK_TO
0,1,1951,HAS_LINK_TO
0,1,1180,HAS_LINK_TO
0,1,1181,HAS_LINK_TO
0,1,3397,HAS_LINK_TO
0,1,2694,HAS_LINK_TO
0,1,1620,HAS_LINK_TO
0,1,2671,HAS_LINK_TO
0,1,4435,HAS_LINK_TO
0,1,4022,HAS_LINK_TO
0,1,254,HAS_LINK_TO
0,1,3620,HAS_LINK_TO
0,1,1159,HAS_LINK_TO
0,1,191,HAS_LINK_TO
0,1,1160,HAS_LINK_TO
0,1,1887,HAS_LINK_TO
0,1,3193,HAS_LINK_TO
0,1,342,HAS_LINK_TO
0,1,1303,HAS_LINK_TO
0,1,454,HAS_LINK_TO
0,1,1179,HAS_LINK_TO
0,1,1763,HAS_LINK_TO
0,1,3986,HAS_LINK_TO
0,1,2815,HAS_LINK_TO
0,1,4040,HAS_LINK_TO
0,1,689,HAS_LINK_TO
0,1,4368,HAS_LINK_TO
0,1,512,HAS_LINK_TO
0,1,4569,HAS_LINK_TO
0,1,921,HAS_LINK_TO
0,1,1465,HAS_LINK_TO
0,1,2471,HAS_LINK_TO
0,1,436,HAS_LINK_TO
0,1,1405,HAS_LINK_TO
0,1,2474,HAS_LINK_TO
0,1,1495,HAS_LINK_TO
0,1,1390,HAS_LINK_TO
0,1,2541,HAS_LINK_TO
0,1,3474,HAS_LINK_TO
0,1,1727,HAS_LINK_TO
0,1,2163,HAS_LINK_TO
0,1,2622,HAS_LINK_TO
0,1,1357,HAS_LINK_TO
0,1,1843,HAS_LINK_TO
0,1,1909,HAS_LINK_TO
0,1,832,HAS_LINK_TO
0,1,3209,HAS_LINK_TO
0,1,3406,HAS_LINK_TO
0,1,2366,HAS_LINK_TO
0,1,3382,HAS_LINK_TO
0,1,1888,HAS_LINK_TO
0,1,2336,HAS_LINK_TO
0,1,3469,HAS_LINK_TO
0,1,3898,HAS_LINK_TO
0,1,118,HAS_LINK_TO
0,1,3432,HAS_LINK_TO
0,1,4019,HAS_LINK_TO
0,1,2199,HAS_LINK_TO
0,1,3577,HAS_LINK_TO
0,1,434,HAS_LINK_TO
0,1,2934,HAS_LINK_TO
0,1,4628,HAS_LINK_TO
0,1,84,HAS_LINK_TO
0,1,2766,HAS_LINK_TO
0,1,1701,HAS_LINK_TO
0,1,1487,HAS_LINK_TO
0,1,3080,HAS_LINK_TO
0,1,3776,HAS_LINK_TO
0,1,2267,HAS_LINK_TO
0,1,2482,HAS_LINK_TO
0,1,1543,HAS_LINK_TO
0,1,4366,HAS_LINK_TO
0,1,2606,HAS_LINK_TO
0,1,1839,HAS_LINK_TO
0,1,773,HAS_LINK_TO
0,1,1162,HAS_LINK_TO
0,1,980,HAS_LINK_TO
0,1,1300,HAS_LINK_TO
0,1,4336,HAS_LINK_TO
0,1,3961,HAS_LINK_TO
0,1,341,HAS_LINK_TO
0,1,2879,HAS_LINK_TO
0,1,1182,HAS_LINK_TO
0,1,1842,HAS_LINK_TO
0,1,395,HAS_LINK_TO
0,1,1608,HAS_LINK_TO
0,1,3381,HAS_LINK_TO
0,1,1580,HAS_LINK_TO
0,1,1617,HAS_LINK_TO
0,1,4426,HAS_LINK_TO
0,1,2298,HAS_LINK_TO
0,1,3983,HAS_LINK_TO
0,1,3435,HAS_LINK_TO
0,1,2624,HAS_LINK_TO
0,1,4046,HAS_LINK_TO
0,1,2678,HAS_LINK_TO
0,1,2611,HAS_LINK_TO
0,1,1423,HAS_LINK_TO
0,1,2619,HAS_LINK_TO
0,1,2746,HAS_LINK_TO
0,1,3603,HAS_LINK_TO
0,1,995,HAS_LINK_TO
0,1,682,HAS_LINK_TO
0,1,4344,HAS_LINK_TO
0,1,3602,HAS_LINK_TO
0,1,2755,HAS_LINK_TO
0,1,1545,HAS_LINK_TO
0,1,3940,HAS_LINK_TO
0,1,1055,HAS_LINK_TO
0,1,2486,HAS_LINK_TO
0,1,4550,HAS_LINK_TO
0,1,2937,HAS_LINK_TO
0,1,3403,HAS_LINK_TO
0,1,2431,HAS_LINK_TO
0,1,3462,HAS_LINK_TO
0,1,3557,HAS_LINK_TO
0,1,849,HAS_LINK_TO
0,1,119,HAS_LINK_TO
0,1,2932,HAS_LINK_TO
0,1,3582,HAS_LINK_TO
0,1,4094,HAS_LINK_TO
0,1,2935,HAS_LINK_TO
0,1,2610,HAS_LINK_TO
0,1,2762,HAS_LINK_TO
0,1,1630,HAS_LINK_TO
0,1,3896,HAS_LINK_TO
0,1,1447,HAS_LINK_TO
0,1,165,HAS_LINK_TO
0,1,702,HAS_LINK_TO
0,1,1972,HAS_LINK_TO
0,1,353,HAS_LINK_TO
0,1,2067,HAS_LINK_TO
0,1,4338,HAS_LINK_TO
0,1,800,HAS_LINK_TO
0,1,3042,HAS_LINK_TO
0,1,3617,HAS_LINK_TO
0,1,4533,HAS_LINK_TO
0,1,2271,HAS_LINK_TO
0,1,713,HAS_LINK_TO
0,1,3135,HAS_LINK_TO
0,1,1409,HAS_LINK_TO
0,1,1558,HAS_LINK_TO
0,1,3197,HAS_LINK_TO
0,1,4027,HAS_LINK_TO
0,1,4625,HAS_LINK_TO
0,1,4540,HAS_LINK_TO
0,1,328,HAS_LINK_TO
0,1,4157,HAS_LINK_TO
0,1,4629,HAS_LINK_TO
0,1,2459,HAS_LINK_TO
0,1,2128,HAS_LINK_TO
0,1,2341,HAS_LINK_TO
0,1,1899,HAS_LINK_TO
0,1,3136,HAS_LINK_TO
0,1,268,HAS_LINK_TO
0,1,813,HAS_LINK_TO
0,1,1977,HAS_LINK_TO
0,1,1513,HAS_LINK_TO
0,1,3012,HAS_LINK_TO
0,1,3633,HAS_LINK_TO
1,1,445,HAS_LINK_TO
1,1,4139,HAS_LINK_TO
1,1,2980,HAS_LINK_TO
1,1,1402,HAS_LINK_TO
1,1,3856,HAS_LINK_TO
1,1,2667,HAS_LINK_TO
1,1,6,HAS_LINK_TO
1,1,4442,HAS_LINK_TO
1,1,3809,HAS_LINK_TO
1,1,2532,HAS_LINK_TO
1,1,53,HAS_LINK_TO
1,1,2839,HAS_LINK_TO
1,1,60,HAS_LINK_TO
1,1,1819,HAS_LINK_TO
1,1,1138,HAS_LINK_TO
1,1,20,HAS_LINK_TO
1,1,2528,HAS_LINK_TO
1,1,2598,HAS_LINK_TO
1,1,1266,HAS_LINK_TO
1,1,2818,HAS_LINK_TO
1,1,49,HAS_LINK_TO
1,1,72,HAS_LINK_TO
1,1,1953,HAS_LINK_TO
1,1,56,HAS_LINK_TO
1,1,4,HAS_LINK_TO
1,1,524,HAS_LINK_TO
1,1,4103,HAS_LINK_TO
1,1,21,HAS_LINK_TO
1,1,35,HAS_LINK_TO
1,1,4361,HAS_LINK_TO
1,1,28,HAS_LINK_TO
1,1,33,HAS_LINK_TO
1,1,921,HAS_LINK_TO
1,1,2407,HAS_LINK_TO
1,1,3991,HAS_LINK_TO
1,1,1846,HAS_LINK_TO
1,1,1688,HAS_LINK_TO
1,1,3101,HAS_LINK_TO
1,1,2153,HAS_LINK_TO
1,1,38,HAS_LINK_TO
1,1,2,HAS_LINK_TO
1,1,3418,HAS_LINK_TO
1,1,262,HAS_LINK_TO
1,1,47,HAS_LINK_TO
1,1,70,HAS_LINK_TO
1,1,1462,HAS_LINK_TO
1,1,2601,HAS_LINK_TO
1,1,871,HAS_LINK_TO
1,1,3638,HAS_LINK_TO
1,1,4488,HAS_LINK_TO
1,1,2563,HAS_LINK_TO
1,1,1167,HAS_LINK_TO
1,1,4375,HAS_LINK_TO
1,1,1727,HAS_LINK_TO
1,1,16,HAS_LINK_TO
1,1,4571,HAS_LINK_TO
1,1,3855,HAS_LINK_TO
1,1,3003,HAS_LINK_TO
1,1,4606,HAS_LINK_TO
1,1,1700,HAS_LINK_TO
1,1,1642,HAS_LINK_TO
1,1,507,HAS_LINK_TO
1,1,64,HAS_LINK_TO
1,1,62,HAS_LINK_TO
1,1,785,HAS_LINK_TO
1,1,59,HAS_LINK_TO
1,1,1510,HAS_LINK_TO
1,1,75,HAS_LINK_TO
1,1,1772,HAS_LINK_TO
1,1,1679,HAS_LINK_TO
1,1,3813,HAS_LINK_TO
1,1,4430,HAS_LINK_TO
1,1,4024,HAS_LINK_TO
1,1,30,HAS_LINK_TO
1,1,31,HAS_LINK_TO
1,1,292,HAS_LINK_TO
1,1,2689,HAS_LINK_TO
1,1,225,HAS_LINK_TO
1,1,98,HAS_LINK_TO
1,1,73,HAS_LINK_TO
1,1,287,HAS_LINK_TO
1,1,2530,HAS_LINK_TO
1,1,74,HAS_LINK_TO
1,1,1114,HAS_LINK_TO
1,1,1955,HAS_LINK_TO
1,1,3577,HAS_LINK_TO
1,1,278,HAS_LINK_TO
1,1,2661,HAS_LINK_TO
1,1,4428,HAS_LINK_TO
1,1,3175,HAS_LINK_TO
1,1,48,HAS_LINK_TO
1,1,34,HAS_LINK_TO
1,1,4575,HAS_LINK_TO
1,1,3635,HAS_LINK_TO
1,1,1958,HAS_LINK_TO
1,1,43,HAS_LINK_TO
1,1,4639,HAS_LINK_TO
1,1,735,HAS_LINK_TO
1,1,2688,HAS_LINK_TO
1,1,4351,HAS_LINK_TO
1,1,4487,HAS_LINK_TO
1,1,3657,HAS_LINK_TO
1,1,1870,HAS_LINK_TO
1,1,10,HAS_LINK_TO
1,1,55,HAS_LINK_TO
1,1,11,HAS_LINK_TO
1,1,81,HAS_LINK_TO
1,1,2009,HAS_LINK_TO
1,1,590,HAS_LINK_TO
1,1,27,HAS_LINK_TO
1,1,23,HAS_LINK_TO
1,1,1272,HAS_LINK_TO
1,1,2522,HAS_LINK_TO
1,1,869,HAS_LINK_TO
1,1,26,HAS_LINK_TO
1,1,51,HAS_LINK_TO
1,1,519,HAS_LINK_TO
1,1,3894,HAS_LINK_TO
1,1,670,HAS_LINK_TO
1,1,3946,HAS_LINK_TO
1,1,2781,HAS_LINK_TO
1,1,8,HAS_LINK_TO
1,1,2154,HAS_LINK_TO
1,1,1419,HAS_LINK_TO
1,1,2791,HAS_LINK_TO
1,1,4137,HAS_LINK_TO
1,1,19,HAS_LINK_TO
1,1,65,HAS_LINK_TO
1,1,4431,HAS_LINK_TO
1,1,32,HAS_LINK_TO
1,1,67,HAS_LINK_TO
1,1,1155,HAS_LINK_TO
1,1,25,HAS_LINK_TO
1,1,2279,HAS_LINK_TO
1,1,29,HAS_LINK_TO
1,1,721,HAS_LINK_TO
1,1,2270,HAS_LINK_TO
1,1,3442,HAS_LINK_TO
1,1,66,HAS_LINK_TO
1,1,4486,HAS_LINK_TO
1,1,786,HAS_LINK_TO
1,1,608,HAS_LINK_TO
1,1,9,HAS_LINK_TO
1,1,7,HAS_LINK_TO
1,1,13,HAS_LINK_TO
1,1,2805,HAS_LINK_TO
1,1,4568,HAS_LINK_TO
1,1,76,HAS_LINK_TO
1,1,836,HAS_LINK_TO
1,1,2746,HAS_LINK_TO
1,1,1430,HAS_LINK_TO
1,1,1960,HAS_LINK_TO
1,1,3,HAS_LINK_TO
1,1,383,HAS_LINK_TO
1,1,68,HAS_LINK_TO
1,1,2083,HAS_LINK_TO
1,1,1469,HAS_LINK_TO
1,1,79,HAS_LINK_TO
1,1,44,HAS_LINK_TO
1,1,4289,HAS_LINK_TO
1,1,806,HAS_LINK_TO
1,1,2428,HAS_LINK_TO
1,1,3955,HAS_LINK_TO
1,1,2636,HAS_LINK_TO
1,1,3680,HAS_LINK_TO
1,1,1171,HAS_LINK_TO
1,1,4246,HAS_LINK_TO
1,1,5,HAS_LINK_TO
1,1,36,HAS_LINK_TO
1,1,1858,HAS_LINK_TO
1,1,37,HAS_LINK_TO
1,1,2986,HAS_LINK_TO
1,1,3674,HAS_LINK_TO
1,1,46,HAS_LINK_TO
1,1,1404,HAS_LINK_TO
1,1,3557,HAS_LINK_TO
1,1,140,HAS_LINK_TO
1,1,78,HAS_LINK_TO
1,1,2221,HAS_LINK_TO
1,1,2679,HAS_LINK_TO
1,1,723,HAS_LINK_TO
1,1,1220,HAS_LINK_TO
1,1,742,HAS_LINK_TO
1,1,810,HAS_LINK_TO
1,1,24,HAS_LINK_TO
1,1,3640,HAS_LINK_TO
1,1,3107,HAS_LINK_TO
1,1,57,HAS_LINK_TO
1,1,80,HAS_LINK_TO
1,1,594,HAS_LINK_TO
1,1,18,HAS_LINK_TO
1,1,42,HAS_LINK_TO
1,1,2147,HAS_LINK_TO
1,1,574,HAS_LINK_TO
1,1,17,HAS_LINK_TO
1,1,12,HAS_LINK_TO
1,1,71,HAS_LINK_TO
1,1,475,HAS_LINK_TO
1,1,4531,HAS_LINK_TO
1,1,40,HAS_LINK_TO
1,1,45,HAS_LINK_TO
1,1,1918,HAS_LINK_TO
1,1,2519,HAS_LINK_TO
1,1,50,HAS_LINK_TO
1,1,2509,HAS_LINK_TO
1,1,4601,HAS_LINK_TO
1,1,1971,HAS_LINK_TO
1,1,63,HAS_LINK_TO
1,1,2575,HAS_LINK_TO
1,1,77,HAS_LINK_TO
1,1,2014,HAS_LINK_TO
1,1,2434,HAS_LINK_TO
1,1,15,HAS_LINK_TO
1,1,14,HAS_LINK_TO
1,1,39,HAS_LINK_TO
1,1,1265,HAS_LINK_TO
1,1,69,HAS_LINK_TO
1,1,54,HAS_LINK_TO
1,1,1123,HAS_LINK_TO
1,1,2104,HAS_LINK_TO
1,1,3233,HAS_LINK_TO
1,1,2576,HAS_LINK_TO
1,1,61,HAS_LINK_TO
1,1,3458,HAS_LINK_TO
1,1,22,HAS_LINK_TO
1,1,2533,HAS_LINK_TO
1,1,3920,HAS_LINK_TO
1,1,4360,HAS_LINK_TO
1,1,41,HAS_LINK_TO
1,1,3613,HAS_LINK_TO
1,1,52,HAS_LINK_TO
1,1,1467,HAS_LINK_TO
1,1,58,HAS_LINK_TO
1,1,1381,HAS_LINK_TO
1,1,1490,HAS_LINK_TO
1,1,3671,HAS_LINK_TO
1,1,3885,HAS_LINK_TO
1,1,3573,HAS_LINK_TO
1,1,3990,HAS_LINK_TO
2,1,6,HAS_LINK_TO
2,1,53,HAS_LINK_TO
2,1,60,HAS_LINK_TO
2,1,2839,HAS_LINK_TO
2,1,20,HAS_LINK_TO
2,1,49,HAS_LINK_TO
2,1,72,HAS_LINK_TO
2,1,56,HAS_LINK_TO
2,1,4,HAS_LINK_TO
2,1,21,HAS_LINK_TO
2,1,35,HAS_LINK_TO
2,1,28,HAS_LINK_TO
2,1,33,HAS_LINK_TO
2,1,4632,HAS_LINK_TO
2,1,38,HAS_LINK_TO
2,1,47,HAS_LINK_TO
2,1,70,HAS_LINK_TO
2,1,871,HAS_LINK_TO
2,1,4375,HAS_LINK_TO
2,1,16,HAS_LINK_TO
2,1,64,HAS_LINK_TO
2,1,62,HAS_LINK_TO
2,1,59,HAS_LINK_TO
2,1,75,HAS_LINK_TO
2,1,31,HAS_LINK_TO
2,1,30,HAS_LINK_TO
2,1,3813,HAS_LINK_TO
2,1,73,HAS_LINK_TO
2,1,74,HAS_LINK_TO
2,1,48,HAS_LINK_TO
2,1,34,HAS_LINK_TO
2,1,43,HAS_LINK_TO
2,1,55,HAS_LINK_TO
2,1,10,HAS_LINK_TO
2,1,11,HAS_LINK_TO
2,1,81,HAS_LINK_TO
2,1,27,HAS_LINK_TO
2,1,23,HAS_LINK_TO
2,1,869,HAS_LINK_TO
2,1,26,HAS_LINK_TO
2,1,51,HAS_LINK_TO
2,1,8,HAS_LINK_TO
2,1,19,HAS_LINK_TO
2,1,65,HAS_LINK_TO
2,1,32,HAS_LINK_TO
2,1,67,HAS_LINK_TO
2,1,1,HAS_LINK_TO
2,1,25,HAS_LINK_TO
2,1,29,HAS_LINK_TO
2,1,66,HAS_LINK_TO
2,1,9,HAS_LINK_TO
2,1,7,HAS_LINK_TO
2,1,13,HAS_LINK_TO
2,1,76,HAS_LINK_TO
2,1,836,HAS_LINK_TO
2,1,3,HAS_LINK_TO
2,1,68,HAS_LINK_TO
2,1,79,HAS_LINK_TO
2,1,44,HAS_LINK_TO
2,1,5,HAS_LINK_TO
2,1,36,HAS_LINK_TO
2,1,1858,HAS_LINK_TO
2,1,37,HAS_LINK_TO
2,1,46,HAS_LINK_TO
2,1,78,HAS_LINK_TO
2,1,24,HAS_LINK_TO
2,1,57,HAS_LINK_TO
2,1,80,HAS_LINK_TO
2,1,18,HAS_LINK_TO
2,1,42,HAS_LINK_TO
2,1,17,HAS_LINK_TO
2,1,12,HAS_LINK_TO
2,1,71,HAS_LINK_TO
2,1,40,HAS_LINK_TO
2,1,45,HAS_LINK_TO
2,1,50,HAS_LINK_TO
2,1,63,HAS_LINK_TO
2,1,77,HAS_LINK_TO
2,1,2575,HAS_LINK_TO
2,1,4252,HAS_LINK_TO
2,1,15,HAS_LINK_TO
2,1,14,HAS_LINK_TO
2,1,39,HAS_LINK_TO
2,1,69,HAS_LINK_TO
2,1,54,HAS_LINK_TO
2,1,2576,HAS_LINK_TO
2,1,61,HAS_LINK_TO
2,1,22,HAS_LINK_TO
2,1,41,HAS_LINK_TO
2,1,2728,HAS_LINK_TO
2,1,52,HAS_LINK_TO
2,1,58,HAS_LINK_TO
3,1,6,HAS_LINK_TO
3,1,53,HAS_LINK_TO
3,1,60,HAS_LINK_TO
3,1,2839,HAS_LINK_TO
3,1,20,HAS_LINK_TO
3,1,49,HAS_LINK_TO
3,1,72,HAS_LINK_TO
3,1,56,HAS_LINK_TO
3,1,4,HAS_LINK_TO
3,1,21,HAS_LINK_TO
3,1,35,HAS_LINK_TO
3,1,28,HAS_LINK_TO
3,1,33,HAS_LINK_TO
3,1,38,HAS_LINK_TO
3,1,2,HAS_LINK_TO
3,1,47,HAS_LINK_TO
3,1,70,HAS_LINK_TO
3,1,871,HAS_LINK_TO
3,1,4375,HAS_LINK_TO
3,1,16,HAS_LINK_TO
3,1,3553,HAS_LINK_TO
3,1,64,HAS_LINK_TO
3,1,62,HAS_LINK_TO
3,1,59,HAS_LINK_TO
3,1,75,HAS_LINK_TO
3,1,31,HAS_LINK_TO
3,1,30,HAS_LINK_TO
3,1,73,HAS_LINK_TO
3,1,74,HAS_LINK_TO
3,1,1955,HAS_LINK_TO
3,1,48,HAS_LINK_TO
3,1,34,HAS_LINK_TO
3,1,43,HAS_LINK_TO
3,1,55,HAS_LINK_TO
3,1,10,HAS_LINK_TO
3,1,11,HAS_LINK_TO
3,1,81,HAS_LINK_TO
3,1,27,HAS_LINK_TO
3,1,23,HAS_LINK_TO
3,1,869,HAS_LINK_TO
3,1,26,HAS_LINK_TO
3,1,51,HAS_LINK_TO
3,1,2781,HAS_LINK_TO
3,1,8,HAS_LINK_TO
3,1,19,HAS_LINK_TO
3,1,65,HAS_LINK_TO
3,1,32,HAS_LINK_TO
3,1,67,HAS_LINK_TO
3,1,1,HAS_LINK_TO
3,1,25,HAS_LINK_TO
3,1,29,HAS_LINK_TO
3,1,66,HAS_LINK_TO
3,1,786,HAS_LINK_TO
3,1,9,HAS_LINK_TO
3,1,7,HAS_LINK_TO
3,1,13,HAS_LINK_TO
3,1,2805,HAS_LINK_TO
3,1,76,HAS_LINK_TO
3,1,68,HAS_LINK_TO
3,1,79,HAS_LINK_TO
3,1,44,HAS_LINK_TO
3,1,5,HAS_LINK_TO
3,1,36,HAS_LINK_TO
3,1,3941,HAS_LINK_TO
3,1,37,HAS_LINK_TO
3,1,46,HAS_LINK_TO
3,1,78,HAS_LINK_TO
3,1,24,HAS_LINK_TO
3,1,57,HAS_LINK_TO
3,1,80,HAS_LINK_TO
3,1,18,HAS_LINK_TO
3,1,42,HAS_LINK_TO
3,1,17,HAS_LINK_TO
3,1,12,HAS_LINK_TO
3,1,71,HAS_LINK_TO
3,1,40,HAS_LINK_TO
3,1,45,HAS_LINK_TO
3,1,50,HAS_LINK_TO
3,1,63,HAS_LINK_TO
3,1,77,HAS_LINK_TO
3,1,2575,HAS_LINK_TO
3,1,15,HAS_LINK_TO
3,1,14,HAS_LINK_TO
3,1,39,HAS_LINK_TO
3,1,69,HAS_LINK_TO
3,1,54,HAS_LINK_TO
3,1,2576,HAS_LINK_TO
3,1,61,HAS_LINK_TO
3,1,22,HAS_LINK_TO
3,1,41,HAS_LINK_TO
3,1,52,HAS_LINK_TO
3,1,58,HAS_LINK_TO
4,1,438,HAS_LINK_TO
4,1,6,HAS_LINK_TO
4,1,53,HAS_LINK_TO
4,1,3809,HAS_LINK_TO
4,1,60,HAS_LINK_TO
4,1,1848,HAS_LINK_TO
4,1,2839,HAS_LINK_TO
4,1,20,HAS_LINK_TO
4,1,2528,HAS_LINK_TO
4,1,49,HAS_LINK_TO
4,1,72,HAS_LINK_TO
4,1,56,HAS_LINK_TO
4,1,4348,HAS_LINK_TO
4,1,21,HAS_LINK_TO
4,1,35,HAS_LINK_TO
4,1,28,HAS_LINK_TO
4,1,33,HAS_LINK_TO
4,1,38,HAS_LINK_TO
4,1,2,HAS_LINK_TO
4,1,47,HAS_LINK_TO
4,1,70,HAS_LINK_TO
4,1,2607,HAS_LINK_TO
4,1,871,HAS_LINK_TO
4,1,4375,HAS_LINK_TO
4,1,2163,HAS_LINK_TO
4,1,16,HAS_LINK_TO
4,1,64,HAS_LINK_TO
4,1,62,HAS_LINK_TO
4,1,59,HAS_LINK_TO
4,1,75,HAS_LINK_TO
4,1,31,HAS_LINK_TO
4,1,30,HAS_LINK_TO
4,1,73,HAS_LINK_TO
4,1,74,HAS_LINK_TO
4,1,4167,HAS_LINK_TO
4,1,1114,HAS_LINK_TO
4,1,4560,HAS_LINK_TO
4,1,48,HAS_LINK_TO
4,1,34,HAS_LINK_TO
4,1,43,HAS_LINK_TO
4,1,55,HAS_LINK_TO
4,1,10,HAS_LINK_TO
4,1,11,HAS_LINK_TO
4,1,81,HAS_LINK_TO
4,1,27,HAS_LINK_TO
4,1,23,HAS_LINK_TO
4,1,869,HAS_LINK_TO
4,1,4604,HAS_LINK_TO
4,1,26,HAS_LINK_TO
4,1,51,HAS_LINK_TO
4,1,8,HAS_LINK_TO
4,1,19,HAS_LINK_TO
4,1,65,HAS_LINK_TO
4,1,87,HAS_LINK_TO
4,1,32,HAS_LINK_TO
4,1,67,HAS_LINK_TO
4,1,1,HAS_LINK_TO
4,1,25,HAS_LINK_TO
4,1,29,HAS_LINK_TO
4,1,66,HAS_LINK_TO
4,1,9,HAS_LINK_TO
4,1,7,HAS_LINK_TO
4,1,13,HAS_LINK_TO
4,1,76,HAS_LINK_TO
4,1,4108,HAS_LINK_TO
4,1,3,HAS_LINK_TO
4,1,68,HAS_LINK_TO
4,1,79,HAS_LINK_TO
4,1,44,HAS_LINK_TO
4,1,4006,HAS_LINK_TO
4,1,3992,HAS_LINK_TO
4,1,5,HAS_LINK_TO
4,1,36,HAS_LINK_TO
4,1,3941,HAS_LINK_TO
4,1,1858,HAS_LINK_TO
4,1,37,HAS_LINK_TO
4,1,3674,HAS_LINK_TO
4,1,46,HAS_LINK_TO
4,1,78,HAS_LINK_TO
4,1,810,HAS_LINK_TO
4,1,24,HAS_LINK_TO
4,1,57,HAS_LINK_TO
4,1,80,HAS_LINK_TO
4,1,18,HAS_LINK_TO
4,1,42,HAS_LINK_TO
4,1,17,HAS_LINK_TO
4,1,12,HAS_LINK_TO
4,1,71,HAS_LINK_TO
4,1,40,HAS_LINK_TO
4,1,45,HAS_LINK_TO
4,1,50,HAS_LINK_TO
4,1,63,HAS_LINK_TO
4,1,77,HAS_LINK_TO
4,1,2575,HAS_LINK_TO
4,1,15,HAS_LINK_TO
4,1,14,HAS_LINK_TO
4,1,39,HAS_LINK_TO
4,1,69,HAS_LINK_TO
4,1,54,HAS_LINK_TO
4,1,2576,HAS_LINK_TO
4,1,61,HAS_LINK_TO
4,1,22,HAS_LINK_TO
4,1,41,HAS_LINK_TO
4,1,52,HAS_LINK_TO
4,1,58,HAS_LINK_TO
5,1,925,HAS_LINK_TO
5,1,6,HAS_LINK_TO
5,1,2669,HAS_LINK_TO
5,1,53,HAS_LINK_TO
5,1,60,HAS_LINK_TO
5,1,2839,HAS_LINK_TO
5,1,20,HAS_LINK_TO
5,1,1266,HAS_LINK_TO
5,1,49,HAS_LINK_TO
5,1,72,HAS_LINK_TO
5,1,1953,HAS_LINK_TO
5,1,56,HAS_LINK_TO
5,1,4,HAS_LINK_TO
5,1,4348,HAS_LINK_TO
5,1,21,HAS_LINK_TO
5,1,35,HAS_LINK_TO
5,1,28,HAS_LINK_TO
5,1,33,HAS_LINK_TO
5,1,691,HAS_LINK_TO
5,1,634,HAS_LINK_TO
5,1,38,HAS_LINK_TO
5,1,2,HAS_LINK_TO
5,1,47,HAS_LINK_TO
5,1,262,HAS_LINK_TO
5,1,70,HAS_LINK_TO
5,1,4121,HAS_LINK_TO
5,1,3023,HAS_LINK_TO
5,1,871,HAS_LINK_TO
5,1,4488,HAS_LINK_TO
5,1,4375,HAS_LINK_TO
5,1,16,HAS_LINK_TO
5,1,64,HAS_LINK_TO
5,1,62,HAS_LINK_TO
5,1,59,HAS_LINK_TO
5,1,75,HAS_LINK_TO
5,1,31,HAS_LINK_TO
5,1,30,HAS_LINK_TO
5,1,73,HAS_LINK_TO
5,1,74,HAS_LINK_TO
5,1,4167,HAS_LINK_TO
5,1,4560,HAS_LINK_TO
5,1,48,HAS_LINK_TO
5,1,34,HAS_LINK_TO
5,1,43,HAS_LINK_TO
5,1,3080,HAS_LINK_TO
5,1,55,HAS_LINK_TO
5,1,10,HAS_LINK_TO
5,1,11,HAS_LINK_TO
5,1,81,HAS_LINK_TO
5,1,590,HAS_LINK_TO
5,1,27,HAS_LINK_TO
5,1,23,HAS_LINK_TO
5,1,869,HAS_LINK_TO
5,1,555,HAS_LINK_TO
5,1,26,HAS_LINK_TO
5,1,51,HAS_LINK_TO
5,1,2150,HAS_LINK_TO
5,1,8,HAS_LINK_TO
5,1,1106,HAS_LINK_TO
5,1,2154,HAS_LINK_TO
5,1,19,HAS_LINK_TO
5,1,65,HAS_LINK_TO
5,1,32,HAS_LINK_TO
5,1,67,HAS_LINK_TO
5,1,1,HAS_LINK_TO
5,1,25,HAS_LINK_TO
5,1,29,HAS_LINK_TO
5,1,1743,HAS_LINK_TO
5,1,66,HAS_LINK_TO
5,1,3983,HAS_LINK_TO
5,1,3435,HAS_LINK_TO
5,1,9,HAS_LINK_TO
5,1,7,HAS_LINK_TO
5,1,13,HAS_LINK_TO
5,1,76,HAS_LINK_TO
5,1,3,HAS_LINK_TO
5,1,68,HAS_LINK_TO
5,1,79,HAS_LINK_TO
5,1,44,HAS_LINK_TO
5,1,36,HAS_LINK_TO
5,1,37,HAS_LINK_TO
5,1,3436,HAS_LINK_TO
5,1,46,HAS_LINK_TO
5,1,2986,HAS_LINK_TO
5,1,78,HAS_LINK_TO
5,1,24,HAS_LINK_TO
5,1,57,HAS_LINK_TO
5,1,80,HAS_LINK_TO
5,1,18,HAS_LINK_TO
5,1,42,HAS_LINK_TO
5,1,2147,HAS_LINK_TO
5,1,2178,HAS_LINK_TO
5,1,17,HAS_LINK_TO
5,1,12,HAS_LINK_TO
5,1,71,HAS_LINK_TO
5,1,40,HAS_LINK_TO
5,1,45,HAS_LINK_TO
5,1,1972,HAS_LINK_TO
5,1,1919,HAS_LINK_TO
5,1,50,HAS_LINK_TO
5,1,63,HAS_LINK_TO
5,1,77,HAS_LINK_TO
5,1,4338,HAS_LINK_TO
5,1,2575,HAS_LINK_TO
5,1,15,HAS_LINK_TO
5,1,14,HAS_LINK_TO
5,1,39,HAS_LINK_TO
5,1,69,HAS_LINK_TO
5,1,54,HAS_LINK_TO
5,1,2263,HAS_LINK_TO
5,1,799,HAS_LINK_TO
5,1,2576,HAS_LINK_TO
5,1,61,HAS_LINK_TO
5,1,630,HAS_LINK_TO
5,1,22,HAS_LINK_TO
5,1,2157,HAS_LINK_TO
5,1,3737,HAS_LINK_TO
5,1,927,HAS_LINK_TO
5,1,41,HAS_LINK_TO
5,1,52,HAS_LINK_TO
5,1,58,HAS_LINK_TO
6,1,3610,HAS_LINK_TO
6,1,4495,HAS_LINK_TO
6,1,2667,HAS_LINK_TO
6,1,2773,HAS_LINK_TO
6,1,53,HAS_LINK_TO
6,1,3809,HAS_LINK_TO
6,1,60,HAS_LINK_TO
6,1,2839,HAS_LINK_TO
6,1,3590,HAS_LINK_TO
6,1,20,HAS_LINK_TO
6,1,1266,HAS_LINK_TO
6,1,3816,HAS_LINK_TO
6,1,49,HAS_LINK_TO
6,1,4117,HAS_LINK_TO
6,1,72,HAS_LINK_TO
6,1,56,HAS_LINK_TO
6,1,4,HAS_LINK_TO
6,1,651,HAS_LINK_TO
6,1,489,HAS_LINK_TO
6,1,3587,HAS_LINK_TO
6,1,1459,HAS_LINK_TO
6,1,21,HAS_LINK_TO
6,1,4361,HAS_LINK_TO
6,1,35,HAS_LINK_TO
6,1,4140,HAS_LINK_TO
6,1,28,HAS_LINK_TO
6,1,33,HAS_LINK_TO
6,1,2023,HAS_LINK_TO
6,1,2407,HAS_LINK_TO
6,1,3991,HAS_LINK_TO
6,1,371,HAS_LINK_TO
6,1,3669,HAS_LINK_TO
6,1,38,HAS_LINK_TO
6,1,2,HAS_LINK_TO
6,1,47,HAS_LINK_TO
6,1,70,HAS_LINK_TO
6,1,871,HAS_LINK_TO
6,1,4375,HAS_LINK_TO
6,1,1742,HAS_LINK_TO
6,1,2163,HAS_LINK_TO
6,1,16,HAS_LINK_TO
6,1,2056,HAS_LINK_TO
6,1,4571,HAS_LINK_TO
6,1,1034,HAS_LINK_TO
6,1,4606,HAS_LINK_TO
6,1,1949,HAS_LINK_TO
6,1,2105,HAS_LINK_TO
6,1,64,HAS_LINK_TO
6,1,132,HAS_LINK_TO
6,1,62,HAS_LINK_TO
6,1,59,HAS_LINK_TO
6,1,75,HAS_LINK_TO
6,1,31,HAS_LINK_TO
6,1,1863,HAS_LINK_TO
6,1,1412,HAS_LINK_TO
6,1,2630,HAS_LINK_TO
6,1,30,HAS_LINK_TO
6,1,2689,HAS_LINK_TO
6,1,98,HAS_LINK_TO
6,1,73,HAS_LINK_TO
6,1,1900,HAS_LINK_TO
6,1,1704,HAS_LINK_TO
6,1,4500,HAS_LINK_TO
6,1,74,HAS_LINK_TO
6,1,1950,HAS_LINK_TO
6,1,3842,HAS_LINK_TO
6,1,278,HAS_LINK_TO
6,1,48,HAS_LINK_TO
6,1,34,HAS_LINK_TO
6,1,43,HAS_LINK_TO
6,1,2629,HAS_LINK_TO
6,1,2688,HAS_LINK_TO
6,1,1119,HAS_LINK_TO
6,1,55,HAS_LINK_TO
6,1,498,HAS_LINK_TO
6,1,10,HAS_LINK_TO
6,1,11,HAS_LINK_TO
6,1,81,HAS_LINK_TO
6,1,2009,HAS_LINK_TO
6,1,236,HAS_LINK_TO
6,1,1682,HAS_LINK_TO
6,1,23,HAS_LINK_TO
6,1,27,HAS_LINK_TO
6,1,869,HAS_LINK_TO
6,1,26,HAS_LINK_TO
6,1,51,HAS_LINK_TO
6,1,519,HAS_LINK_TO
6,1,8,HAS_LINK_TO
6,1,456,HAS_LINK_TO
6,1,2777,HAS_LINK_TO
6,1,944,HAS_LINK_TO
6,1,2791,HAS_LINK_TO
6,1,2547,HAS_LINK_TO
6,1,1080,HAS_LINK_TO
6,1,3713,HAS_LINK_TO
6,1,2095,HAS_LINK_TO
6,1,19,HAS_LINK_TO
6,1,4572,HAS_LINK_TO
6,1,65,HAS_LINK_TO
6,1,32,HAS_LINK_TO
6,1,67,HAS_LINK_TO
6,1,1155,HAS_LINK_TO
6,1,1,HAS_LINK_TO
6,1,25,HAS_LINK_TO
6,1,29,HAS_LINK_TO
6,1,2270,HAS_LINK_TO
6,1,3442,HAS_LINK_TO
6,1,66,HAS_LINK_TO
6,1,922,HAS_LINK_TO
6,1,1060,HAS_LINK_TO
6,1,9,HAS_LINK_TO
6,1,608,HAS_LINK_TO
6,1,2817,HAS_LINK_TO
6,1,7,HAS_LINK_TO
6,1,13,HAS_LINK_TO
6,1,76,HAS_LINK_TO
6,1,1430,HAS_LINK_TO
6,1,1960,HAS_LINK_TO
6,1,3,HAS_LINK_TO
6,1,68,HAS_LINK_TO
6,1,4459,HAS_LINK_TO
6,1,315,HAS_LINK_TO
6,1,3658,HAS_LINK_TO
6,1,79,HAS_LINK_TO
6,1,44,HAS_LINK_TO
6,1,4289,HAS_LINK_TO
6,1,1784,HAS_LINK_TO
6,1,2428,HAS_LINK_TO
6,1,3955,HAS_LINK_TO
6,1,4502,HAS_LINK_TO
6,1,4006,HAS_LINK_TO
6,1,4145,HAS_LINK_TO
6,1,2436,HAS_LINK_TO
6,1,5,HAS_LINK_TO
6,1,36,HAS_LINK_TO
6,1,1858,HAS_LINK_TO
6,1,37,HAS_LINK_TO
6,1,1414,HAS_LINK_TO
6,1,82,HAS_LINK_TO
6,1,2986,HAS_LINK_TO
6,1,3944,HAS_LINK_TO
6,1,46,HAS_LINK_TO
6,1,2842,HAS_LINK_TO
6,1,78,HAS_LINK_TO
6,1,3405,HAS_LINK_TO
6,1,2524,HAS_LINK_TO
6,1,3494,HAS_LINK_TO
6,1,24,HAS_LINK_TO
6,1,376,HAS_LINK_TO
6,1,57,HAS_LINK_TO
6,1,80,HAS_LINK_TO
6,1,18,HAS_LINK_TO
6,1,1829,HAS_LINK_TO
6,1,42,HAS_LINK_TO
6,1,12,HAS_LINK_TO
6,1,503,HAS_LINK_TO
6,1,17,HAS_LINK_TO
6,1,71,HAS_LINK_TO
6,1,475,HAS_LINK_TO
6,1,3539,HAS_LINK_TO
6,1,40,HAS_LINK_TO
6,1,2229,HAS_LINK_TO
6,1,45,HAS_LINK_TO
6,1,1918,HAS_LINK_TO
6,1,559,HAS_LINK_TO
6,1,50,HAS_LINK_TO
6,1,63,HAS_LINK_TO
6,1,4601,HAS_LINK_TO
6,1,77,HAS_LINK_TO
6,1,457,HAS_LINK_TO
6,1,2575,HAS_LINK_TO
6,1,1240,HAS_LINK_TO
6,1,231,HAS_LINK_TO
6,1,15,HAS_LINK_TO
6,1,14,HAS_LINK_TO
6,1,4444,HAS_LINK_TO
6,1,1129,HAS_LINK_TO
6,1,1265,HAS_LINK_TO
6,1,39,HAS_LINK_TO
6,1,69,HAS_LINK_TO
6,1,54,HAS_LINK_TO
6,1,1123,HAS_LINK_TO
6,1,2576,HAS_LINK_TO
6,1,1093,HAS_LINK_TO
6,1,1432,HAS_LINK_TO
6,1,61,HAS_LINK_TO
6,1,1092,HAS_LINK_TO
6,1,22,HAS_LINK_TO
6,1,2533,HAS_LINK_TO
6,1,3737,HAS_LINK_TO
6,1,4360,HAS_LINK_TO
6,1,4013,HAS_LINK_TO
6,1,208,HAS_LINK_TO
6,1,41,HAS_LINK_TO
6,1,52,HAS_LINK_TO
6,1,1467,HAS_LINK_TO
6,1,58,HAS_LINK_TO
6,1,1433,HAS_LINK_TO
6,1,2408,HAS_LINK_TO
6,1,4297,HAS_LINK_TO
6,1,2076,HAS_LINK_TO
6,1,1490,HAS_LINK_TO
6,1,1180,HAS_LINK_TO
6,1,1079,HAS_LINK_TO
6,1,253,HAS_LINK_TO
7,1,1664,HAS_LINK_TO
7,1,3856,HAS_LINK_TO
7,1,6,HAS_LINK_TO
7,1,450,HAS_LINK_TO
7,1,2773,HAS_LINK_TO
7,1,53,HAS_LINK_TO
7,1,60,HAS_LINK_TO
7,1,2839,HAS_LINK_TO
7,1,1717,HAS_LINK_TO
7,1,4036,HAS_LINK_TO
7,1,2111,HAS_LINK_TO
7,1,20,HAS_LINK_TO
7,1,2528,HAS_LINK_TO
7,1,4143,HAS_LINK_TO
7,1,49,HAS_LINK_TO
7,1,72,HAS_LINK_TO
7,1,3689,HAS_LINK_TO
7,1,56,HAS_LINK_TO
7,1,4,HAS_LINK_TO
7,1,1459,HAS_LINK_TO
7,1,21,HAS_LINK_TO
7,1,35,HAS_LINK_TO
7,1,28,HAS_LINK_TO
7,1,33,HAS_LINK_TO
7,1,135,HAS_LINK_TO
7,1,2407,HAS_LINK_TO
7,1,736,HAS_LINK_TO
7,1,3991,HAS_LINK_TO
7,1,2809,HAS_LINK_TO
7,1,2187,HAS_LINK_TO
7,1,1233,HAS_LINK_TO
7,1,38,HAS_LINK_TO
7,1,2,HAS_LINK_TO
7,1,262,HAS_LINK_TO
7,1,1778,HAS_LINK_TO
7,1,1893,HAS_LINK_TO
7,1,571,HAS_LINK_TO
7,1,47,HAS_LINK_TO
7,1,2607,HAS_LINK_TO
7,1,70,HAS_LINK_TO
7,1,871,HAS_LINK_TO
7,1,4375,HAS_LINK_TO
7,1,993,HAS_LINK_TO
7,1,2563,HAS_LINK_TO
7,1,2163,HAS_LINK_TO
7,1,16,HAS_LINK_TO
7,1,3003,HAS_LINK_TO
7,1,3855,HAS_LINK_TO
7,1,64,HAS_LINK_TO
7,1,62,HAS_LINK_TO
7,1,59,HAS_LINK_TO
7,1,1510,HAS_LINK_TO
7,1,75,HAS_LINK_TO
7,1,31,HAS_LINK_TO
7,1,30,HAS_LINK_TO
7,1,1217,HAS_LINK_TO
7,1,612,HAS_LINK_TO
7,1,73,HAS_LINK_TO
7,1,2530,HAS_LINK_TO
7,1,1140,HAS_LINK_TO
7,1,1704,HAS_LINK_TO
7,1,74,HAS_LINK_TO
7,1,1878,HAS_LINK_TO
7,1,1955,HAS_LINK_TO
7,1,3577,HAS_LINK_TO
7,1,1928,HAS_LINK_TO
7,1,3104,HAS_LINK_TO
7,1,48,HAS_LINK_TO
7,1,34,HAS_LINK_TO
7,1,43,HAS_LINK_TO
7,1,2688,HAS_LINK_TO
7,1,4487,HAS_LINK_TO
7,1,1242,HAS_LINK_TO
7,1,10,HAS_LINK_TO
7,1,55,HAS_LINK_TO
7,1,11,HAS_LINK_TO
7,1,81,HAS_LINK_TO
7,1,27,HAS_LINK_TO
7,1,23,HAS_LINK_TO
7,1,869,HAS_LINK_TO
7,1,555,HAS_LINK_TO
7,1,26,HAS_LINK_TO
7,1,51,HAS_LINK_TO
7,1,1162,HAS_LINK_TO
7,1,2825,HAS_LINK_TO
7,1,3555,HAS_LINK_TO
7,1,8,HAS_LINK_TO
7,1,463,HAS_LINK_TO
7,1,2154,HAS_LINK_TO
7,1,2777,HAS_LINK_TO
7,1,4137,HAS_LINK_TO
7,1,19,HAS_LINK_TO
7,1,65,HAS_LINK_TO
7,1,4223,HAS_LINK_TO
7,1,851,HAS_LINK_TO
7,1,87,HAS_LINK_TO
7,1,1,HAS_LINK_TO
7,1,25,HAS_LINK_TO
7,1,29,HAS_LINK_TO
7,1,32,HAS_LINK_TO
7,1,67,HAS_LINK_TO
7,1,3477,HAS_LINK_TO
7,1,1611,HAS_LINK_TO
7,1,2200,HAS_LINK_TO
7,1,66,HAS_LINK_TO
7,1,3239,HAS_LINK_TO
7,1,1060,HAS_LINK_TO
7,1,2659,HAS_LINK_TO
7,1,9,HAS_LINK_TO
7,1,13,HAS_LINK_TO
7,1,2805,HAS_LINK_TO
7,1,4505,HAS_LINK_TO
7,1,76,HAS_LINK_TO
7,1,836,HAS_LINK_TO
7,1,4108,HAS_LINK_TO
7,1,3,HAS_LINK_TO
7,1,68,HAS_LINK_TO
7,1,315,HAS_LINK_TO
7,1,79,HAS_LINK_TO
7,1,44,HAS_LINK_TO
7,1,4155,HAS_LINK_TO
7,1,4006,HAS_LINK_TO
7,1,5,HAS_LINK_TO
7,1,36,HAS_LINK_TO
7,1,4276,HAS_LINK_TO
7,1,37,HAS_LINK_TO
7,1,46,HAS_LINK_TO
7,1,2656,HAS_LINK_TO
7,1,78,HAS_LINK_TO
7,1,2221,HAS_LINK_TO
7,1,2762,HAS_LINK_TO
7,1,24,HAS_LINK_TO
7,1,1094,HAS_LINK_TO
7,1,3107,HAS_LINK_TO
7,1,57,HAS_LINK_TO
7,1,80,HAS_LINK_TO
7,1,18,HAS_LINK_TO
7,1,3572,HAS_LINK_TO
7,1,42,HAS_LINK_TO
7,1,17,HAS_LINK_TO
7,1,12,HAS_LINK_TO
7,1,71,HAS_LINK_TO
7,1,40,HAS_LINK_TO
7,1,45,HAS_LINK_TO
7,1,1712,HAS_LINK_TO
7,1,559,HAS_LINK_TO
7,1,323,HAS_LINK_TO
7,1,353,HAS_LINK_TO
7,1,50,HAS_LINK_TO
7,1,63,HAS_LINK_TO
7,1,3569,HAS_LINK_TO
7,1,357,HAS_LINK_TO
7,1,2575,HAS_LINK_TO
7,1,77,HAS_LINK_TO
7,1,1172,HAS_LINK_TO
7,1,2014,HAS_LINK_TO
7,1,2429,HAS_LINK_TO
7,1,3962,HAS_LINK_TO
7,1,3019,HAS_LINK_TO
7,1,14,HAS_LINK_TO
7,1,15,HAS_LINK_TO
7,1,39,HAS_LINK_TO
7,1,69,HAS_LINK_TO
7,1,54,HAS_LINK_TO
7,1,2073,HAS_LINK_TO
7,1,2576,HAS_LINK_TO
7,1,61,HAS_LINK_TO
7,1,2171,HAS_LINK_TO
7,1,22,HAS_LINK_TO
7,1,3920,HAS_LINK_TO
7,1,2357,HAS_LINK_TO
7,1,4360,HAS_LINK_TO
7,1,41,HAS_LINK_TO
7,1,52,HAS_LINK_TO
7,1,1467,HAS_LINK_TO
7,1,58,HAS_LINK_TO
7,1,4235,HAS_LINK_TO
7,1,1490,HAS_LINK_TO
7,1,2158,HAS_LINK_TO
8,1,1664,HAS_LINK_TO
8,1,6,HAS_LINK_TO
8,1,53,HAS_LINK_TO
8,1,60,HAS_LINK_TO
8,1,2839,HAS_LINK_TO
8,1,20,HAS_LINK_TO
8,1,49,HAS_LINK_TO
8,1,72,HAS_LINK_TO
8,1,56,HAS_LINK_TO
8,1,4,HAS_LINK_TO
8,1,21,HAS_LINK_TO
8,1,35,HAS_LINK_TO
8,1,28,HAS_LINK_TO
8,1,33,HAS_LINK_TO
8,1,1846,HAS_LINK_TO
8,1,38,HAS_LINK_TO
8,1,2,HAS_LINK_TO
8,1,3418,HAS_LINK_TO
8,1,47,HAS_LINK_TO
8,1,70,HAS_LINK_TO
8,1,871,HAS_LINK_TO
8,1,4375,HAS_LINK_TO
8,1,16,HAS_LINK_TO
8,1,64,HAS_LINK_TO
8,1,62,HAS_LINK_TO
8,1,59,HAS_LINK_TO
8,1,75,HAS_LINK_TO
8,1,31,HAS_LINK_TO
8,1,30,HAS_LINK_TO
8,1,1596,HAS_LINK_TO
8,1,73,HAS_LINK_TO
8,1,74,HAS_LINK_TO
8,1,1928,HAS_LINK_TO
8,1,48,HAS_LINK_TO
8,1,34,HAS_LINK_TO
8,1,43,HAS_LINK_TO
8,1,55,HAS_LINK_TO
8,1,10,HAS_LINK_TO
8,1,11,HAS_LINK_TO
8,1,81,HAS_LINK_TO
8,1,27,HAS_LINK_TO
8,1,23,HAS_LINK_TO
8,1,869,HAS_LINK_TO
8,1,26,HAS_LINK_TO
8,1,51,HAS_LINK_TO
8,1,19,HAS_LINK_TO
8,1,65,HAS_LINK_TO
8,1,32,HAS_LINK_TO
8,1,67,HAS_LINK_TO
8,1,1,HAS_LINK_TO
8,1,1089,HAS_LINK_TO
8,1,25,HAS_LINK_TO
8,1,2279,HAS_LINK_TO
8,1,29,HAS_LINK_TO
8,1,3518,HAS_LINK_TO
8,1,66,HAS_LINK_TO
8,1,4486,HAS_LINK_TO
8,1,9,HAS_LINK_TO
8,1,786,HAS_LINK_TO
8,1,7,HAS_LINK_TO
8,1,13,HAS_LINK_TO
8,1,2805,HAS_LINK_TO
8,1,76,HAS_LINK_TO
8,1,3,HAS_LINK_TO
8,1,68,HAS_LINK_TO
8,1,79,HAS_LINK_TO
8,1,44,HAS_LINK_TO
8,1,2278,HAS_LINK_TO
8,1,5,HAS_LINK_TO
8,1,36,HAS_LINK_TO
8,1,37,HAS_LINK_TO
8,1,46,HAS_LINK_TO
8,1,78,HAS_LINK_TO
8,1,2221,HAS_LINK_TO
8,1,24,HAS_LINK_TO
8,1,57,HAS_LINK_TO
8,1,80,HAS_LINK_TO
8,1,18,HAS_LINK_TO
8,1,42,HAS_LINK_TO
8,1,17,HAS_LINK_TO
8,1,12,HAS_LINK_TO
8,1,71,HAS_LINK_TO
8,1,40,HAS_LINK_TO
8,1,45,HAS_LINK_TO
8,1,50,HAS_LINK_TO
8,1,63,HAS_LINK_TO
8,1,77,HAS_LINK_TO
8,1,357,HAS_LINK_TO
8,1,2575,HAS_LINK_TO
8,1,1172,HAS_LINK_TO
8,1,2434,HAS_LINK_TO
8,1,2429,HAS_LINK_TO
8,1,3962,HAS_LINK_TO
8,1,14,HAS_LINK_TO
8,1,15,HAS_LINK_TO
8,1,39,HAS_LINK_TO
8,1,69,HAS_LINK_TO
8,1,54,HAS_LINK_TO
8,1,2073,HAS_LINK_TO
8,1,2576,HAS_LINK_TO
8,1,61,HAS_LINK_TO
8,1,2171,HAS_LINK_TO
8,1,22,HAS_LINK_TO
8,1,2357,HAS_LINK_TO
8,1,41,HAS_LINK_TO
8,1,52,HAS_LINK_TO
8,1,58,HAS_LINK_TO
8,1,1433,HAS_LINK_TO
8,1,3573,HAS_LINK_TO
9,1,4139,HAS_LINK_TO
9,1,2700,HAS_LINK_TO
9,1,2980,HAS_LINK_TO
9,1,3765,HAS_LINK_TO
9,1,3639,HAS_LINK_TO
9,1,3223,HAS_LINK_TO
9,1,3486,HAS_LINK_TO
9,1,1717,HAS_LINK_TO
9,1,4503,HAS_LINK_TO
9,1,2818,HAS_LINK_TO
9,1,2686,HAS_LINK_TO
9,1,4134,HAS_LINK_TO
9,1,651,HAS_LINK_TO
9,1,1459,HAS_LINK_TO
9,1,35,HAS_LINK_TO
9,1,424,HAS_LINK_TO
9,1,3143,HAS_LINK_TO
9,1,1134,HAS_LINK_TO
9,1,2280,HAS_LINK_TO
9,1,2548,HAS_LINK_TO
9,1,4113,HAS_LINK_TO
9,1,262,HAS_LINK_TO
9,1,1778,HAS_LINK_TO
9,1,905,HAS_LINK_TO
9,1,871,HAS_LINK_TO
9,1,1742,HAS_LINK_TO
9,1,693,HAS_LINK_TO
9,1,4485,HAS_LINK_TO
9,1,1642,HAS_LINK_TO
9,1,821,HAS_LINK_TO
9,1,4132,HAS_LINK_TO
9,1,1510,HAS_LINK_TO
9,1,1165,HAS_LINK_TO
9,1,31,HAS_LINK_TO
9,1,1679,HAS_LINK_TO
9,1,1412,HAS_LINK_TO
9,1,30,HAS_LINK_TO
9,1,1213,HAS_LINK_TO
9,1,1140,HAS_LINK_TO
9,1,74,HAS_LINK_TO
9,1,833,HAS_LINK_TO
9,1,2217,HAS_LINK_TO
9,1,48,HAS_LINK_TO
9,1,4610,HAS_LINK_TO
9,1,4148,HAS_LINK_TO
9,1,2293,HAS_LINK_TO
9,1,4274,HAS_LINK_TO
9,1,4487,HAS_LINK_TO
9,1,105,HAS_LINK_TO
9,1,1710,HAS_LINK_TO
9,1,4405,HAS_LINK_TO
9,1,1228,HAS_LINK_TO
9,1,236,HAS_LINK_TO
9,1,1000,HAS_LINK_TO
9,1,4547,HAS_LINK_TO
9,1,4604,HAS_LINK_TO
9,1,2983,HAS_LINK_TO
9,1,51,HAS_LINK_TO
9,1,1533,HAS_LINK_TO
9,1,2709,HAS_LINK_TO
9,1,3802,HAS_LINK_TO
9,1,1029,HAS_LINK_TO
9,1,4522,HAS_LINK_TO
9,1,1031,HAS_LINK_TO
9,1,3647,HAS_LINK_TO
9,1,3222,HAS_LINK_TO
9,1,1743,HAS_LINK_TO
9,1,66,HAS_LINK_TO
9,1,996,HAS_LINK_TO
9,1,13,HAS_LINK_TO
9,1,1884,HAS_LINK_TO
9,1,4108,HAS_LINK_TO
9,1,68,HAS_LINK_TO
9,1,44,HAS_LINK_TO
9,1,4006,HAS_LINK_TO
9,1,4233,HAS_LINK_TO
9,1,1008,HAS_LINK_TO
9,1,2722,HAS_LINK_TO
9,1,5,HAS_LINK_TO
9,1,2221,HAS_LINK_TO
9,1,1068,HAS_LINK_TO
9,1,4365,HAS_LINK_TO
9,1,2488,HAS_LINK_TO
9,1,1094,HAS_LINK_TO
9,1,1056,HAS_LINK_TO
9,1,2580,HAS_LINK_TO
9,1,18,HAS_LINK_TO
9,1,2178,HAS_LINK_TO
9,1,12,HAS_LINK_TO
9,1,2705,HAS_LINK_TO
9,1,2816,HAS_LINK_TO
9,1,4531,HAS_LINK_TO
9,1,113,HAS_LINK_TO
9,1,379,HAS_LINK_TO
9,1,50,HAS_LINK_TO
9,1,3129,HAS_LINK_TO
9,1,1017,HAS_LINK_TO
9,1,812,HAS_LINK_TO
9,1,39,HAS_LINK_TO
9,1,2073,HAS_LINK_TO
9,1,799,HAS_LINK_TO
9,1,3117,HAS_LINK_TO
9,1,3413,HAS_LINK_TO
9,1,831,HAS_LINK_TO
9,1,41,HAS_LINK_TO
9,1,3613,HAS_LINK_TO
9,1,1353,HAS_LINK_TO
9,1,4594,HAS_LINK_TO
9,1,621,HAS_LINK_TO
9,1,2698,HAS_LINK_TO
9,1,58,HAS_LINK_TO
9,1,3671,HAS_LINK_TO
9,1,2557,HAS_LINK_TO
9,1,445,HAS_LINK_TO
9,1,3047,HAS_LINK_TO
9,1,4608,HAS_LINK_TO
9,1,4429,HAS_LINK_TO
9,1,1322,HAS_LINK_TO
9,1,20,HAS_LINK_TO
9,1,2528,HAS_LINK_TO
9,1,797,HAS_LINK_TO
9,1,1953,HAS_LINK_TO
9,1,4348,HAS_LINK_TO
9,1,21,HAS_LINK_TO
9,1,2432,HAS_LINK_TO
9,1,33,HAS_LINK_TO
9,1,1688,HAS_LINK_TO
9,1,3801,HAS_LINK_TO
9,1,2770,HAS_LINK_TO
9,1,1064,HAS_LINK_TO
9,1,1462,HAS_LINK_TO
9,1,2607,HAS_LINK_TO
9,1,451,HAS_LINK_TO
9,1,809,HAS_LINK_TO
9,1,1468,HAS_LINK_TO
9,1,2706,HAS_LINK_TO
9,1,1769,HAS_LINK_TO
9,1,62,HAS_LINK_TO
9,1,859,HAS_LINK_TO
9,1,59,HAS_LINK_TO
9,1,1406,HAS_LINK_TO
9,1,726,HAS_LINK_TO
9,1,1863,HAS_LINK_TO
9,1,2124,HAS_LINK_TO
9,1,1836,HAS_LINK_TO
9,1,3926,HAS_LINK_TO
9,1,1114,HAS_LINK_TO
9,1,827,HAS_LINK_TO
9,1,1721,HAS_LINK_TO
9,1,34,HAS_LINK_TO
9,1,43,HAS_LINK_TO
9,1,1958,HAS_LINK_TO
9,1,4483,HAS_LINK_TO
9,1,403,HAS_LINK_TO
9,1,931,HAS_LINK_TO
9,1,4351,HAS_LINK_TO
9,1,81,HAS_LINK_TO
9,1,2009,HAS_LINK_TO
9,1,1272,HAS_LINK_TO
9,1,2953,HAS_LINK_TO
9,1,238,HAS_LINK_TO
9,1,869,HAS_LINK_TO
9,1,26,HAS_LINK_TO
9,1,2078,HAS_LINK_TO
9,1,2003,HAS_LINK_TO
9,1,4229,HAS_LINK_TO
9,1,2825,HAS_LINK_TO
9,1,8,HAS_LINK_TO
9,1,324,HAS_LINK_TO
9,1,1032,HAS_LINK_TO
9,1,4359,HAS_LINK_TO
9,1,1622,HAS_LINK_TO
9,1,19,HAS_LINK_TO
9,1,4572,HAS_LINK_TO
9,1,67,HAS_LINK_TO
9,1,1,HAS_LINK_TO
9,1,25,HAS_LINK_TO
9,1,2813,HAS_LINK_TO
9,1,3875,HAS_LINK_TO
9,1,823,HAS_LINK_TO
9,1,2478,HAS_LINK_TO
9,1,794,HAS_LINK_TO
9,1,2701,HAS_LINK_TO
9,1,4289,HAS_LINK_TO
9,1,2428,HAS_LINK_TO
9,1,3468,HAS_LINK_TO
9,1,3793,HAS_LINK_TO
9,1,2278,HAS_LINK_TO
9,1,36,HAS_LINK_TO
9,1,1011,HAS_LINK_TO
9,1,1858,HAS_LINK_TO
9,1,3436,HAS_LINK_TO
9,1,3941,HAS_LINK_TO
9,1,2986,HAS_LINK_TO
9,1,46,HAS_LINK_TO
9,1,78,HAS_LINK_TO
9,1,2956,HAS_LINK_TO
9,1,2981,HAS_LINK_TO
9,1,1315,HAS_LINK_TO
9,1,1220,HAS_LINK_TO
9,1,810,HAS_LINK_TO
9,1,24,HAS_LINK_TO
9,1,867,HAS_LINK_TO
9,1,2147,HAS_LINK_TO
9,1,17,HAS_LINK_TO
9,1,475,HAS_LINK_TO
9,1,100,HAS_LINK_TO
9,1,40,HAS_LINK_TO
9,1,45,HAS_LINK_TO
9,1,3798,HAS_LINK_TO
9,1,323,HAS_LINK_TO
9,1,63,HAS_LINK_TO
9,1,2509,HAS_LINK_TO
9,1,2575,HAS_LINK_TO
9,1,2014,HAS_LINK_TO
9,1,2434,HAS_LINK_TO
9,1,1394,HAS_LINK_TO
9,1,564,HAS_LINK_TO
9,1,14,HAS_LINK_TO
9,1,4603,HAS_LINK_TO
9,1,1026,HAS_LINK_TO
9,1,22,HAS_LINK_TO
9,1,4202,HAS_LINK_TO
9,1,4363,HAS_LINK_TO
9,1,4472,HAS_LINK_TO
9,1,2728,HAS_LINK_TO
9,1,2156,HAS_LINK_TO
9,1,1869,HAS_LINK_TO
9,1,6,HAS_LINK_TO
9,1,3177,HAS_LINK_TO
9,1,53,HAS_LINK_TO
9,1,1848,HAS_LINK_TO
9,1,3039,HAS_LINK_TO
9,1,919,HAS_LINK_TO
9,1,3590,HAS_LINK_TO
9,1,1670,HAS_LINK_TO
9,1,49,HAS_LINK_TO
9,1,1257,HAS_LINK_TO
9,1,2954,HAS_LINK_TO
9,1,2040,HAS_LINK_TO
9,1,38,HAS_LINK_TO
9,1,47,HAS_LINK_TO
9,1,70,HAS_LINK_TO
9,1,2058,HAS_LINK_TO
9,1,1302,HAS_LINK_TO
9,1,4375,HAS_LINK_TO
9,1,1167,HAS_LINK_TO
9,1,1885,HAS_LINK_TO
9,1,2399,HAS_LINK_TO
9,1,2955,HAS_LINK_TO
9,1,16,HAS_LINK_TO
9,1,2056,HAS_LINK_TO
9,1,3855,HAS_LINK_TO
9,1,1027,HAS_LINK_TO
9,1,2077,HAS_LINK_TO
9,1,641,HAS_LINK_TO
9,1,1700,HAS_LINK_TO
9,1,2105,HAS_LINK_TO
9,1,3514,HAS_LINK_TO
9,1,3826,HAS_LINK_TO
9,1,1914,HAS_LINK_TO
9,1,75,HAS_LINK_TO
9,1,1772,HAS_LINK_TO
9,1,292,HAS_LINK_TO
9,1,612,HAS_LINK_TO
9,1,73,HAS_LINK_TO
9,1,4167,HAS_LINK_TO
9,1,3797,HAS_LINK_TO
9,1,3676,HAS_LINK_TO
9,1,2433,HAS_LINK_TO
9,1,2712,HAS_LINK_TO
9,1,276,HAS_LINK_TO
9,1,4639,HAS_LINK_TO
9,1,2057,HAS_LINK_TO
9,1,3657,HAS_LINK_TO
9,1,55,HAS_LINK_TO
9,1,27,HAS_LINK_TO
9,1,2657,HAS_LINK_TO
9,1,1158,HAS_LINK_TO
9,1,2265,HAS_LINK_TO
9,1,1708,HAS_LINK_TO
9,1,2791,HAS_LINK_TO
9,1,835,HAS_LINK_TO
9,1,65,HAS_LINK_TO
9,1,4223,HAS_LINK_TO
9,1,87,HAS_LINK_TO
9,1,3164,HAS_LINK_TO
9,1,1030,HAS_LINK_TO
9,1,1155,HAS_LINK_TO
9,1,3442,HAS_LINK_TO
9,1,528,HAS_LINK_TO
9,1,824,HAS_LINK_TO
9,1,3803,HAS_LINK_TO
9,1,719,HAS_LINK_TO
9,1,3711,HAS_LINK_TO
9,1,1404,HAS_LINK_TO
9,1,3683,HAS_LINK_TO
9,1,2702,HAS_LINK_TO
9,1,2491,HAS_LINK_TO
9,1,1626,HAS_LINK_TO
9,1,1987,HAS_LINK_TO
9,1,3572,HAS_LINK_TO
9,1,3622,HAS_LINK_TO
9,1,503,HAS_LINK_TO
9,1,4171,HAS_LINK_TO
9,1,1913,HAS_LINK_TO
9,1,1919,HAS_LINK_TO
9,1,3212,HAS_LINK_TO
9,1,3670,HAS_LINK_TO
9,1,77,HAS_LINK_TO
9,1,2808,HAS_LINK_TO
9,1,4122,HAS_LINK_TO
9,1,1129,HAS_LINK_TO
9,1,4612,HAS_LINK_TO
9,1,69,HAS_LINK_TO
9,1,930,HAS_LINK_TO
9,1,2104,HAS_LINK_TO
9,1,61,HAS_LINK_TO
9,1,2658,HAS_LINK_TO
9,1,3807,HAS_LINK_TO
9,1,1821,HAS_LINK_TO
9,1,3600,HAS_LINK_TO
9,1,4360,HAS_LINK_TO
9,1,52,HAS_LINK_TO
9,1,3705,HAS_LINK_TO
9,1,526,HAS_LINK_TO
9,1,112,HAS_LINK_TO
9,1,1180,HAS_LINK_TO
9,1,3719,HAS_LINK_TO
9,1,1370,HAS_LINK_TO
9,1,2710,HAS_LINK_TO
9,1,115,HAS_LINK_TO
9,1,60,HAS_LINK_TO
9,1,2839,HAS_LINK_TO
9,1,4466,HAS_LINK_TO
9,1,1207,HAS_LINK_TO
9,1,1887,HAS_LINK_TO
9,1,110,HAS_LINK_TO
9,1,4557,HAS_LINK_TO
9,1,72,HAS_LINK_TO
9,1,1179,HAS_LINK_TO
9,1,56,HAS_LINK_TO
9,1,4,HAS_LINK_TO
9,1,489,HAS_LINK_TO
9,1,4264,HAS_LINK_TO
9,1,3712,HAS_LINK_TO
9,1,28,HAS_LINK_TO
9,1,2292,HAS_LINK_TO
9,1,921,HAS_LINK_TO
9,1,1175,HAS_LINK_TO
9,1,344,HAS_LINK_TO
9,1,371,HAS_LINK_TO
9,1,1233,HAS_LINK_TO
9,1,2492,HAS_LINK_TO
9,1,2282,HAS_LINK_TO
9,1,2,HAS_LINK_TO
9,1,1495,HAS_LINK_TO
9,1,2563,HAS_LINK_TO
9,1,2163,HAS_LINK_TO
9,1,4571,HAS_LINK_TO
9,1,204,HAS_LINK_TO
9,1,1909,HAS_LINK_TO
9,1,832,HAS_LINK_TO
9,1,64,HAS_LINK_TO
9,1,2366,HAS_LINK_TO
9,1,3469,HAS_LINK_TO
9,1,433,HAS_LINK_TO
9,1,118,HAS_LINK_TO
9,1,3097,HAS_LINK_TO
9,1,1950,HAS_LINK_TO
9,1,4549,HAS_LINK_TO
9,1,1955,HAS_LINK_TO
9,1,3577,HAS_LINK_TO
9,1,278,HAS_LINK_TO
9,1,1014,HAS_LINK_TO
9,1,4354,HAS_LINK_TO
9,1,116,HAS_LINK_TO
9,1,933,HAS_LINK_TO
9,1,10,HAS_LINK_TO
9,1,11,HAS_LINK_TO
9,1,23,HAS_LINK_TO
9,1,519,HAS_LINK_TO
9,1,1162,HAS_LINK_TO
9,1,1310,HAS_LINK_TO
9,1,4149,HAS_LINK_TO
9,1,3894,HAS_LINK_TO
9,1,1054,HAS_LINK_TO
9,1,2681,HAS_LINK_TO
9,1,3713,HAS_LINK_TO
9,1,4137,HAS_LINK_TO
9,1,32,HAS_LINK_TO
9,1,2295,HAS_LINK_TO
9,1,29,HAS_LINK_TO
9,1,1608,HAS_LINK_TO
9,1,887,HAS_LINK_TO
9,1,1611,HAS_LINK_TO
9,1,2270,HAS_LINK_TO
9,1,3465,HAS_LINK_TO
9,1,4486,HAS_LINK_TO
9,1,111,HAS_LINK_TO
9,1,2704,HAS_LINK_TO
9,1,1136,HAS_LINK_TO
9,1,2970,HAS_LINK_TO
9,1,828,HAS_LINK_TO
9,1,7,HAS_LINK_TO
9,1,76,HAS_LINK_TO
9,1,2619,HAS_LINK_TO
9,1,2746,HAS_LINK_TO
9,1,3,HAS_LINK_TO
9,1,533,HAS_LINK_TO
9,1,3799,HAS_LINK_TO
9,1,4015,HAS_LINK_TO
9,1,588,HAS_LINK_TO
9,1,79,HAS_LINK_TO
9,1,1784,HAS_LINK_TO
9,1,597,HAS_LINK_TO
9,1,546,HAS_LINK_TO
9,1,37,HAS_LINK_TO
9,1,4276,HAS_LINK_TO
9,1,4198,HAS_LINK_TO
9,1,3557,HAS_LINK_TO
9,1,140,HAS_LINK_TO
9,1,3494,HAS_LINK_TO
9,1,2415,HAS_LINK_TO
9,1,1709,HAS_LINK_TO
9,1,2762,HAS_LINK_TO
9,1,3860,HAS_LINK_TO
9,1,2502,HAS_LINK_TO
9,1,57,HAS_LINK_TO
9,1,4355,HAS_LINK_TO
9,1,80,HAS_LINK_TO
9,1,1065,HAS_LINK_TO
9,1,1025,HAS_LINK_TO
9,1,42,HAS_LINK_TO
9,1,3896,HAS_LINK_TO
9,1,71,HAS_LINK_TO
9,1,3840,HAS_LINK_TO
9,1,1733,HAS_LINK_TO
9,1,826,HAS_LINK_TO
9,1,3052,HAS_LINK_TO
9,1,1691,HAS_LINK_TO
9,1,2493,HAS_LINK_TO
9,1,4252,HAS_LINK_TO
9,1,2440,HAS_LINK_TO
9,1,231,HAS_LINK_TO
9,1,15,HAS_LINK_TO
9,1,825,HAS_LINK_TO
9,1,3040,HAS_LINK_TO
9,1,2483,HAS_LINK_TO
9,1,2665,HAS_LINK_TO
9,1,54,HAS_LINK_TO
9,1,2576,HAS_LINK_TO
9,1,1917,HAS_LINK_TO
9,1,630,HAS_LINK_TO
9,1,1092,HAS_LINK_TO
9,1,2533,HAS_LINK_TO
9,1,4540,HAS_LINK_TO
9,1,1837,HAS_LINK_TO
9,1,2654,HAS_LINK_TO
9,1,2001,HAS_LINK_TO
9,1,813,HAS_LINK_TO
9,1,208,HAS_LINK_TO
9,1,3796,HAS_LINK_TO
10,1,6,HAS_LINK_TO
10,1,53,HAS_LINK_TO
10,1,3809,HAS_LINK_TO
10,1,60,HAS_LINK_TO
10,1,2839,HAS_LINK_TO
10,1,3749,HAS_LINK_TO
10,1,1887,HAS_LINK_TO
10,1,20,HAS_LINK_TO
10,1,4557,HAS_LINK_TO
10,1,49,HAS_LINK_TO
10,1,72,HAS_LINK_TO
10,1,2686,HAS_LINK_TO
10,1,4,HAS_LINK_TO
10,1,56,HAS_LINK_TO
10,1,21,HAS_LINK_TO
10,1,35,HAS_LINK_TO
10,1,28,HAS_LINK_TO
10,1,33,HAS_LINK_TO
10,1,1688,HAS_LINK_TO
10,1,38,HAS_LINK_TO
10,1,2,HAS_LINK_TO
10,1,47,HAS_LINK_TO
10,1,70,HAS_LINK_TO
10,1,871,HAS_LINK_TO
10,1,3818,HAS_LINK_TO
10,1,4375,HAS_LINK_TO
10,1,16,HAS_LINK_TO
10,1,1909,HAS_LINK_TO
10,1,64,HAS_LINK_TO
10,1,62,HAS_LINK_TO
10,1,59,HAS_LINK_TO
10,1,75,HAS_LINK_TO
10,1,3534,HAS_LINK_TO
10,1,31,HAS_LINK_TO
10,1,30,HAS_LINK_TO
10,1,3763,HAS_LINK_TO
10,1,73,HAS_LINK_TO
10,1,3926,HAS_LINK_TO
10,1,74,HAS_LINK_TO
10,1,3747,HAS_LINK_TO
10,1,1878,HAS_LINK_TO
10,1,778,HAS_LINK_TO
10,1,2433,HAS_LINK_TO
10,1,48,HAS_LINK_TO
10,1,1721,HAS_LINK_TO
10,1,3125,HAS_LINK_TO
10,1,34,HAS_LINK_TO
10,1,43,HAS_LINK_TO
10,1,1014,HAS_LINK_TO
10,1,4487,HAS_LINK_TO
10,1,55,HAS_LINK_TO
10,1,11,HAS_LINK_TO
10,1,81,HAS_LINK_TO
10,1,27,HAS_LINK_TO
10,1,23,HAS_LINK_TO
10,1,2720,HAS_LINK_TO
10,1,869,HAS_LINK_TO
10,1,26,HAS_LINK_TO
10,1,51,HAS_LINK_TO
10,1,773,HAS_LINK_TO
10,1,1162,HAS_LINK_TO
10,1,3894,HAS_LINK_TO
10,1,3741,HAS_LINK_TO
10,1,8,HAS_LINK_TO
10,1,324,HAS_LINK_TO
10,1,1054,HAS_LINK_TO
10,1,19,HAS_LINK_TO
10,1,65,HAS_LINK_TO
10,1,3743,HAS_LINK_TO
10,1,32,HAS_LINK_TO
10,1,851,HAS_LINK_TO
10,1,67,HAS_LINK_TO
10,1,1,HAS_LINK_TO
10,1,1089,HAS_LINK_TO
10,1,25,HAS_LINK_TO
10,1,29,HAS_LINK_TO
10,1,1611,HAS_LINK_TO
10,1,66,HAS_LINK_TO
10,1,2478,HAS_LINK_TO
10,1,3744,HAS_LINK_TO
10,1,9,HAS_LINK_TO
10,1,3512,HAS_LINK_TO
10,1,7,HAS_LINK_TO
10,1,13,HAS_LINK_TO
10,1,1562,HAS_LINK_TO
10,1,76,HAS_LINK_TO
10,1,4108,HAS_LINK_TO
10,1,3,HAS_LINK_TO
10,1,68,HAS_LINK_TO
10,1,79,HAS_LINK_TO
10,1,44,HAS_LINK_TO
10,1,4289,HAS_LINK_TO
10,1,5,HAS_LINK_TO
10,1,36,HAS_LINK_TO
10,1,37,HAS_LINK_TO
10,1,46,HAS_LINK_TO
10,1,3751,HAS_LINK_TO
10,1,78,HAS_LINK_TO
10,1,1220,HAS_LINK_TO
10,1,742,HAS_LINK_TO
10,1,24,HAS_LINK_TO
10,1,57,HAS_LINK_TO
10,1,676,HAS_LINK_TO
10,1,2580,HAS_LINK_TO
10,1,80,HAS_LINK_TO
10,1,18,HAS_LINK_TO
10,1,42,HAS_LINK_TO
10,1,17,HAS_LINK_TO
10,1,1345,HAS_LINK_TO
10,1,12,HAS_LINK_TO
10,1,2573,HAS_LINK_TO
10,1,71,HAS_LINK_TO
10,1,40,HAS_LINK_TO
10,1,45,HAS_LINK_TO
10,1,1918,HAS_LINK_TO
10,1,673,HAS_LINK_TO
10,1,323,HAS_LINK_TO
10,1,50,HAS_LINK_TO
10,1,63,HAS_LINK_TO
10,1,77,HAS_LINK_TO
10,1,2575,HAS_LINK_TO
10,1,4122,HAS_LINK_TO
10,1,812,HAS_LINK_TO
10,1,15,HAS_LINK_TO
10,1,14,HAS_LINK_TO
10,1,3510,HAS_LINK_TO
10,1,39,HAS_LINK_TO
10,1,69,HAS_LINK_TO
10,1,4612,HAS_LINK_TO
10,1,54,HAS_LINK_TO
10,1,2576,HAS_LINK_TO
10,1,61,HAS_LINK_TO
10,1,1180,HAS_LINK_TO
10,1,22,HAS_LINK_TO
10,1,3742,HAS_LINK_TO
10,1,41,HAS_LINK_TO
10,1,2728,HAS_LINK_TO
10,1,52,HAS_LINK_TO
10,1,58,HAS_LINK_TO
10,1,112,HAS_LINK_TO
11,1,6,HAS_LINK_TO
11,1,53,HAS_LINK_TO
11,1,60,HAS_LINK_TO
11,1,2839,HAS_LINK_TO
11,1,20,HAS_LINK_TO
11,1,1266,HAS_LINK_TO
11,1,49,HAS_LINK_TO
11,1,72,HAS_LINK_TO
11,1,56,HAS_LINK_TO
11,1,4,HAS_LINK_TO
11,1,21,HAS_LINK_TO
11,1,35,HAS_LINK_TO
11,1,28,HAS_LINK_TO
11,1,33,HAS_LINK_TO
11,1,38,HAS_LINK_TO
11,1,2,HAS_LINK_TO
11,1,47,HAS_LINK_TO
11,1,70,HAS_LINK_TO
11,1,871,HAS_LINK_TO
11,1,4375,HAS_LINK_TO
11,1,16,HAS_LINK_TO
11,1,64,HAS_LINK_TO
11,1,62,HAS_LINK_TO
11,1,59,HAS_LINK_TO
11,1,75,HAS_LINK_TO
11,1,31,HAS_LINK_TO
11,1,30,HAS_LINK_TO
11,1,73,HAS_LINK_TO
11,1,74,HAS_LINK_TO
11,1,48,HAS_LINK_TO
11,1,34,HAS_LINK_TO
11,1,43,HAS_LINK_TO
11,1,55,HAS_LINK_TO
11,1,10,HAS_LINK_TO
11,1,81,HAS_LINK_TO
11,1,27,HAS_LINK_TO
11,1,23,HAS_LINK_TO
11,1,869,HAS_LINK_TO
11,1,26,HAS_LINK_TO
11,1,51,HAS_LINK_TO
11,1,3555,HAS_LINK_TO
11,1,8,HAS_LINK_TO
11,1,19,HAS_LINK_TO
11,1,65,HAS_LINK_TO
11,1,32,HAS_LINK_TO
11,1,1,HAS_LINK_TO
11,1,25,HAS_LINK_TO
11,1,29,HAS_LINK_TO
11,1,67,HAS_LINK_TO
11,1,66,HAS_LINK_TO
11,1,9,HAS_LINK_TO
11,1,7,HAS_LINK_TO
11,1,13,HAS_LINK_TO
11,1,2970,HAS_LINK_TO
11,1,76,HAS_LINK_TO
11,1,3,HAS_LINK_TO
11,1,68,HAS_LINK_TO
11,1,79,HAS_LINK_TO
11,1,44,HAS_LINK_TO
11,1,5,HAS_LINK_TO
11,1,36,HAS_LINK_TO
11,1,37,HAS_LINK_TO
11,1,46,HAS_LINK_TO
11,1,78,HAS_LINK_TO
11,1,24,HAS_LINK_TO
11,1,57,HAS_LINK_TO
11,1,80,HAS_LINK_TO
11,1,18,HAS_LINK_TO
11,1,42,HAS_LINK_TO
11,1,17,HAS_LINK_TO
11,1,12,HAS_LINK_TO
11,1,71,HAS_LINK_TO
11,1,40,HAS_LINK_TO
11,1,45,HAS_LINK_TO
11,1,50,HAS_LINK_TO
11,1,63,HAS_LINK_TO
11,1,77,HAS_LINK_TO
11,1,2575,HAS_LINK_TO
11,1,15,HAS_LINK_TO
11,1,14,HAS_LINK_TO
11,1,39,HAS_LINK_TO
11,1,69,HAS_LINK_TO
11,1,54,HAS_LINK_TO
11,1,2576,HAS_LINK_TO
11,1,61,HAS_LINK_TO
11,1,630,HAS_LINK_TO
11,1,22,HAS_LINK_TO
11,1,41,HAS_LINK_TO
11,1,52,HAS_LINK_TO
11,1,58,HAS_LINK_TO
11,1,3573,HAS_LINK_TO
11,1,683,HAS_LINK_TO
12,1,2052,HAS_LINK_TO
12,1,3062,HAS_LINK_TO
12,1,3832,HAS_LINK_TO
12,1,4139,HAS_LINK_TO
12,1,712,HAS_LINK_TO
12,1,1161,HAS_LINK_TO
12,1,1237,HAS_LINK_TO
12,1,558,HAS_LINK_TO
12,1,1138,HAS_LINK_TO
12,1,4056,HAS_LINK_TO
12,1,2686,HAS_LINK_TO
12,1,651,HAS_LINK_TO
12,1,878,HAS_LINK_TO
12,1,424,HAS_LINK_TO
12,1,1134,HAS_LINK_TO
12,1,2548,HAS_LINK_TO
12,1,746,HAS_LINK_TO
12,1,2968,HAS_LINK_TO
12,1,4350,HAS_LINK_TO
12,1,3560,HAS_LINK_TO
12,1,871,HAS_LINK_TO
12,1,492,HAS_LINK_TO
12,1,693,HAS_LINK_TO
12,1,792,HAS_LINK_TO
12,1,248,HAS_LINK_TO
12,1,2771,HAS_LINK_TO
12,1,2291,HAS_LINK_TO
12,1,3993,HAS_LINK_TO
12,1,2708,HAS_LINK_TO
12,1,378,HAS_LINK_TO
12,1,74,HAS_LINK_TO
12,1,2042,HAS_LINK_TO
12,1,2048,HAS_LINK_TO
12,1,3908,HAS_LINK_TO
12,1,833,HAS_LINK_TO
12,1,2051,HAS_LINK_TO
12,1,3115,HAS_LINK_TO
12,1,4148,HAS_LINK_TO
12,1,2983,HAS_LINK_TO
12,1,51,HAS_LINK_TO
12,1,530,HAS_LINK_TO
12,1,2709,HAS_LINK_TO
12,1,1029,HAS_LINK_TO
12,1,4522,HAS_LINK_TO
12,1,2303,HAS_LINK_TO
12,1,973,HAS_LINK_TO
12,1,984,HAS_LINK_TO
12,1,1031,HAS_LINK_TO
12,1,452,HAS_LINK_TO
12,1,751,HAS_LINK_TO
12,1,3647,HAS_LINK_TO
12,1,66,HAS_LINK_TO
12,1,4304,HAS_LINK_TO
12,1,13,HAS_LINK_TO
12,1,3777,HAS_LINK_TO
12,1,68,HAS_LINK_TO
12,1,2909,HAS_LINK_TO
12,1,44,HAS_LINK_TO
12,1,145,HAS_LINK_TO
12,1,511,HAS_LINK_TO
12,1,2488,HAS_LINK_TO
12,1,4309,HAS_LINK_TO
12,1,1139,HAS_LINK_TO
12,1,379,HAS_LINK_TO
12,1,2519,HAS_LINK_TO
12,1,1979,HAS_LINK_TO
12,1,3563,HAS_LINK_TO
12,1,4127,HAS_LINK_TO
12,1,2073,HAS_LINK_TO
12,1,771,HAS_LINK_TO
12,1,2032,HAS_LINK_TO
12,1,1003,HAS_LINK_TO
12,1,831,HAS_LINK_TO
12,1,4594,HAS_LINK_TO
12,1,3456,HAS_LINK_TO
12,1,1381,HAS_LINK_TO
12,1,3148,HAS_LINK_TO
12,1,4201,HAS_LINK_TO
12,1,1831,HAS_LINK_TO
12,1,1507,HAS_LINK_TO
12,1,2961,HAS_LINK_TO
12,1,3652,HAS_LINK_TO
12,1,1266,HAS_LINK_TO
12,1,3830,HAS_LINK_TO
12,1,3067,HAS_LINK_TO
12,1,2485,HAS_LINK_TO
12,1,2915,HAS_LINK_TO
12,1,2432,HAS_LINK_TO
12,1,33,HAS_LINK_TO
12,1,3886,HAS_LINK_TO
12,1,1474,HAS_LINK_TO
12,1,2212,HAS_LINK_TO
12,1,2049,HAS_LINK_TO
12,1,1476,HAS_LINK_TO
12,1,2770,HAS_LINK_TO
12,1,3068,HAS_LINK_TO
12,1,3535,HAS_LINK_TO
12,1,2477,HAS_LINK_TO
12,1,2607,HAS_LINK_TO
12,1,1468,HAS_LINK_TO
12,1,2555,HAS_LINK_TO
12,1,1678,HAS_LINK_TO
12,1,3498,HAS_LINK_TO
12,1,3662,HAS_LINK_TO
12,1,4266,HAS_LINK_TO
12,1,152,HAS_LINK_TO
12,1,4011,HAS_LINK_TO
12,1,1480,HAS_LINK_TO
12,1,3083,HAS_LINK_TO
12,1,4400,HAS_LINK_TO
12,1,1596,HAS_LINK_TO
12,1,2763,HAS_LINK_TO
12,1,1114,HAS_LINK_TO
12,1,3507,HAS_LINK_TO
12,1,34,HAS_LINK_TO
12,1,969,HAS_LINK_TO
12,1,2871,HAS_LINK_TO
12,1,1473,HAS_LINK_TO
12,1,2720,HAS_LINK_TO
12,1,869,HAS_LINK_TO
12,1,2078,HAS_LINK_TO
12,1,1379,HAS_LINK_TO
12,1,1512,HAS_LINK_TO
12,1,4178,HAS_LINK_TO
12,1,3980,HAS_LINK_TO
12,1,3724,HAS_LINK_TO
12,1,19,HAS_LINK_TO
12,1,228,HAS_LINK_TO
12,1,1,HAS_LINK_TO
12,1,2232,HAS_LINK_TO
12,1,2964,HAS_LINK_TO
12,1,2224,HAS_LINK_TO
12,1,659,HAS_LINK_TO
12,1,1469,HAS_LINK_TO
12,1,4289,HAS_LINK_TO
12,1,78,HAS_LINK_TO
12,1,4463,HAS_LINK_TO
12,1,3454,HAS_LINK_TO
12,1,1829,HAS_LINK_TO
12,1,496,HAS_LINK_TO
12,1,17,HAS_LINK_TO
12,1,3427,HAS_LINK_TO
12,1,475,HAS_LINK_TO
12,1,100,HAS_LINK_TO
12,1,3539,HAS_LINK_TO
12,1,385,HAS_LINK_TO
12,1,2509,HAS_LINK_TO
12,1,2575,HAS_LINK_TO
12,1,516,HAS_LINK_TO
12,1,2908,HAS_LINK_TO
12,1,381,HAS_LINK_TO
12,1,3565,HAS_LINK_TO
12,1,3173,HAS_LINK_TO
12,1,2175,HAS_LINK_TO
12,1,1376,HAS_LINK_TO
12,1,3847,HAS_LINK_TO
12,1,3742,HAS_LINK_TO
12,1,2728,HAS_LINK_TO
12,1,1467,HAS_LINK_TO
12,1,925,HAS_LINK_TO
12,1,2667,HAS_LINK_TO
12,1,2152,HAS_LINK_TO
12,1,1670,HAS_LINK_TO
12,1,1257,HAS_LINK_TO
12,1,3443,HAS_LINK_TO
12,1,2954,HAS_LINK_TO
12,1,3677,HAS_LINK_TO
12,1,1282,HAS_LINK_TO
12,1,762,HAS_LINK_TO
12,1,3687,HAS_LINK_TO
12,1,2920,HAS_LINK_TO
12,1,1700,HAS_LINK_TO
12,1,109,HAS_LINK_TO
12,1,785,HAS_LINK_TO
12,1,277,HAS_LINK_TO
12,1,1914,HAS_LINK_TO
12,1,75,HAS_LINK_TO
12,1,4321,HAS_LINK_TO
12,1,4391,HAS_LINK_TO
12,1,73,HAS_LINK_TO
12,1,4484,HAS_LINK_TO
12,1,1366,HAS_LINK_TO
12,1,778,HAS_LINK_TO
12,1,4327,HAS_LINK_TO
12,1,3842,HAS_LINK_TO
12,1,3635,HAS_LINK_TO
12,1,1788,HAS_LINK_TO
12,1,55,HAS_LINK_TO
12,1,117,HAS_LINK_TO
12,1,1980,HAS_LINK_TO
12,1,4497,HAS_LINK_TO
12,1,1903,HAS_LINK_TO
12,1,4209,HAS_LINK_TO
12,1,4223,HAS_LINK_TO
12,1,4328,HAS_LINK_TO
12,1,3164,HAS_LINK_TO
12,1,1149,HAS_LINK_TO
12,1,528,HAS_LINK_TO
12,1,3025,HAS_LINK_TO
12,1,971,HAS_LINK_TO
12,1,1579,HAS_LINK_TO
12,1,2910,HAS_LINK_TO
12,1,2905,HAS_LINK_TO
12,1,4459,HAS_LINK_TO
12,1,1475,HAS_LINK_TO
12,1,2035,HAS_LINK_TO
12,1,4330,HAS_LINK_TO
12,1,4023,HAS_LINK_TO
12,1,2784,HAS_LINK_TO
12,1,3834,HAS_LINK_TO
12,1,952,HAS_LINK_TO
12,1,3640,HAS_LINK_TO
12,1,1987,HAS_LINK_TO
12,1,2285,HAS_LINK_TO
12,1,3213,HAS_LINK_TO
12,1,443,HAS_LINK_TO
12,1,3385,HAS_LINK_TO
12,1,1919,HAS_LINK_TO
12,1,391,HAS_LINK_TO
12,1,1674,HAS_LINK_TO
12,1,69,HAS_LINK_TO
12,1,3807,HAS_LINK_TO
12,1,2957,HAS_LINK_TO
12,1,2203,HAS_LINK_TO
12,1,3179,HAS_LINK_TO
12,1,2157,HAS_LINK_TO
12,1,3600,HAS_LINK_TO
12,1,4249,HAS_LINK_TO
12,1,402,HAS_LINK_TO
12,1,986,HAS_LINK_TO
12,1,927,HAS_LINK_TO
12,1,3705,HAS_LINK_TO
12,1,692,HAS_LINK_TO
12,1,3794,HAS_LINK_TO
12,1,639,HAS_LINK_TO
12,1,2671,HAS_LINK_TO
12,1,2710,HAS_LINK_TO
12,1,1882,HAS_LINK_TO
12,1,110,HAS_LINK_TO
12,1,2894,HAS_LINK_TO
12,1,4,HAS_LINK_TO
12,1,1304,HAS_LINK_TO
12,1,3712,HAS_LINK_TO
12,1,344,HAS_LINK_TO
12,1,1893,HAS_LINK_TO
12,1,520,HAS_LINK_TO
12,1,3973,HAS_LINK_TO
12,1,4216,HAS_LINK_TO
12,1,3638,HAS_LINK_TO
12,1,3003,HAS_LINK_TO
12,1,64,HAS_LINK_TO
12,1,4551,HAS_LINK_TO
12,1,1603,HAS_LINK_TO
12,1,2991,HAS_LINK_TO
12,1,2668,HAS_LINK_TO
12,1,1955,HAS_LINK_TO
12,1,2688,HAS_LINK_TO
12,1,10,HAS_LINK_TO
12,1,11,HAS_LINK_TO
12,1,3829,HAS_LINK_TO
12,1,3030,HAS_LINK_TO
12,1,4149,HAS_LINK_TO
12,1,3946,HAS_LINK_TO
12,1,1264,HAS_LINK_TO
12,1,2879,HAS_LINK_TO
12,1,1041,HAS_LINK_TO
12,1,3981,HAS_LINK_TO
12,1,721,HAS_LINK_TO
12,1,2196,HAS_LINK_TO
12,1,2619,HAS_LINK_TO
12,1,1960,HAS_LINK_TO
12,1,4015,HAS_LINK_TO
12,1,1983,HAS_LINK_TO
12,1,79,HAS_LINK_TO
12,1,1569,HAS_LINK_TO
12,1,1784,HAS_LINK_TO
12,1,546,HAS_LINK_TO
12,1,3959,HAS_LINK_TO
12,1,461,HAS_LINK_TO
12,1,119,HAS_LINK_TO
12,1,646,HAS_LINK_TO
12,1,756,HAS_LINK_TO
12,1,766,HAS_LINK_TO
12,1,2945,HAS_LINK_TO
12,1,3840,HAS_LINK_TO
12,1,1733,HAS_LINK_TO
12,1,4338,HAS_LINK_TO
12,1,3791,HAS_LINK_TO
12,1,2493,HAS_LINK_TO
12,1,2046,HAS_LINK_TO
12,1,3029,HAS_LINK_TO
12,1,4252,HAS_LINK_TO
12,1,1364,HAS_LINK_TO
12,1,54,HAS_LINK_TO
12,1,2483,HAS_LINK_TO
12,1,1123,HAS_LINK_TO
12,1,488,HAS_LINK_TO
12,1,3564,HAS_LINK_TO
12,1,2576,HAS_LINK_TO
12,1,3695,HAS_LINK_TO
12,1,3709,HAS_LINK_TO
12,1,2743,HAS_LINK_TO
12,1,830,HAS_LINK_TO
12,1,3136,HAS_LINK_TO
12,1,2001,HAS_LINK_TO
12,1,1516,HAS_LINK_TO
12,1,2029,HAS_LINK_TO
12,1,2159,HAS_LINK_TO
12,1,3223,HAS_LINK_TO
12,1,3486,HAS_LINK_TO
12,1,2748,HAS_LINK_TO
12,1,3214,HAS_LINK_TO
12,1,2962,HAS_LINK_TO
12,1,35,HAS_LINK_TO
12,1,4113,HAS_LINK_TO
12,1,1778,HAS_LINK_TO
12,1,1511,HAS_LINK_TO
12,1,97,HAS_LINK_TO
12,1,4219,HAS_LINK_TO
12,1,1642,HAS_LINK_TO
12,1,821,HAS_LINK_TO
12,1,132,HAS_LINK_TO
12,1,437,HAS_LINK_TO
12,1,387,HAS_LINK_TO
12,1,31,HAS_LINK_TO
12,1,981,HAS_LINK_TO
12,1,939,HAS_LINK_TO
12,1,850,HAS_LINK_TO
12,1,4247,HAS_LINK_TO
12,1,4496,HAS_LINK_TO
12,1,2365,HAS_LINK_TO
12,1,2912,HAS_LINK_TO
12,1,48,HAS_LINK_TO
12,1,1570,HAS_LINK_TO
12,1,416,HAS_LINK_TO
12,1,4274,HAS_LINK_TO
12,1,4561,HAS_LINK_TO
12,1,2872,HAS_LINK_TO
12,1,1533,HAS_LINK_TO
12,1,1038,HAS_LINK_TO
12,1,2031,HAS_LINK_TO
12,1,603,HAS_LINK_TO
12,1,4347,HAS_LINK_TO
12,1,1273,HAS_LINK_TO
12,1,219,HAS_LINK_TO
12,1,4316,HAS_LINK_TO
12,1,4528,HAS_LINK_TO
12,1,5,HAS_LINK_TO
12,1,2348,HAS_LINK_TO
12,1,1008,HAS_LINK_TO
12,1,1832,HAS_LINK_TO
12,1,2259,HAS_LINK_TO
12,1,2221,HAS_LINK_TO
12,1,1068,HAS_LINK_TO
12,1,805,HAS_LINK_TO
12,1,2580,HAS_LINK_TO
12,1,3569,HAS_LINK_TO
12,1,357,HAS_LINK_TO
12,1,1091,HAS_LINK_TO
12,1,4490,HAS_LINK_TO
12,1,2895,HAS_LINK_TO
12,1,812,HAS_LINK_TO
12,1,3429,HAS_LINK_TO
12,1,4583,HAS_LINK_TO
12,1,459,HAS_LINK_TO
12,1,4053,HAS_LINK_TO
12,1,799,HAS_LINK_TO
12,1,2344,HAS_LINK_TO
12,1,473,HAS_LINK_TO
12,1,1428,HAS_LINK_TO
12,1,3613,HAS_LINK_TO
12,1,1353,HAS_LINK_TO
12,1,3876,HAS_LINK_TO
12,1,680,HAS_LINK_TO
12,1,734,HAS_LINK_TO
12,1,4494,HAS_LINK_TO
12,1,2940,HAS_LINK_TO
12,1,4429,HAS_LINK_TO
12,1,2258,HAS_LINK_TO
12,1,2528,HAS_LINK_TO
12,1,2598,HAS_LINK_TO
12,1,1953,HAS_LINK_TO
12,1,2313,HAS_LINK_TO
12,1,4348,HAS_LINK_TO
12,1,524,HAS_LINK_TO
12,1,21,HAS_LINK_TO
12,1,943,HAS_LINK_TO
12,1,1464,HAS_LINK_TO
12,1,583,HAS_LINK_TO
12,1,2601,HAS_LINK_TO
12,1,62,HAS_LINK_TO
12,1,1153,HAS_LINK_TO
12,1,2306,HAS_LINK_TO
12,1,2124,HAS_LINK_TO
12,1,1236,HAS_LINK_TO
12,1,1500,HAS_LINK_TO
12,1,1928,HAS_LINK_TO
12,1,4560,HAS_LINK_TO
12,1,1958,HAS_LINK_TO
12,1,3578,HAS_LINK_TO
12,1,4196,HAS_LINK_TO
12,1,238,HAS_LINK_TO
12,1,2003,HAS_LINK_TO
12,1,4222,HAS_LINK_TO
12,1,324,HAS_LINK_TO
12,1,4346,HAS_LINK_TO
12,1,352,HAS_LINK_TO
12,1,1483,HAS_LINK_TO
12,1,4359,HAS_LINK_TO
12,1,3875,HAS_LINK_TO
12,1,764,HAS_LINK_TO
12,1,823,HAS_LINK_TO
12,1,4220,HAS_LINK_TO
12,1,1280,HAS_LINK_TO
12,1,358,HAS_LINK_TO
12,1,3470,HAS_LINK_TO
12,1,2870,HAS_LINK_TO
12,1,4176,HAS_LINK_TO
12,1,4100,HAS_LINK_TO
12,1,676,HAS_LINK_TO
12,1,1243,HAS_LINK_TO
12,1,114,HAS_LINK_TO
12,1,1345,HAS_LINK_TO
12,1,3075,HAS_LINK_TO
12,1,2254,HAS_LINK_TO
12,1,1240,HAS_LINK_TO
12,1,2429,HAS_LINK_TO
12,1,1131,HAS_LINK_TO
12,1,1265,HAS_LINK_TO
12,1,3873,HAS_LINK_TO
12,1,844,HAS_LINK_TO
12,1,1026,HAS_LINK_TO
12,1,1994,HAS_LINK_TO
12,1,4202,HAS_LINK_TO
12,1,3750,HAS_LINK_TO
12,1,4363,HAS_LINK_TO
12,1,2161,HAS_LINK_TO
12,1,2917,HAS_LINK_TO
12,1,1897,HAS_LINK_TO
12,1,1490,HAS_LINK_TO
12,1,2059,HAS_LINK_TO
12,1,4322,HAS_LINK_TO
12,1,1568,HAS_LINK_TO
12,1,6,HAS_LINK_TO
12,1,486,HAS_LINK_TO
12,1,53,HAS_LINK_TO
12,1,1848,HAS_LINK_TO
12,1,3039,HAS_LINK_TO
12,1,4619,HAS_LINK_TO
12,1,3816,HAS_LINK_TO
12,1,173,HAS_LINK_TO
12,1,4179,HAS_LINK_TO
12,1,337,HAS_LINK_TO
12,1,3628,HAS_LINK_TO
12,1,38,HAS_LINK_TO
12,1,679,HAS_LINK_TO
12,1,3497,HAS_LINK_TO
12,1,1167,HAS_LINK_TO
12,1,2056,HAS_LINK_TO
12,1,3855,HAS_LINK_TO
12,1,2450,HAS_LINK_TO
12,1,2105,HAS_LINK_TO
12,1,4032,HAS_LINK_TO
12,1,2632,HAS_LINK_TO
12,1,3826,HAS_LINK_TO
12,1,4430,HAS_LINK_TO
12,1,2496,HAS_LINK_TO
12,1,2626,HAS_LINK_TO
12,1,4329,HAS_LINK_TO
12,1,1878,HAS_LINK_TO
12,1,3797,HAS_LINK_TO
12,1,3759,HAS_LINK_TO
12,1,2712,HAS_LINK_TO
12,1,154,HAS_LINK_TO
12,1,4175,HAS_LINK_TO
12,1,1368,HAS_LINK_TO
12,1,4183,HAS_LINK_TO
12,1,670,HAS_LINK_TO
12,1,2225,HAS_LINK_TO
12,1,422,HAS_LINK_TO
12,1,2468,HAS_LINK_TO
12,1,1252,HAS_LINK_TO
12,1,2807,HAS_LINK_TO
12,1,835,HAS_LINK_TO
12,1,396,HAS_LINK_TO
12,1,1030,HAS_LINK_TO
12,1,3518,HAS_LINK_TO
12,1,2449,HAS_LINK_TO
12,1,1484,HAS_LINK_TO
12,1,2823,HAS_LINK_TO
12,1,222,HAS_LINK_TO
12,1,626,HAS_LINK_TO
12,1,1430,HAS_LINK_TO
12,1,3658,HAS_LINK_TO
12,1,460,HAS_LINK_TO
12,1,3506,HAS_LINK_TO
12,1,1755,HAS_LINK_TO
12,1,214,HAS_LINK_TO
12,1,1509,HAS_LINK_TO
12,1,900,HAS_LINK_TO
12,1,742,HAS_LINK_TO
12,1,4195,HAS_LINK_TO
12,1,2491,HAS_LINK_TO
12,1,1626,HAS_LINK_TO
12,1,1174,HAS_LINK_TO
12,1,3622,HAS_LINK_TO
12,1,1913,HAS_LINK_TO
12,1,2050,HAS_LINK_TO
12,1,1971,HAS_LINK_TO
12,1,4419,HAS_LINK_TO
12,1,2803,HAS_LINK_TO
12,1,61,HAS_LINK_TO
12,1,1879,HAS_LINK_TO
12,1,2914,HAS_LINK_TO
12,1,3920,HAS_LINK_TO
12,1,2855,HAS_LINK_TO
12,1,768,HAS_LINK_TO
12,1,4218,HAS_LINK_TO
12,1,52,HAS_LINK_TO
12,1,3467,HAS_LINK_TO
12,1,894,HAS_LINK_TO
12,1,1471,HAS_LINK_TO
12,1,191,HAS_LINK_TO
12,1,1160,HAS_LINK_TO
12,1,28,HAS_LINK_TO
12,1,4111,HAS_LINK_TO
12,1,3828,HAS_LINK_TO
12,1,1175,HAS_LINK_TO
12,1,371,HAS_LINK_TO
12,1,1233,HAS_LINK_TO
12,1,2282,HAS_LINK_TO
12,1,2027,HAS_LINK_TO
12,1,2492,HAS_LINK_TO
12,1,3101,HAS_LINK_TO
12,1,2346,HAS_LINK_TO
12,1,3721,HAS_LINK_TO
12,1,204,HAS_LINK_TO
12,1,2366,HAS_LINK_TO
12,1,598,HAS_LINK_TO
12,1,3072,HAS_LINK_TO
12,1,1989,HAS_LINK_TO
12,1,1702,HAS_LINK_TO
12,1,2045,HAS_LINK_TO
12,1,838,HAS_LINK_TO
12,1,2989,HAS_LINK_TO
12,1,3516,HAS_LINK_TO
12,1,3894,HAS_LINK_TO
12,1,463,HAS_LINK_TO
12,1,1210,HAS_LINK_TO
12,1,2256,HAS_LINK_TO
12,1,3424,HAS_LINK_TO
12,1,32,HAS_LINK_TO
12,1,1608,HAS_LINK_TO
12,1,4486,HAS_LINK_TO
12,1,3558,HAS_LINK_TO
12,1,111,HAS_LINK_TO
12,1,2805,HAS_LINK_TO
12,1,759,HAS_LINK_TO
12,1,3884,HAS_LINK_TO
12,1,1157,HAS_LINK_TO
12,1,37,HAS_LINK_TO
12,1,3426,HAS_LINK_TO
12,1,3557,HAS_LINK_TO
12,1,2524,HAS_LINK_TO
12,1,657,HAS_LINK_TO
12,1,3860,HAS_LINK_TO
12,1,4410,HAS_LINK_TO
12,1,80,HAS_LINK_TO
12,1,42,HAS_LINK_TO
12,1,1745,HAS_LINK_TO
12,1,71,HAS_LINK_TO
12,1,2252,HAS_LINK_TO
12,1,509,HAS_LINK_TO
12,1,353,HAS_LINK_TO
12,1,826,HAS_LINK_TO
12,1,2305,HAS_LINK_TO
12,1,633,HAS_LINK_TO
12,1,757,HAS_LINK_TO
12,1,2440,HAS_LINK_TO
12,1,4221,HAS_LINK_TO
12,1,15,HAS_LINK_TO
12,1,1673,HAS_LINK_TO
12,1,3738,HAS_LINK_TO
12,1,713,HAS_LINK_TO
12,1,2665,HAS_LINK_TO
12,1,2673,HAS_LINK_TO
12,1,630,HAS_LINK_TO
12,1,895,HAS_LINK_TO
12,1,2674,HAS_LINK_TO
12,1,1581,HAS_LINK_TO
12,1,2878,HAS_LINK_TO
12,1,2249,HAS_LINK_TO
12,1,1513,HAS_LINK_TO
12,1,2700,HAS_LINK_TO
12,1,2308,HAS_LINK_TO
12,1,1459,HAS_LINK_TO
12,1,2280,HAS_LINK_TO
12,1,2451,HAS_LINK_TO
12,1,4427,HAS_LINK_TO
12,1,1833,HAS_LINK_TO
12,1,758,HAS_LINK_TO
12,1,1742,HAS_LINK_TO
12,1,3033,HAS_LINK_TO
12,1,3073,HAS_LINK_TO
12,1,389,HAS_LINK_TO
12,1,3201,HAS_LINK_TO
12,1,30,HAS_LINK_TO
12,1,369,HAS_LINK_TO
12,1,1213,HAS_LINK_TO
12,1,1140,HAS_LINK_TO
12,1,3066,HAS_LINK_TO
12,1,2217,HAS_LINK_TO
12,1,418,HAS_LINK_TO
12,1,4405,HAS_LINK_TO
12,1,4547,HAS_LINK_TO
12,1,1940,HAS_LINK_TO
12,1,851,HAS_LINK_TO
12,1,2876,HAS_LINK_TO
12,1,3222,HAS_LINK_TO
12,1,1676,HAS_LINK_TO
12,1,1675,HAS_LINK_TO
12,1,469,HAS_LINK_TO
12,1,3070,HAS_LINK_TO
12,1,383,HAS_LINK_TO
12,1,3034,HAS_LINK_TO
12,1,3528,HAS_LINK_TO
12,1,4187,HAS_LINK_TO
12,1,3064,HAS_LINK_TO
12,1,3561,HAS_LINK_TO
12,1,1171,HAS_LINK_TO
12,1,2676,HAS_LINK_TO
12,1,4193,HAS_LINK_TO
12,1,1042,HAS_LINK_TO
12,1,1094,HAS_LINK_TO
12,1,18,HAS_LINK_TO
12,1,4156,HAS_LINK_TO
12,1,1654,HAS_LINK_TO
12,1,2705,HAS_LINK_TO
12,1,3129,HAS_LINK_TO
12,1,1774,HAS_LINK_TO
12,1,4345,HAS_LINK_TO
12,1,1172,HAS_LINK_TO
12,1,4213,HAS_LINK_TO
12,1,752,HAS_LINK_TO
12,1,39,HAS_LINK_TO
12,1,3016,HAS_LINK_TO
12,1,3413,HAS_LINK_TO
12,1,1040,HAS_LINK_TO
12,1,58,HAS_LINK_TO
12,1,2345,HAS_LINK_TO
12,1,2036,HAS_LINK_TO
12,1,1279,HAS_LINK_TO
12,1,3047,HAS_LINK_TO
12,1,4301,HAS_LINK_TO
12,1,4608,HAS_LINK_TO
12,1,20,HAS_LINK_TO
12,1,4324,HAS_LINK_TO
12,1,1479,HAS_LINK_TO
12,1,4361,HAS_LINK_TO
12,1,1519,HAS_LINK_TO
12,1,3974,HAS_LINK_TO
12,1,3032,HAS_LINK_TO
12,1,809,HAS_LINK_TO
12,1,4152,HAS_LINK_TO
12,1,2958,HAS_LINK_TO
12,1,310,HAS_LINK_TO
12,1,1992,HAS_LINK_TO
12,1,1288,HAS_LINK_TO
12,1,2261,HAS_LINK_TO
12,1,2689,HAS_LINK_TO
12,1,2030,HAS_LINK_TO
12,1,1566,HAS_LINK_TO
12,1,3207,HAS_LINK_TO
12,1,3926,HAS_LINK_TO
12,1,3851,HAS_LINK_TO
12,1,3065,HAS_LINK_TO
12,1,763,HAS_LINK_TO
12,1,2132,HAS_LINK_TO
12,1,498,HAS_LINK_TO
12,1,2343,HAS_LINK_TO
12,1,81,HAS_LINK_TO
12,1,1272,HAS_LINK_TO
12,1,3184,HAS_LINK_TO
12,1,4136,HAS_LINK_TO
12,1,493,HAS_LINK_TO
12,1,1416,HAS_LINK_TO
12,1,351,HAS_LINK_TO
12,1,1807,HAS_LINK_TO
12,1,1890,HAS_LINK_TO
12,1,67,HAS_LINK_TO
12,1,25,HAS_LINK_TO
12,1,2093,HAS_LINK_TO
12,1,1135,HAS_LINK_TO
12,1,2033,HAS_LINK_TO
12,1,604,HAS_LINK_TO
12,1,439,HAS_LINK_TO
12,1,4586,HAS_LINK_TO
12,1,2428,HAS_LINK_TO
12,1,2500,HAS_LINK_TO
12,1,2711,HAS_LINK_TO
12,1,3468,HAS_LINK_TO
12,1,85,HAS_LINK_TO
12,1,4145,HAS_LINK_TO
12,1,3793,HAS_LINK_TO
12,1,976,HAS_LINK_TO
12,1,1011,HAS_LINK_TO
12,1,1858,HAS_LINK_TO
12,1,3674,HAS_LINK_TO
12,1,864,HAS_LINK_TO
12,1,574,HAS_LINK_TO
12,1,4564,HAS_LINK_TO
12,1,45,HAS_LINK_TO
12,1,1918,HAS_LINK_TO
12,1,559,HAS_LINK_TO
12,1,63,HAS_LINK_TO
12,1,3187,HAS_LINK_TO
12,1,2014,HAS_LINK_TO
12,1,2434,HAS_LINK_TO
12,1,1394,HAS_LINK_TO
12,1,3431,HAS_LINK_TO
12,1,2277,HAS_LINK_TO
12,1,1672,HAS_LINK_TO
12,1,846,HAS_LINK_TO
12,1,1970,HAS_LINK_TO
12,1,2156,HAS_LINK_TO
12,1,2875,HAS_LINK_TO
12,1,2628,HAS_LINK_TO
12,1,2960,HAS_LINK_TO
12,1,2898,HAS_LINK_TO
12,1,2205,HAS_LINK_TO
12,1,3756,HAS_LINK_TO
12,1,4028,HAS_LINK_TO
12,1,2821,HAS_LINK_TO
12,1,49,HAS_LINK_TO
12,1,990,HAS_LINK_TO
12,1,1846,HAS_LINK_TO
12,1,4488,HAS_LINK_TO
12,1,3018,HAS_LINK_TO
12,1,2955,HAS_LINK_TO
12,1,2304,HAS_LINK_TO
12,1,808,HAS_LINK_TO
12,1,2918,HAS_LINK_TO
12,1,970,HAS_LINK_TO
12,1,2230,HAS_LINK_TO
12,1,1772,HAS_LINK_TO
12,1,4024,HAS_LINK_TO
12,1,292,HAS_LINK_TO
12,1,3790,HAS_LINK_TO
12,1,3074,HAS_LINK_TO
12,1,1900,HAS_LINK_TO
12,1,1386,HAS_LINK_TO
12,1,3676,HAS_LINK_TO
12,1,2538,HAS_LINK_TO
12,1,4367,HAS_LINK_TO
12,1,4639,HAS_LINK_TO
12,1,2316,HAS_LINK_TO
12,1,1682,HAS_LINK_TO
12,1,1391,HAS_LINK_TO
12,1,2916,HAS_LINK_TO
12,1,1845,HAS_LINK_TO
12,1,3525,HAS_LINK_TO
12,1,2666,HAS_LINK_TO
12,1,3690,HAS_LINK_TO
12,1,65,HAS_LINK_TO
12,1,87,HAS_LINK_TO
12,1,3206,HAS_LINK_TO
12,1,420,HAS_LINK_TO
12,1,2166,HAS_LINK_TO
12,1,1738,HAS_LINK_TO
12,1,2119,HAS_LINK_TO
12,1,3444,HAS_LINK_TO
12,1,3442,HAS_LINK_TO
12,1,1308,HAS_LINK_TO
12,1,3803,HAS_LINK_TO
12,1,1069,HAS_LINK_TO
12,1,2083,HAS_LINK_TO
12,1,4641,HAS_LINK_TO
12,1,3711,HAS_LINK_TO
12,1,4141,HAS_LINK_TO
12,1,770,HAS_LINK_TO
12,1,2302,HAS_LINK_TO
12,1,2702,HAS_LINK_TO
12,1,3833,HAS_LINK_TO
12,1,4317,HAS_LINK_TO
12,1,1090,HAS_LINK_TO
12,1,3087,HAS_LINK_TO
12,1,312,HAS_LINK_TO
12,1,2808,HAS_LINK_TO
12,1,1478,HAS_LINK_TO
12,1,4362,HAS_LINK_TO
12,1,4553,HAS_LINK_TO
12,1,930,HAS_LINK_TO
12,1,2658,HAS_LINK_TO
12,1,769,HAS_LINK_TO
12,1,589,HAS_LINK_TO
12,1,1821,HAS_LINK_TO
12,1,4465,HAS_LINK_TO
12,1,4360,HAS_LINK_TO
12,1,4325,HAS_LINK_TO
12,1,2253,HAS_LINK_TO
12,1,1853,HAS_LINK_TO
12,1,1427,HAS_LINK_TO
12,1,4181,HAS_LINK_TO
12,1,3719,HAS_LINK_TO
12,1,1820,HAS_LINK_TO
12,1,3620,HAS_LINK_TO
12,1,2839,HAS_LINK_TO
12,1,1207,HAS_LINK_TO
12,1,3061,HAS_LINK_TO
12,1,1887,HAS_LINK_TO
12,1,3966,HAS_LINK_TO
12,1,148,HAS_LINK_TO
12,1,1303,HAS_LINK_TO
12,1,72,HAS_LINK_TO
12,1,56,HAS_LINK_TO
12,1,4579,HAS_LINK_TO
12,1,1440,HAS_LINK_TO
12,1,3831,HAS_LINK_TO
12,1,4264,HAS_LINK_TO
12,1,2292,HAS_LINK_TO
12,1,4569,HAS_LINK_TO
12,1,3031,HAS_LINK_TO
12,1,2028,HAS_LINK_TO
12,1,2,HAS_LINK_TO
12,1,2474,HAS_LINK_TO
12,1,2563,HAS_LINK_TO
12,1,3474,HAS_LINK_TO
12,1,1034,HAS_LINK_TO
12,1,1909,HAS_LINK_TO
12,1,507,HAS_LINK_TO
12,1,789,HAS_LINK_TO
12,1,3472,HAS_LINK_TO
12,1,2133,HAS_LINK_TO
12,1,2899,HAS_LINK_TO
12,1,1950,HAS_LINK_TO
12,1,434,HAS_LINK_TO
12,1,3200,HAS_LINK_TO
12,1,3703,HAS_LINK_TO
12,1,278,HAS_LINK_TO
12,1,2661,HAS_LINK_TO
12,1,116,HAS_LINK_TO
12,1,735,HAS_LINK_TO
12,1,3574,HAS_LINK_TO
12,1,23,HAS_LINK_TO
12,1,3858,HAS_LINK_TO
12,1,3383,HAS_LINK_TO
12,1,2681,HAS_LINK_TO
12,1,3713,HAS_LINK_TO
12,1,4137,HAS_LINK_TO
12,1,1842,HAS_LINK_TO
12,1,395,HAS_LINK_TO
12,1,1617,HAS_LINK_TO
12,1,2634,HAS_LINK_TO
12,1,3465,HAS_LINK_TO
12,1,834,HAS_LINK_TO
12,1,922,HAS_LINK_TO
12,1,2298,HAS_LINK_TO
12,1,3435,HAS_LINK_TO
12,1,2704,HAS_LINK_TO
12,1,4421,HAS_LINK_TO
12,1,7,HAS_LINK_TO
12,1,1136,HAS_LINK_TO
12,1,510,HAS_LINK_TO
12,1,76,HAS_LINK_TO
12,1,606,HAS_LINK_TO
12,1,533,HAS_LINK_TO
12,1,3799,HAS_LINK_TO
12,1,3955,HAS_LINK_TO
12,1,4185,HAS_LINK_TO
12,1,4276,HAS_LINK_TO
12,1,3746,HAS_LINK_TO
12,1,140,HAS_LINK_TO
12,1,4130,HAS_LINK_TO
12,1,4398,HAS_LINK_TO
12,1,57,HAS_LINK_TO
12,1,3428,HAS_LINK_TO
12,1,3099,HAS_LINK_TO
12,1,2246,HAS_LINK_TO
12,1,1972,HAS_LINK_TO
12,1,3052,HAS_LINK_TO
12,1,1691,HAS_LINK_TO
12,1,600,HAS_LINK_TO
12,1,825,HAS_LINK_TO
12,1,302,HAS_LINK_TO
12,1,3050,HAS_LINK_TO
12,1,4184,HAS_LINK_TO
12,1,2171,HAS_LINK_TO
12,1,525,HAS_LINK_TO
12,1,4157,HAS_LINK_TO
12,1,767,HAS_LINK_TO
12,1,2994,HAS_LINK_TO
12,1,3796,HAS_LINK_TO
12,1,3235,HAS_LINK_TO
12,1,3655,HAS_LINK_TO
12,1,4307,HAS_LINK_TO
12,1,3704,HAS_LINK_TO
12,1,3937,HAS_LINK_TO
12,1,3387,HAS_LINK_TO
12,1,4503,HAS_LINK_TO
12,1,2818,HAS_LINK_TO
12,1,2925,HAS_LINK_TO
12,1,4298,HAS_LINK_TO
12,1,4134,HAS_LINK_TO
12,1,3143,HAS_LINK_TO
12,1,2943,HAS_LINK_TO
12,1,2809,HAS_LINK_TO
12,1,905,HAS_LINK_TO
12,1,1477,HAS_LINK_TO
12,1,2037,HAS_LINK_TO
12,1,3996,HAS_LINK_TO
12,1,2530,HAS_LINK_TO
12,1,1276,HAS_LINK_TO
12,1,4610,HAS_LINK_TO
12,1,4575,HAS_LINK_TO
12,1,3656,HAS_LINK_TO
12,1,861,HAS_LINK_TO
12,1,4433,HAS_LINK_TO
12,1,4487,HAS_LINK_TO
12,1,105,HAS_LINK_TO
12,1,474,HAS_LINK_TO
12,1,1000,HAS_LINK_TO
12,1,3180,HAS_LINK_TO
12,1,2901,HAS_LINK_TO
12,1,3802,HAS_LINK_TO
12,1,3049,HAS_LINK_TO
12,1,272,HAS_LINK_TO
12,1,1781,HAS_LINK_TO
12,1,3477,HAS_LINK_TO
12,1,215,HAS_LINK_TO
12,1,996,HAS_LINK_TO
12,1,470,HAS_LINK_TO
12,1,3473,HAS_LINK_TO
12,1,1884,HAS_LINK_TO
12,1,4108,HAS_LINK_TO
12,1,4012,HAS_LINK_TO
12,1,247,HAS_LINK_TO
12,1,3751,HAS_LINK_TO
12,1,3944,HAS_LINK_TO
12,1,3938,HAS_LINK_TO
12,1,1567,HAS_LINK_TO
12,1,2816,HAS_LINK_TO
12,1,4416,HAS_LINK_TO
12,1,50,HAS_LINK_TO
12,1,2397,HAS_LINK_TO
12,1,3425,HAS_LINK_TO
12,1,3026,HAS_LINK_TO
12,1,4211,HAS_LINK_TO
12,1,1045,HAS_LINK_TO
12,1,3117,HAS_LINK_TO
12,1,3422,HAS_LINK_TO
12,1,3904,HAS_LINK_TO
12,1,41,HAS_LINK_TO
12,1,2923,HAS_LINK_TO
12,1,621,HAS_LINK_TO
12,1,1993,HAS_LINK_TO
12,1,2698,HAS_LINK_TO
12,1,4320,HAS_LINK_TO
12,1,2557,HAS_LINK_TO
12,1,2209,HAS_LINK_TO
12,1,445,HAS_LINK_TO
12,1,3481,HAS_LINK_TO
12,1,2877,HAS_LINK_TO
12,1,3542,HAS_LINK_TO
12,1,665,HAS_LINK_TO
12,1,4143,HAS_LINK_TO
12,1,3991,HAS_LINK_TO
12,1,1688,HAS_LINK_TO
12,1,103,HAS_LINK_TO
12,1,3035,HAS_LINK_TO
12,1,4248,HAS_LINK_TO
12,1,3801,HAS_LINK_TO
12,1,2043,HAS_LINK_TO
12,1,1497,HAS_LINK_TO
12,1,3758,HAS_LINK_TO
12,1,1462,HAS_LINK_TO
12,1,2406,HAS_LINK_TO
12,1,59,HAS_LINK_TO
12,1,3979,HAS_LINK_TO
12,1,1406,HAS_LINK_TO
12,1,2435,HAS_LINK_TO
12,1,1486,HAS_LINK_TO
12,1,3466,HAS_LINK_TO
12,1,4043,HAS_LINK_TO
12,1,1217,HAS_LINK_TO
12,1,3210,HAS_LINK_TO
12,1,2873,HAS_LINK_TO
12,1,225,HAS_LINK_TO
12,1,2041,HAS_LINK_TO
12,1,2941,HAS_LINK_TO
12,1,827,HAS_LINK_TO
12,1,992,HAS_LINK_TO
12,1,43,HAS_LINK_TO
12,1,4351,HAS_LINK_TO
12,1,605,HAS_LINK_TO
12,1,2009,HAS_LINK_TO
12,1,2742,HAS_LINK_TO
12,1,2953,HAS_LINK_TO
12,1,515,HAS_LINK_TO
12,1,26,HAS_LINK_TO
12,1,4229,HAS_LINK_TO
12,1,2825,HAS_LINK_TO
12,1,8,HAS_LINK_TO
12,1,2054,HAS_LINK_TO
12,1,1444,HAS_LINK_TO
12,1,1419,HAS_LINK_TO
12,1,966,HAS_LINK_TO
12,1,2701,HAS_LINK_TO
12,1,4413,HAS_LINK_TO
12,1,658,HAS_LINK_TO
12,1,3004,HAS_LINK_TO
12,1,2278,HAS_LINK_TO
12,1,36,HAS_LINK_TO
12,1,46,HAS_LINK_TO
12,1,3941,HAS_LINK_TO
12,1,2986,HAS_LINK_TO
12,1,1274,HAS_LINK_TO
12,1,2868,HAS_LINK_TO
12,1,1220,HAS_LINK_TO
12,1,690,HAS_LINK_TO
12,1,4126,HAS_LINK_TO
12,1,24,HAS_LINK_TO
12,1,594,HAS_LINK_TO
12,1,2147,HAS_LINK_TO
12,1,4319,HAS_LINK_TO
12,1,714,HAS_LINK_TO
12,1,40,HAS_LINK_TO
12,1,717,HAS_LINK_TO
12,1,673,HAS_LINK_TO
12,1,3798,HAS_LINK_TO
12,1,323,HAS_LINK_TO
12,1,4029,HAS_LINK_TO
12,1,564,HAS_LINK_TO
12,1,3962,HAS_LINK_TO
12,1,4206,HAS_LINK_TO
12,1,14,HAS_LINK_TO
12,1,4214,HAS_LINK_TO
12,1,4217,HAS_LINK_TO
12,1,2026,HAS_LINK_TO
12,1,2424,HAS_LINK_TO
12,1,3084,HAS_LINK_TO
12,1,22,HAS_LINK_TO
12,1,4335,HAS_LINK_TO
12,1,2798,HAS_LINK_TO
12,1,1869,HAS_LINK_TO
12,1,2773,HAS_LINK_TO
12,1,157,HAS_LINK_TO
12,1,4521,HAS_LINK_TO
12,1,1948,HAS_LINK_TO
12,1,3037,HAS_LINK_TO
12,1,3069,HAS_LINK_TO
12,1,3057,HAS_LINK_TO
12,1,388,HAS_LINK_TO
12,1,3384,HAS_LINK_TO
12,1,47,HAS_LINK_TO
12,1,70,HAS_LINK_TO
12,1,1302,HAS_LINK_TO
12,1,4375,HAS_LINK_TO
12,1,2924,HAS_LINK_TO
12,1,2399,HAS_LINK_TO
12,1,16,HAS_LINK_TO
12,1,1027,HAS_LINK_TO
12,1,2077,HAS_LINK_TO
12,1,1549,HAS_LINK_TO
12,1,3514,HAS_LINK_TO
12,1,3989,HAS_LINK_TO
12,1,2421,HAS_LINK_TO
12,1,2921,HAS_LINK_TO
12,1,612,HAS_LINK_TO
12,1,1410,HAS_LINK_TO
12,1,2409,HAS_LINK_TO
12,1,1281,HAS_LINK_TO
12,1,517,HAS_LINK_TO
12,1,2635,HAS_LINK_TO
12,1,276,HAS_LINK_TO
12,1,2963,HAS_LINK_TO
12,1,27,HAS_LINK_TO
12,1,4412,HAS_LINK_TO
12,1,2657,HAS_LINK_TO
12,1,1278,HAS_LINK_TO
12,1,1158,HAS_LINK_TO
12,1,2247,HAS_LINK_TO
12,1,3204,HAS_LINK_TO
12,1,1253,HAS_LINK_TO
12,1,3743,HAS_LINK_TO
12,1,2044,HAS_LINK_TO
12,1,1975,HAS_LINK_TO
12,1,1316,HAS_LINK_TO
12,1,1573,HAS_LINK_TO
12,1,3471,HAS_LINK_TO
12,1,4530,HAS_LINK_TO
12,1,824,HAS_LINK_TO
12,1,3817,HAS_LINK_TO
12,1,3744,HAS_LINK_TO
12,1,4054,HAS_LINK_TO
12,1,4051,HAS_LINK_TO
12,1,719,HAS_LINK_TO
12,1,315,HAS_LINK_TO
12,1,3936,HAS_LINK_TO
12,1,806,HAS_LINK_TO
12,1,2627,HAS_LINK_TO
12,1,3515,HAS_LINK_TO
12,1,652,HAS_LINK_TO
12,1,1176,HAS_LINK_TO
12,1,1404,HAS_LINK_TO
12,1,3683,HAS_LINK_TO
12,1,3001,HAS_LINK_TO
12,1,1191,HAS_LINK_TO
12,1,503,HAS_LINK_TO
12,1,2922,HAS_LINK_TO
12,1,2978,HAS_LINK_TO
12,1,77,HAS_LINK_TO
12,1,2765,HAS_LINK_TO
12,1,3450,HAS_LINK_TO
12,1,4035,HAS_LINK_TO
12,1,4138,HAS_LINK_TO
12,1,1129,HAS_LINK_TO
12,1,2104,HAS_LINK_TO
12,1,156,HAS_LINK_TO
12,1,526,HAS_LINK_TO
12,1,112,HAS_LINK_TO
12,1,1370,HAS_LINK_TO
12,1,4435,HAS_LINK_TO
12,1,115,HAS_LINK_TO
12,1,4442,HAS_LINK_TO
12,1,3809,HAS_LINK_TO
12,1,1737,HAS_LINK_TO
12,1,60,HAS_LINK_TO
12,1,4466,HAS_LINK_TO
12,1,3857,HAS_LINK_TO
12,1,454,HAS_LINK_TO
12,1,1380,HAS_LINK_TO
12,1,2815,HAS_LINK_TO
12,1,1575,HAS_LINK_TO
12,1,3202,HAS_LINK_TO
12,1,691,HAS_LINK_TO
12,1,1075,HAS_LINK_TO
12,1,2407,HAS_LINK_TO
12,1,3887,HAS_LINK_TO
12,1,1495,HAS_LINK_TO
12,1,2163,HAS_LINK_TO
12,1,3861,HAS_LINK_TO
12,1,4571,HAS_LINK_TO
12,1,1388,HAS_LINK_TO
12,1,3432,HAS_LINK_TO
12,1,2055,HAS_LINK_TO
12,1,3577,HAS_LINK_TO
12,1,84,HAS_LINK_TO
12,1,1014,HAS_LINK_TO
12,1,933,HAS_LINK_TO
12,1,3679,HAS_LINK_TO
12,1,1249,HAS_LINK_TO
12,1,980,HAS_LINK_TO
12,1,3555,HAS_LINK_TO
12,1,4336,HAS_LINK_TO
12,1,377,HAS_LINK_TO
12,1,3835,HAS_LINK_TO
12,1,1990,HAS_LINK_TO
12,1,29,HAS_LINK_TO
12,1,1787,HAS_LINK_TO
12,1,3381,HAS_LINK_TO
12,1,3527,HAS_LINK_TO
12,1,887,HAS_LINK_TO
12,1,1611,HAS_LINK_TO
12,1,1580,HAS_LINK_TO
12,1,9,HAS_LINK_TO
12,1,2675,HAS_LINK_TO
12,1,2970,HAS_LINK_TO
12,1,4568,HAS_LINK_TO
12,1,836,HAS_LINK_TO
12,1,3,HAS_LINK_TO
12,1,1591,HAS_LINK_TO
12,1,4371,HAS_LINK_TO
12,1,1850,HAS_LINK_TO
12,1,3680,HAS_LINK_TO
12,1,929,HAS_LINK_TO
12,1,4198,HAS_LINK_TO
12,1,2064,HAS_LINK_TO
12,1,2262,HAS_LINK_TO
12,1,2415,HAS_LINK_TO
12,1,2935,HAS_LINK_TO
12,1,2762,HAS_LINK_TO
12,1,928,HAS_LINK_TO
12,1,3896,HAS_LINK_TO
12,1,974,HAS_LINK_TO
12,1,2090,HAS_LINK_TO
12,1,4517,HAS_LINK_TO
12,1,4533,HAS_LINK_TO
12,1,4621,HAS_LINK_TO
12,1,3040,HAS_LINK_TO
12,1,2533,HAS_LINK_TO
12,1,4540,HAS_LINK_TO
12,1,1592,HAS_LINK_TO
12,1,108,HAS_LINK_TO
12,1,4356,HAS_LINK_TO
12,1,1837,HAS_LINK_TO
12,1,2654,HAS_LINK_TO
12,1,268,HAS_LINK_TO
12,1,1638,HAS_LINK_TO
12,1,208,HAS_LINK_TO
12,1,3633,HAS_LINK_TO
13,1,6,HAS_LINK_TO
13,1,53,HAS_LINK_TO
13,1,60,HAS_LINK_TO
13,1,2839,HAS_LINK_TO
13,1,20,HAS_LINK_TO
13,1,49,HAS_LINK_TO
13,1,72,HAS_LINK_TO
13,1,56,HAS_LINK_TO
13,1,4,HAS_LINK_TO
13,1,21,HAS_LINK_TO
13,1,35,HAS_LINK_TO
13,1,28,HAS_LINK_TO
13,1,33,HAS_LINK_TO
13,1,38,HAS_LINK_TO
13,1,2,HAS_LINK_TO
13,1,47,HAS_LINK_TO
13,1,70,HAS_LINK_TO
13,1,871,HAS_LINK_TO
13,1,4375,HAS_LINK_TO
13,1,16,HAS_LINK_TO
13,1,64,HAS_LINK_TO
13,1,62,HAS_LINK_TO
13,1,59,HAS_LINK_TO
13,1,75,HAS_LINK_TO
13,1,31,HAS_LINK_TO
13,1,30,HAS_LINK_TO
13,1,73,HAS_LINK_TO
13,1,74,HAS_LINK_TO
13,1,48,HAS_LINK_TO
13,1,34,HAS_LINK_TO
13,1,43,HAS_LINK_TO
13,1,55,HAS_LINK_TO
13,1,10,HAS_LINK_TO
13,1,11,HAS_LINK_TO
13,1,81,HAS_LINK_TO
13,1,27,HAS_LINK_TO
13,1,23,HAS_LINK_TO
13,1,869,HAS_LINK_TO
13,1,26,HAS_LINK_TO
13,1,51,HAS_LINK_TO
13,1,8,HAS_LINK_TO
13,1,19,HAS_LINK_TO
13,1,65,HAS_LINK_TO
13,1,32,HAS_LINK_TO
13,1,67,HAS_LINK_TO
13,1,1,HAS_LINK_TO
13,1,25,HAS_LINK_TO
13,1,29,HAS_LINK_TO
13,1,66,HAS_LINK_TO
13,1,9,HAS_LINK_TO
13,1,7,HAS_LINK_TO
13,1,76,HAS_LINK_TO
13,1,3,HAS_LINK_TO
13,1,68,HAS_LINK_TO
13,1,79,HAS_LINK_TO
13,1,44,HAS_LINK_TO
13,1,5,HAS_LINK_TO
13,1,36,HAS_LINK_TO
13,1,37,HAS_LINK_TO
13,1,46,HAS_LINK_TO
13,1,78,HAS_LINK_TO
13,1,24,HAS_LINK_TO
13,1,57,HAS_LINK_TO
13,1,80,HAS_LINK_TO
13,1,18,HAS_LINK_TO
13,1,42,HAS_LINK_TO
13,1,17,HAS_LINK_TO
13,1,12,HAS_LINK_TO
13,1,71,HAS_LINK_TO
13,1,40,HAS_LINK_TO
13,1,45,HAS_LINK_TO
13,1,50,HAS_LINK_TO
13,1,63,HAS_LINK_TO
13,1,77,HAS_LINK_TO
13,1,2575,HAS_LINK_TO
13,1,15,HAS_LINK_TO
13,1,14,HAS_LINK_TO
13,1,39,HAS_LINK_TO
13,1,69,HAS_LINK_TO
13,1,54,HAS_LINK_TO
13,1,2576,HAS_LINK_TO
13,1,61,HAS_LINK_TO
13,1,22,HAS_LINK_TO
13,1,41,HAS_LINK_TO
13,1,52,HAS_LINK_TO
13,1,58,HAS_LINK_TO
14,1,6,HAS_LINK_TO
14,1,53,HAS_LINK_TO
14,1,60,HAS_LINK_TO
14,1,2839,HAS_LINK_TO
14,1,20,HAS_LINK_TO
14,1,49,HAS_LINK_TO
14,1,72,HAS_LINK_TO
14,1,56,HAS_LINK_TO
14,1,4,HAS_LINK_TO
14,1,21,HAS_LINK_TO
14,1,35,HAS_LINK_TO
14,1,28,HAS_LINK_TO
14,1,33,HAS_LINK_TO
14,1,38,HAS_LINK_TO
14,1,2,HAS_LINK_TO
14,1,47,HAS_LINK_TO
14,1,70,HAS_LINK_TO
14,1,871,HAS_LINK_TO
14,1,4375,HAS_LINK_TO
14,1,16,HAS_LINK_TO
14,1,64,HAS_LINK_TO
14,1,62,HAS_LINK_TO
14,1,59,HAS_LINK_TO
14,1,75,HAS_LINK_TO
14,1,31,HAS_LINK_TO
14,1,30,HAS_LINK_TO
14,1,73,HAS_LINK_TO
14,1,74,HAS_LINK_TO
14,1,48,HAS_LINK_TO
14,1,34,HAS_LINK_TO
14,1,43,HAS_LINK_TO
14,1,55,HAS_LINK_TO
14,1,10,HAS_LINK_TO
14,1,11,HAS_LINK_TO
14,1,81,HAS_LINK_TO
14,1,27,HAS_LINK_TO
14,1,23,HAS_LINK_TO
14,1,869,HAS_LINK_TO
14,1,26,HAS_LINK_TO
14,1,51,HAS_LINK_TO
14,1,8,HAS_LINK_TO
14,1,19,HAS_LINK_TO
14,1,65,HAS_LINK_TO
14,1,32,HAS_LINK_TO
14,1,67,HAS_LINK_TO
14,1,1,HAS_LINK_TO
14,1,25,HAS_LINK_TO
14,1,29,HAS_LINK_TO
14,1,66,HAS_LINK_TO
14,1,9,HAS_LINK_TO
14,1,13,HAS_LINK_TO
14,1,7,HAS_LINK_TO
14,1,76,HAS_LINK_TO
14,1,3,HAS_LINK_TO
14,1,68,HAS_LINK_TO
14,1,79,HAS_LINK_TO
14,1,44,HAS_LINK_TO
14,1,5,HAS_LINK_TO
14,1,36,HAS_LINK_TO
14,1,37,HAS_LINK_TO
14,1,46,HAS_LINK_TO
14,1,78,HAS_LINK_TO
14,1,24,HAS_LINK_TO
14,1,57,HAS_LINK_TO
14,1,80,HAS_LINK_TO
14,1,18,HAS_LINK_TO
14,1,42,HAS_LINK_TO
14,1,17,HAS_LINK_TO
14,1,12,HAS_LINK_TO
14,1,71,HAS_LINK_TO
14,1,40,HAS_LINK_TO
14,1,45,HAS_LINK_TO
14,1,50,HAS_LINK_TO
14,1,63,HAS_LINK_TO
14,1,77,HAS_LINK_TO
14,1,2575,HAS_LINK_TO
14,1,15,HAS_LINK_TO
14,1,39,HAS_LINK_TO
14,1,69,HAS_LINK_TO
14,1,54,HAS_LINK_TO
14,1,2576,HAS_LINK_TO
14,1,61,HAS_LINK_TO
14,1,22,HAS_LINK_TO
14,1,41,HAS_LINK_TO
14,1,52,HAS_LINK_TO
14,1,58,HAS_LINK_TO
15,1,6,HAS_LINK_TO
15,1,53,HAS_LINK_TO
15,1,60,HAS_LINK_TO
15,1,2839,HAS_LINK_TO
15,1,20,HAS_LINK_TO
15,1,49,HAS_LINK_TO
15,1,72,HAS_LINK_TO
15,1,56,HAS_LINK_TO
15,1,4,HAS_LINK_TO
15,1,21,HAS_LINK_TO
15,1,35,HAS_LINK_TO
15,1,28,HAS_LINK_TO
15,1,33,HAS_LINK_TO
15,1,1688,HAS_LINK_TO
15,1,38,HAS_LINK_TO
15,1,2,HAS_LINK_TO
15,1,47,HAS_LINK_TO
15,1,70,HAS_LINK_TO
15,1,871,HAS_LINK_TO
15,1,4375,HAS_LINK_TO
15,1,16,HAS_LINK_TO
15,1,64,HAS_LINK_TO
15,1,62,HAS_LINK_TO
15,1,59,HAS_LINK_TO
15,1,75,HAS_LINK_TO
15,1,1989,HAS_LINK_TO
15,1,30,HAS_LINK_TO
15,1,31,HAS_LINK_TO
15,1,1596,HAS_LINK_TO
15,1,73,HAS_LINK_TO
15,1,74,HAS_LINK_TO
15,1,48,HAS_LINK_TO
15,1,34,HAS_LINK_TO
15,1,43,HAS_LINK_TO
15,1,55,HAS_LINK_TO
15,1,10,HAS_LINK_TO
15,1,11,HAS_LINK_TO
15,1,81,HAS_LINK_TO
15,1,27,HAS_LINK_TO
15,1,23,HAS_LINK_TO
15,1,869,HAS_LINK_TO
15,1,26,HAS_LINK_TO
15,1,51,HAS_LINK_TO
15,1,8,HAS_LINK_TO
15,1,19,HAS_LINK_TO
15,1,65,HAS_LINK_TO
15,1,32,HAS_LINK_TO
15,1,67,HAS_LINK_TO
15,1,1,HAS_LINK_TO
15,1,25,HAS_LINK_TO
15,1,29,HAS_LINK_TO
15,1,3518,HAS_LINK_TO
15,1,66,HAS_LINK_TO
15,1,9,HAS_LINK_TO
15,1,7,HAS_LINK_TO
15,1,13,HAS_LINK_TO
15,1,76,HAS_LINK_TO
15,1,3,HAS_LINK_TO
15,1,68,HAS_LINK_TO
15,1,79,HAS_LINK_TO
15,1,44,HAS_LINK_TO
15,1,5,HAS_LINK_TO
15,1,36,HAS_LINK_TO
15,1,37,HAS_LINK_TO
15,1,46,HAS_LINK_TO
15,1,78,HAS_LINK_TO
15,1,24,HAS_LINK_TO
15,1,57,HAS_LINK_TO
15,1,80,HAS_LINK_TO
15,1,18,HAS_LINK_TO
15,1,42,HAS_LINK_TO
15,1,17,HAS_LINK_TO
15,1,12,HAS_LINK_TO
15,1,71,HAS_LINK_TO
15,1,40,HAS_LINK_TO
15,1,45,HAS_LINK_TO
15,1,50,HAS_LINK_TO
15,1,63,HAS_LINK_TO
15,1,77,HAS_LINK_TO
15,1,2575,HAS_LINK_TO
15,1,14,HAS_LINK_TO
15,1,39,HAS_LINK_TO
15,1,69,HAS_LINK_TO
15,1,54,HAS_LINK_TO
15,1,354,HAS_LINK_TO
15,1,2576,HAS_LINK_TO
15,1,61,HAS_LINK_TO
15,1,844,HAS_LINK_TO
15,1,22,HAS_LINK_TO
15,1,41,HAS_LINK_TO
15,1,52,HAS_LINK_TO
15,1,58,HAS_LINK_TO
16,1,6,HAS_LINK_TO
16,1,53,HAS_LINK_TO
16,1,60,HAS_LINK_TO
16,1,2839,HAS_LINK_TO
16,1,20,HAS_LINK_TO
16,1,49,HAS_LINK_TO
16,1,72,HAS_LINK_TO
16,1,56,HAS_LINK_TO
16,1,4,HAS_LINK_TO
16,1,21,HAS_LINK_TO
16,1,35,HAS_LINK_TO
16,1,28,HAS_LINK_TO
16,1,33,HAS_LINK_TO
16,1,38,HAS_LINK_TO
16,1,2,HAS_LINK_TO
16,1,47,HAS_LINK_TO
16,1,70,HAS_LINK_TO
16,1,871,HAS_LINK_TO
16,1,4375,HAS_LINK_TO
16,1,64,HAS_LINK_TO
16,1,62,HAS_LINK_TO
16,1,59,HAS_LINK_TO
16,1,75,HAS_LINK_TO
16,1,31,HAS_LINK_TO
16,1,30,HAS_LINK_TO
16,1,73,HAS_LINK_TO
16,1,74,HAS_LINK_TO
16,1,48,HAS_LINK_TO
16,1,34,HAS_LINK_TO
16,1,43,HAS_LINK_TO
16,1,55,HAS_LINK_TO
16,1,10,HAS_LINK_TO
16,1,11,HAS_LINK_TO
16,1,81,HAS_LINK_TO
16,1,27,HAS_LINK_TO
16,1,23,HAS_LINK_TO
16,1,869,HAS_LINK_TO
16,1,26,HAS_LINK_TO
16,1,51,HAS_LINK_TO
16,1,8,HAS_LINK_TO
16,1,19,HAS_LINK_TO
16,1,65,HAS_LINK_TO
16,1,32,HAS_LINK_TO
16,1,67,HAS_LINK_TO
16,1,1,HAS_LINK_TO
16,1,25,HAS_LINK_TO
16,1,29,HAS_LINK_TO
16,1,66,HAS_LINK_TO
16,1,9,HAS_LINK_TO
16,1,7,HAS_LINK_TO
16,1,13,HAS_LINK_TO
16,1,76,HAS_LINK_TO
16,1,3,HAS_LINK_TO
16,1,68,HAS_LINK_TO
16,1,79,HAS_LINK_TO
16,1,44,HAS_LINK_TO
16,1,5,HAS_LINK_TO
16,1,36,HAS_LINK_TO
16,1,37,HAS_LINK_TO
16,1,46,HAS_LINK_TO
16,1,78,HAS_LINK_TO
16,1,24,HAS_LINK_TO
16,1,57,HAS_LINK_TO
16,1,80,HAS_LINK_TO
16,1,18,HAS_LINK_TO
16,1,42,HAS_LINK_TO
16,1,17,HAS_LINK_TO
16,1,12,HAS_LINK_TO
16,1,71,HAS_LINK_TO
16,1,40,HAS_LINK_TO
16,1,45,HAS_LINK_TO
16,1,50,HAS_LINK_TO
16,1,63,HAS_LINK_TO
16,1,77,HAS_LINK_TO
16,1,2575,HAS_LINK_TO
16,1,15,HAS_LINK_TO
16,1,14,HAS_LINK_TO
16,1,39,HAS_LINK_TO
16,1,69,HAS_LINK_TO
16,1,54,HAS_LINK_TO
16,1,2576,HAS_LINK_TO
16,1,61,HAS_LINK_TO
16,1,22,HAS_LINK_TO
16,1,41,HAS_LINK_TO
16,1,52,HAS_LINK_TO
16,1,58,HAS_LINK_TO
17,1,968,HAS_LINK_TO
17,1,4435,HAS_LINK_TO
17,1,6,HAS_LINK_TO
17,1,53,HAS_LINK_TO
17,1,60,HAS_LINK_TO
17,1,2839,HAS_LINK_TO
17,1,4503,HAS_LINK_TO
17,1,20,HAS_LINK_TO
17,1,1923,HAS_LINK_TO
17,1,1266,HAS_LINK_TO
17,1,49,HAS_LINK_TO
17,1,72,HAS_LINK_TO
17,1,56,HAS_LINK_TO
17,1,4,HAS_LINK_TO
17,1,21,HAS_LINK_TO
17,1,35,HAS_LINK_TO
17,1,2915,HAS_LINK_TO
17,1,28,HAS_LINK_TO
17,1,33,HAS_LINK_TO
17,1,4111,HAS_LINK_TO
17,1,3891,HAS_LINK_TO
17,1,38,HAS_LINK_TO
17,1,2,HAS_LINK_TO
17,1,47,HAS_LINK_TO
17,1,70,HAS_LINK_TO
17,1,871,HAS_LINK_TO
17,1,4375,HAS_LINK_TO
17,1,1802,HAS_LINK_TO
17,1,1934,HAS_LINK_TO
17,1,2555,HAS_LINK_TO
17,1,16,HAS_LINK_TO
17,1,2644,HAS_LINK_TO
17,1,2304,HAS_LINK_TO
17,1,1909,HAS_LINK_TO
17,1,64,HAS_LINK_TO
17,1,62,HAS_LINK_TO
17,1,59,HAS_LINK_TO
17,1,1288,HAS_LINK_TO
17,1,75,HAS_LINK_TO
17,1,3228,HAS_LINK_TO
17,1,1888,HAS_LINK_TO
17,1,31,HAS_LINK_TO
17,1,2421,HAS_LINK_TO
17,1,30,HAS_LINK_TO
17,1,3996,HAS_LINK_TO
17,1,73,HAS_LINK_TO
17,1,74,HAS_LINK_TO
17,1,1500,HAS_LINK_TO
17,1,48,HAS_LINK_TO
17,1,34,HAS_LINK_TO
17,1,43,HAS_LINK_TO
17,1,55,HAS_LINK_TO
17,1,10,HAS_LINK_TO
17,1,605,HAS_LINK_TO
17,1,11,HAS_LINK_TO
17,1,81,HAS_LINK_TO
17,1,27,HAS_LINK_TO
17,1,23,HAS_LINK_TO
17,1,869,HAS_LINK_TO
17,1,26,HAS_LINK_TO
17,1,51,HAS_LINK_TO
17,1,773,HAS_LINK_TO
17,1,3158,HAS_LINK_TO
17,1,3180,HAS_LINK_TO
17,1,8,HAS_LINK_TO
17,1,1264,HAS_LINK_TO
17,1,19,HAS_LINK_TO
17,1,65,HAS_LINK_TO
17,1,32,HAS_LINK_TO
17,1,67,HAS_LINK_TO
17,1,1,HAS_LINK_TO
17,1,25,HAS_LINK_TO
17,1,29,HAS_LINK_TO
17,1,66,HAS_LINK_TO
17,1,3153,HAS_LINK_TO
17,1,4486,HAS_LINK_TO
17,1,1579,HAS_LINK_TO
17,1,9,HAS_LINK_TO
17,1,7,HAS_LINK_TO
17,1,13,HAS_LINK_TO
17,1,76,HAS_LINK_TO
17,1,3,HAS_LINK_TO
17,1,68,HAS_LINK_TO
17,1,79,HAS_LINK_TO
17,1,44,HAS_LINK_TO
17,1,5,HAS_LINK_TO
17,1,36,HAS_LINK_TO
17,1,37,HAS_LINK_TO
17,1,46,HAS_LINK_TO
17,1,78,HAS_LINK_TO
17,1,1220,HAS_LINK_TO
17,1,24,HAS_LINK_TO
17,1,57,HAS_LINK_TO
17,1,80,HAS_LINK_TO
17,1,18,HAS_LINK_TO
17,1,1243,HAS_LINK_TO
17,1,42,HAS_LINK_TO
17,1,12,HAS_LINK_TO
17,1,71,HAS_LINK_TO
17,1,40,HAS_LINK_TO
17,1,45,HAS_LINK_TO
17,1,3866,HAS_LINK_TO
17,1,50,HAS_LINK_TO
17,1,63,HAS_LINK_TO
17,1,2509,HAS_LINK_TO
17,1,77,HAS_LINK_TO
17,1,2575,HAS_LINK_TO
17,1,4122,HAS_LINK_TO
17,1,752,HAS_LINK_TO
17,1,2440,HAS_LINK_TO
17,1,4221,HAS_LINK_TO
17,1,15,HAS_LINK_TO
17,1,14,HAS_LINK_TO
17,1,39,HAS_LINK_TO
17,1,69,HAS_LINK_TO
17,1,54,HAS_LINK_TO
17,1,2576,HAS_LINK_TO
17,1,61,HAS_LINK_TO
17,1,22,HAS_LINK_TO
17,1,41,HAS_LINK_TO
17,1,52,HAS_LINK_TO
17,1,58,HAS_LINK_TO
17,1,3154,HAS_LINK_TO
17,1,3990,HAS_LINK_TO
18,1,6,HAS_LINK_TO
18,1,53,HAS_LINK_TO
18,1,60,HAS_LINK_TO
18,1,2839,HAS_LINK_TO
18,1,20,HAS_LINK_TO
18,1,49,HAS_LINK_TO
18,1,72,HAS_LINK_TO
18,1,56,HAS_LINK_TO
18,1,4,HAS_LINK_TO
18,1,21,HAS_LINK_TO
18,1,35,HAS_LINK_TO
18,1,28,HAS_LINK_TO
18,1,33,HAS_LINK_TO
18,1,38,HAS_LINK_TO
18,1,2,HAS_LINK_TO
18,1,47,HAS_LINK_TO
18,1,70,HAS_LINK_TO
18,1,871,HAS_LINK_TO
18,1,4375,HAS_LINK_TO
18,1,16,HAS_LINK_TO
18,1,2450,HAS_LINK_TO
18,1,1949,HAS_LINK_TO
18,1,64,HAS_LINK_TO
18,1,62,HAS_LINK_TO
18,1,59,HAS_LINK_TO
18,1,75,HAS_LINK_TO
18,1,31,HAS_LINK_TO
18,1,2421,HAS_LINK_TO
18,1,30,HAS_LINK_TO
18,1,73,HAS_LINK_TO
18,1,74,HAS_LINK_TO
18,1,4019,HAS_LINK_TO
18,1,48,HAS_LINK_TO
18,1,34,HAS_LINK_TO
18,1,3636,HAS_LINK_TO
18,1,43,HAS_LINK_TO
18,1,55,HAS_LINK_TO
18,1,10,HAS_LINK_TO
18,1,11,HAS_LINK_TO
18,1,81,HAS_LINK_TO
18,1,27,HAS_LINK_TO
18,1,23,HAS_LINK_TO
18,1,869,HAS_LINK_TO
18,1,26,HAS_LINK_TO
18,1,51,HAS_LINK_TO
18,1,3158,HAS_LINK_TO
18,1,8,HAS_LINK_TO
18,1,19,HAS_LINK_TO
18,1,65,HAS_LINK_TO
18,1,32,HAS_LINK_TO
18,1,67,HAS_LINK_TO
18,1,1,HAS_LINK_TO
18,1,25,HAS_LINK_TO
18,1,29,HAS_LINK_TO
18,1,66,HAS_LINK_TO
18,1,3817,HAS_LINK_TO
18,1,9,HAS_LINK_TO
18,1,7,HAS_LINK_TO
18,1,13,HAS_LINK_TO
18,1,76,HAS_LINK_TO
18,1,3,HAS_LINK_TO
18,1,3163,HAS_LINK_TO
18,1,68,HAS_LINK_TO
18,1,79,HAS_LINK_TO
18,1,44,HAS_LINK_TO
18,1,5,HAS_LINK_TO
18,1,36,HAS_LINK_TO
18,1,37,HAS_LINK_TO
18,1,46,HAS_LINK_TO
18,1,78,HAS_LINK_TO
18,1,24,HAS_LINK_TO
18,1,57,HAS_LINK_TO
18,1,80,HAS_LINK_TO
18,1,42,HAS_LINK_TO
18,1,17,HAS_LINK_TO
18,1,12,HAS_LINK_TO
18,1,3459,HAS_LINK_TO
18,1,71,HAS_LINK_TO
18,1,40,HAS_LINK_TO
18,1,45,HAS_LINK_TO
18,1,4062,HAS_LINK_TO
18,1,50,HAS_LINK_TO
18,1,63,HAS_LINK_TO
18,1,2509,HAS_LINK_TO
18,1,77,HAS_LINK_TO
18,1,2575,HAS_LINK_TO
18,1,1674,HAS_LINK_TO
18,1,15,HAS_LINK_TO
18,1,14,HAS_LINK_TO
18,1,39,HAS_LINK_TO
18,1,69,HAS_LINK_TO
18,1,54,HAS_LINK_TO
18,1,2576,HAS_LINK_TO
18,1,61,HAS_LINK_TO
18,1,22,HAS_LINK_TO
18,1,41,HAS_LINK_TO
18,1,52,HAS_LINK_TO
18,1,58,HAS_LINK_TO
18,1,2840,HAS_LINK_TO
18,1,3154,HAS_LINK_TO
19,1,6,HAS_LINK_TO
19,1,2159,HAS_LINK_TO
19,1,53,HAS_LINK_TO
19,1,60,HAS_LINK_TO
19,1,2020,HAS_LINK_TO
19,1,2839,HAS_LINK_TO
19,1,3889,HAS_LINK_TO
19,1,3739,HAS_LINK_TO
19,1,20,HAS_LINK_TO
19,1,49,HAS_LINK_TO
19,1,72,HAS_LINK_TO
19,1,56,HAS_LINK_TO
19,1,4,HAS_LINK_TO
19,1,21,HAS_LINK_TO
19,1,35,HAS_LINK_TO
19,1,28,HAS_LINK_TO
19,1,33,HAS_LINK_TO
19,1,1571,HAS_LINK_TO
19,1,2282,HAS_LINK_TO
19,1,2120,HAS_LINK_TO
19,1,103,HAS_LINK_TO
19,1,38,HAS_LINK_TO
19,1,2,HAS_LINK_TO
19,1,47,HAS_LINK_TO
19,1,70,HAS_LINK_TO
19,1,2474,HAS_LINK_TO
19,1,367,HAS_LINK_TO
19,1,871,HAS_LINK_TO
19,1,4488,HAS_LINK_TO
19,1,4375,HAS_LINK_TO
19,1,1802,HAS_LINK_TO
19,1,16,HAS_LINK_TO
19,1,64,HAS_LINK_TO
19,1,62,HAS_LINK_TO
19,1,59,HAS_LINK_TO
19,1,75,HAS_LINK_TO
19,1,31,HAS_LINK_TO
19,1,30,HAS_LINK_TO
19,1,73,HAS_LINK_TO
19,1,1566,HAS_LINK_TO
19,1,3432,HAS_LINK_TO
19,1,74,HAS_LINK_TO
19,1,4019,HAS_LINK_TO
19,1,1114,HAS_LINK_TO
19,1,48,HAS_LINK_TO
19,1,34,HAS_LINK_TO
19,1,43,HAS_LINK_TO
19,1,4639,HAS_LINK_TO
19,1,55,HAS_LINK_TO
19,1,10,HAS_LINK_TO
19,1,11,HAS_LINK_TO
19,1,81,HAS_LINK_TO
19,1,27,HAS_LINK_TO
19,1,23,HAS_LINK_TO
19,1,869,HAS_LINK_TO
19,1,26,HAS_LINK_TO
19,1,51,HAS_LINK_TO
19,1,678,HAS_LINK_TO
19,1,8,HAS_LINK_TO
19,1,3049,HAS_LINK_TO
19,1,708,HAS_LINK_TO
19,1,65,HAS_LINK_TO
19,1,87,HAS_LINK_TO
19,1,32,HAS_LINK_TO
19,1,67,HAS_LINK_TO
19,1,1,HAS_LINK_TO
19,1,25,HAS_LINK_TO
19,1,29,HAS_LINK_TO
19,1,1937,HAS_LINK_TO
19,1,66,HAS_LINK_TO
19,1,3025,HAS_LINK_TO
19,1,9,HAS_LINK_TO
19,1,7,HAS_LINK_TO
19,1,13,HAS_LINK_TO
19,1,76,HAS_LINK_TO
19,1,3,HAS_LINK_TO
19,1,68,HAS_LINK_TO
19,1,79,HAS_LINK_TO
19,1,44,HAS_LINK_TO
19,1,255,HAS_LINK_TO
19,1,3680,HAS_LINK_TO
19,1,2937,HAS_LINK_TO
19,1,5,HAS_LINK_TO
19,1,36,HAS_LINK_TO
19,1,37,HAS_LINK_TO
19,1,46,HAS_LINK_TO
19,1,4023,HAS_LINK_TO
19,1,4198,HAS_LINK_TO
19,1,78,HAS_LINK_TO
19,1,3627,HAS_LINK_TO
19,1,24,HAS_LINK_TO
19,1,805,HAS_LINK_TO
19,1,57,HAS_LINK_TO
19,1,80,HAS_LINK_TO
19,1,18,HAS_LINK_TO
19,1,42,HAS_LINK_TO
19,1,17,HAS_LINK_TO
19,1,12,HAS_LINK_TO
19,1,71,HAS_LINK_TO
19,1,475,HAS_LINK_TO
19,1,40,HAS_LINK_TO
19,1,45,HAS_LINK_TO
19,1,4062,HAS_LINK_TO
19,1,50,HAS_LINK_TO
19,1,63,HAS_LINK_TO
19,1,77,HAS_LINK_TO
19,1,2575,HAS_LINK_TO
19,1,3450,HAS_LINK_TO
19,1,15,HAS_LINK_TO
19,1,14,HAS_LINK_TO
19,1,39,HAS_LINK_TO
19,1,69,HAS_LINK_TO
19,1,54,HAS_LINK_TO
19,1,4553,HAS_LINK_TO
19,1,1123,HAS_LINK_TO
19,1,799,HAS_LINK_TO
19,1,2576,HAS_LINK_TO
19,1,61,HAS_LINK_TO
19,1,2203,HAS_LINK_TO
19,1,1408,HAS_LINK_TO
19,1,22,HAS_LINK_TO
19,1,41,HAS_LINK_TO
19,1,52,HAS_LINK_TO
19,1,2128,HAS_LINK_TO
19,1,58,HAS_LINK_TO
19,1,2840,HAS_LINK_TO
19,1,3154,HAS_LINK_TO
19,1,3633,HAS_LINK_TO
20,1,6,HAS_LINK_TO
20,1,53,HAS_LINK_TO
20,1,60,HAS_LINK_TO
20,1,2839,HAS_LINK_TO
20,1,49,HAS_LINK_TO
20,1,72,HAS_LINK_TO
20,1,56,HAS_LINK_TO
20,1,4,HAS_LINK_TO
20,1,21,HAS_LINK_TO
20,1,35,HAS_LINK_TO
20,1,28,HAS_LINK_TO
20,1,33,HAS_LINK_TO
20,1,1464,HAS_LINK_TO
20,1,38,HAS_LINK_TO
20,1,2,HAS_LINK_TO
20,1,47,HAS_LINK_TO
20,1,70,HAS_LINK_TO
20,1,871,HAS_LINK_TO
20,1,4375,HAS_LINK_TO
20,1,16,HAS_LINK_TO
20,1,1909,HAS_LINK_TO
20,1,1992,HAS_LINK_TO
20,1,64,HAS_LINK_TO
20,1,62,HAS_LINK_TO
20,1,59,HAS_LINK_TO
20,1,75,HAS_LINK_TO
20,1,31,HAS_LINK_TO
20,1,30,HAS_LINK_TO
20,1,73,HAS_LINK_TO
20,1,74,HAS_LINK_TO
20,1,4019,HAS_LINK_TO
20,1,2899,HAS_LINK_TO
20,1,48,HAS_LINK_TO
20,1,34,HAS_LINK_TO
20,1,43,HAS_LINK_TO
20,1,1565,HAS_LINK_TO
20,1,10,HAS_LINK_TO
20,1,55,HAS_LINK_TO
20,1,11,HAS_LINK_TO
20,1,81,HAS_LINK_TO
20,1,27,HAS_LINK_TO
20,1,23,HAS_LINK_TO
20,1,869,HAS_LINK_TO
20,1,26,HAS_LINK_TO
20,1,51,HAS_LINK_TO
20,1,773,HAS_LINK_TO
20,1,8,HAS_LINK_TO
20,1,2681,HAS_LINK_TO
20,1,19,HAS_LINK_TO
20,1,65,HAS_LINK_TO
20,1,32,HAS_LINK_TO
20,1,67,HAS_LINK_TO
20,1,1,HAS_LINK_TO
20,1,25,HAS_LINK_TO
20,1,29,HAS_LINK_TO
20,1,66,HAS_LINK_TO
20,1,9,HAS_LINK_TO
20,1,7,HAS_LINK_TO
20,1,13,HAS_LINK_TO
20,1,219,HAS_LINK_TO
20,1,76,HAS_LINK_TO
20,1,3,HAS_LINK_TO
20,1,68,HAS_LINK_TO
20,1,79,HAS_LINK_TO
20,1,44,HAS_LINK_TO
20,1,5,HAS_LINK_TO
20,1,36,HAS_LINK_TO
20,1,37,HAS_LINK_TO
20,1,46,HAS_LINK_TO
20,1,78,HAS_LINK_TO
20,1,3834,HAS_LINK_TO
20,1,24,HAS_LINK_TO
20,1,57,HAS_LINK_TO
20,1,80,HAS_LINK_TO
20,1,18,HAS_LINK_TO
20,1,42,HAS_LINK_TO
20,1,17,HAS_LINK_TO
20,1,12,HAS_LINK_TO
20,1,71,HAS_LINK_TO
20,1,40,HAS_LINK_TO
20,1,45,HAS_LINK_TO
20,1,4062,HAS_LINK_TO
20,1,50,HAS_LINK_TO
20,1,63,HAS_LINK_TO
20,1,77,HAS_LINK_TO
20,1,2575,HAS_LINK_TO
20,1,15,HAS_LINK_TO
20,1,14,HAS_LINK_TO
20,1,3510,HAS_LINK_TO
20,1,39,HAS_LINK_TO
20,1,69,HAS_LINK_TO
20,1,54,HAS_LINK_TO
20,1,2576,HAS_LINK_TO
20,1,61,HAS_LINK_TO
20,1,22,HAS_LINK_TO
20,1,41,HAS_LINK_TO
20,1,52,HAS_LINK_TO
20,1,58,HAS_LINK_TO
20,1,2840,HAS_LINK_TO
20,1,3154,HAS_LINK_TO
20,1,3794,HAS_LINK_TO
20,1,3633,HAS_LINK_TO
21,1,1685,HAS_LINK_TO
21,1,2029,HAS_LINK_TO
21,1,4307,HAS_LINK_TO
21,1,3879,HAS_LINK_TO
21,1,3765,HAS_LINK_TO
21,1,2159,HAS_LINK_TO
21,1,4277,HAS_LINK_TO
21,1,1161,HAS_LINK_TO
21,1,2308,HAS_LINK_TO
21,1,3486,HAS_LINK_TO
21,1,3739,HAS_LINK_TO
21,1,2748,HAS_LINK_TO
21,1,2893,HAS_LINK_TO
21,1,4056,HAS_LINK_TO
21,1,2925,HAS_LINK_TO
21,1,2686,HAS_LINK_TO
21,1,4134,HAS_LINK_TO
21,1,651,HAS_LINK_TO
21,1,35,HAS_LINK_TO
21,1,4140,HAS_LINK_TO
21,1,3143,HAS_LINK_TO
21,1,3630,HAS_LINK_TO
21,1,3891,HAS_LINK_TO
21,1,2280,HAS_LINK_TO
21,1,2187,HAS_LINK_TO
21,1,4113,HAS_LINK_TO
21,1,2968,HAS_LINK_TO
21,1,3560,HAS_LINK_TO
21,1,871,HAS_LINK_TO
21,1,3524,HAS_LINK_TO
21,1,1742,HAS_LINK_TO
21,1,4219,HAS_LINK_TO
21,1,3998,HAS_LINK_TO
21,1,1642,HAS_LINK_TO
21,1,2771,HAS_LINK_TO
21,1,3993,HAS_LINK_TO
21,1,2038,HAS_LINK_TO
21,1,3978,HAS_LINK_TO
21,1,3195,HAS_LINK_TO
21,1,1669,HAS_LINK_TO
21,1,31,HAS_LINK_TO
21,1,3201,HAS_LINK_TO
21,1,30,HAS_LINK_TO
21,1,2037,HAS_LINK_TO
21,1,369,HAS_LINK_TO
21,1,3996,HAS_LINK_TO
21,1,1140,HAS_LINK_TO
21,1,74,HAS_LINK_TO
21,1,4496,HAS_LINK_TO
21,1,2912,HAS_LINK_TO
21,1,48,HAS_LINK_TO
21,1,1276,HAS_LINK_TO
21,1,418,HAS_LINK_TO
21,1,4148,HAS_LINK_TO
21,1,416,HAS_LINK_TO
21,1,4561,HAS_LINK_TO
21,1,1565,HAS_LINK_TO
21,1,4405,HAS_LINK_TO
21,1,4547,HAS_LINK_TO
21,1,3124,HAS_LINK_TO
21,1,51,HAS_LINK_TO
21,1,2872,HAS_LINK_TO
21,1,3180,HAS_LINK_TO
21,1,1533,HAS_LINK_TO
21,1,2709,HAS_LINK_TO
21,1,3802,HAS_LINK_TO
21,1,3049,HAS_LINK_TO
21,1,1876,HAS_LINK_TO
21,1,2031,HAS_LINK_TO
21,1,2303,HAS_LINK_TO
21,1,2234,HAS_LINK_TO
21,1,851,HAS_LINK_TO
21,1,2876,HAS_LINK_TO
21,1,1781,HAS_LINK_TO
21,1,3477,HAS_LINK_TO
21,1,3482,HAS_LINK_TO
21,1,66,HAS_LINK_TO
21,1,1501,HAS_LINK_TO
21,1,996,HAS_LINK_TO
21,1,2965,HAS_LINK_TO
21,1,3070,HAS_LINK_TO
21,1,4304,HAS_LINK_TO
21,1,13,HAS_LINK_TO
21,1,1884,HAS_LINK_TO
21,1,383,HAS_LINK_TO
21,1,68,HAS_LINK_TO
21,1,3982,HAS_LINK_TO
21,1,4524,HAS_LINK_TO
21,1,44,HAS_LINK_TO
21,1,1703,HAS_LINK_TO
21,1,247,HAS_LINK_TO
21,1,1171,HAS_LINK_TO
21,1,145,HAS_LINK_TO
21,1,5,HAS_LINK_TO
21,1,1008,HAS_LINK_TO
21,1,1258,HAS_LINK_TO
21,1,3751,HAS_LINK_TO
21,1,2221,HAS_LINK_TO
21,1,3093,HAS_LINK_TO
21,1,3823,HAS_LINK_TO
21,1,750,HAS_LINK_TO
21,1,2726,HAS_LINK_TO
21,1,4365,HAS_LINK_TO
21,1,3938,HAS_LINK_TO
21,1,4309,HAS_LINK_TO
21,1,805,HAS_LINK_TO
21,1,2580,HAS_LINK_TO
21,1,18,HAS_LINK_TO
21,1,2437,HAS_LINK_TO
21,1,1567,HAS_LINK_TO
21,1,2177,HAS_LINK_TO
21,1,12,HAS_LINK_TO
21,1,2816,HAS_LINK_TO
21,1,458,HAS_LINK_TO
21,1,113,HAS_LINK_TO
21,1,3866,HAS_LINK_TO
21,1,50,HAS_LINK_TO
21,1,3569,HAS_LINK_TO
21,1,357,HAS_LINK_TO
21,1,2397,HAS_LINK_TO
21,1,4490,HAS_LINK_TO
21,1,1017,HAS_LINK_TO
21,1,4213,HAS_LINK_TO
21,1,752,HAS_LINK_TO
21,1,3026,HAS_LINK_TO
21,1,3425,HAS_LINK_TO
21,1,1553,HAS_LINK_TO
21,1,4583,HAS_LINK_TO
21,1,4211,HAS_LINK_TO
21,1,39,HAS_LINK_TO
21,1,799,HAS_LINK_TO
21,1,771,HAS_LINK_TO
21,1,2344,HAS_LINK_TO
21,1,3117,HAS_LINK_TO
21,1,3413,HAS_LINK_TO
21,1,3422,HAS_LINK_TO
21,1,1259,HAS_LINK_TO
21,1,4567,HAS_LINK_TO
21,1,831,HAS_LINK_TO
21,1,41,HAS_LINK_TO
21,1,2923,HAS_LINK_TO
21,1,621,HAS_LINK_TO
21,1,58,HAS_LINK_TO
21,1,1381,HAS_LINK_TO
21,1,2840,HAS_LINK_TO
21,1,2345,HAS_LINK_TO
21,1,572,HAS_LINK_TO
21,1,251,HAS_LINK_TO
21,1,1023,HAS_LINK_TO
21,1,2020,HAS_LINK_TO
21,1,2877,HAS_LINK_TO
21,1,20,HAS_LINK_TO
21,1,1266,HAS_LINK_TO
21,1,665,HAS_LINK_TO
21,1,1953,HAS_LINK_TO
21,1,3161,HAS_LINK_TO
21,1,2485,HAS_LINK_TO
21,1,3934,HAS_LINK_TO
21,1,33,HAS_LINK_TO
21,1,3886,HAS_LINK_TO
21,1,1229,HAS_LINK_TO
21,1,583,HAS_LINK_TO
21,1,103,HAS_LINK_TO
21,1,4248,HAS_LINK_TO
21,1,3418,HAS_LINK_TO
21,1,616,HAS_LINK_TO
21,1,2984,HAS_LINK_TO
21,1,4200,HAS_LINK_TO
21,1,310,HAS_LINK_TO
21,1,2555,HAS_LINK_TO
21,1,2706,HAS_LINK_TO
21,1,3662,HAS_LINK_TO
21,1,62,HAS_LINK_TO
21,1,59,HAS_LINK_TO
21,1,726,HAS_LINK_TO
21,1,2306,HAS_LINK_TO
21,1,1624,HAS_LINK_TO
21,1,3466,HAS_LINK_TO
21,1,3210,HAS_LINK_TO
21,1,1596,HAS_LINK_TO
21,1,2873,HAS_LINK_TO
21,1,1566,HAS_LINK_TO
21,1,1049,HAS_LINK_TO
21,1,1500,HAS_LINK_TO
21,1,1928,HAS_LINK_TO
21,1,4560,HAS_LINK_TO
21,1,34,HAS_LINK_TO
21,1,43,HAS_LINK_TO
21,1,2896,HAS_LINK_TO
21,1,1407,HAS_LINK_TO
21,1,4351,HAS_LINK_TO
21,1,2871,HAS_LINK_TO
21,1,81,HAS_LINK_TO
21,1,2009,HAS_LINK_TO
21,1,869,HAS_LINK_TO
21,1,3184,HAS_LINK_TO
21,1,26,HAS_LINK_TO
21,1,4415,HAS_LINK_TO
21,1,2003,HAS_LINK_TO
21,1,1416,HAS_LINK_TO
21,1,1807,HAS_LINK_TO
21,1,8,HAS_LINK_TO
21,1,1783,HAS_LINK_TO
21,1,2201,HAS_LINK_TO
21,1,324,HAS_LINK_TO
21,1,1483,HAS_LINK_TO
21,1,4359,HAS_LINK_TO
21,1,19,HAS_LINK_TO
21,1,67,HAS_LINK_TO
21,1,1,HAS_LINK_TO
21,1,25,HAS_LINK_TO
21,1,2093,HAS_LINK_TO
21,1,764,HAS_LINK_TO
21,1,4220,HAS_LINK_TO
21,1,2964,HAS_LINK_TO
21,1,440,HAS_LINK_TO
21,1,4586,HAS_LINK_TO
21,1,3151,HAS_LINK_TO
21,1,4289,HAS_LINK_TO
21,1,2428,HAS_LINK_TO
21,1,3004,HAS_LINK_TO
21,1,2278,HAS_LINK_TO
21,1,36,HAS_LINK_TO
21,1,46,HAS_LINK_TO
21,1,1858,HAS_LINK_TO
21,1,977,HAS_LINK_TO
21,1,78,HAS_LINK_TO
21,1,2868,HAS_LINK_TO
21,1,1220,HAS_LINK_TO
21,1,2870,HAS_LINK_TO
21,1,914,HAS_LINK_TO
21,1,24,HAS_LINK_TO
21,1,700,HAS_LINK_TO
21,1,1829,HAS_LINK_TO
21,1,2147,HAS_LINK_TO
21,1,574,HAS_LINK_TO
21,1,17,HAS_LINK_TO
21,1,1345,HAS_LINK_TO
21,1,714,HAS_LINK_TO
21,1,40,HAS_LINK_TO
21,1,45,HAS_LINK_TO
21,1,323,HAS_LINK_TO
21,1,63,HAS_LINK_TO
21,1,2509,HAS_LINK_TO
21,1,4601,HAS_LINK_TO
21,1,2254,HAS_LINK_TO
21,1,2575,HAS_LINK_TO
21,1,3187,HAS_LINK_TO
21,1,2434,HAS_LINK_TO
21,1,1240,HAS_LINK_TO
21,1,2429,HAS_LINK_TO
21,1,1394,HAS_LINK_TO
21,1,2908,HAS_LINK_TO
21,1,564,HAS_LINK_TO
21,1,3962,HAS_LINK_TO
21,1,4206,HAS_LINK_TO
21,1,14,HAS_LINK_TO
21,1,4214,HAS_LINK_TO
21,1,1265,HAS_LINK_TO
21,1,4217,HAS_LINK_TO
21,1,3431,HAS_LINK_TO
21,1,3084,HAS_LINK_TO
21,1,844,HAS_LINK_TO
21,1,22,HAS_LINK_TO
21,1,1376,HAS_LINK_TO
21,1,4499,HAS_LINK_TO
21,1,3847,HAS_LINK_TO
21,1,2728,HAS_LINK_TO
21,1,2917,HAS_LINK_TO
21,1,2300,HAS_LINK_TO
21,1,2156,HAS_LINK_TO
21,1,1897,HAS_LINK_TO
21,1,2798,HAS_LINK_TO
21,1,2875,HAS_LINK_TO
21,1,3957,HAS_LINK_TO
21,1,253,HAS_LINK_TO
21,1,1869,HAS_LINK_TO
21,1,2205,HAS_LINK_TO
21,1,698,HAS_LINK_TO
21,1,158,HAS_LINK_TO
21,1,6,HAS_LINK_TO
21,1,53,HAS_LINK_TO
21,1,522,HAS_LINK_TO
21,1,3039,HAS_LINK_TO
21,1,4028,HAS_LINK_TO
21,1,4521,HAS_LINK_TO
21,1,49,HAS_LINK_TO
21,1,1257,HAS_LINK_TO
21,1,990,HAS_LINK_TO
21,1,645,HAS_LINK_TO
21,1,173,HAS_LINK_TO
21,1,2023,HAS_LINK_TO
21,1,3057,HAS_LINK_TO
21,1,388,HAS_LINK_TO
21,1,2307,HAS_LINK_TO
21,1,3628,HAS_LINK_TO
21,1,38,HAS_LINK_TO
21,1,47,HAS_LINK_TO
21,1,70,HAS_LINK_TO
21,1,4488,HAS_LINK_TO
21,1,4375,HAS_LINK_TO
21,1,2924,HAS_LINK_TO
21,1,2399,HAS_LINK_TO
21,1,4093,HAS_LINK_TO
21,1,2920,HAS_LINK_TO
21,1,16,HAS_LINK_TO
21,1,2644,HAS_LINK_TO
21,1,808,HAS_LINK_TO
21,1,4606,HAS_LINK_TO
21,1,2338,HAS_LINK_TO
21,1,1689,HAS_LINK_TO
21,1,2918,HAS_LINK_TO
21,1,75,HAS_LINK_TO
21,1,3228,HAS_LINK_TO
21,1,2421,HAS_LINK_TO
21,1,2921,HAS_LINK_TO
21,1,4024,HAS_LINK_TO
21,1,98,HAS_LINK_TO
21,1,73,HAS_LINK_TO
21,1,4484,HAS_LINK_TO
21,1,4167,HAS_LINK_TO
21,1,1878,HAS_LINK_TO
21,1,1366,HAS_LINK_TO
21,1,3797,HAS_LINK_TO
21,1,3842,HAS_LINK_TO
21,1,3500,HAS_LINK_TO
21,1,1788,HAS_LINK_TO
21,1,55,HAS_LINK_TO
21,1,27,HAS_LINK_TO
21,1,1391,HAS_LINK_TO
21,1,2522,HAS_LINK_TO
21,1,593,HAS_LINK_TO
21,1,1158,HAS_LINK_TO
21,1,2404,HAS_LINK_TO
21,1,670,HAS_LINK_TO
21,1,4497,HAS_LINK_TO
21,1,3525,HAS_LINK_TO
21,1,4234,HAS_LINK_TO
21,1,1253,HAS_LINK_TO
21,1,2468,HAS_LINK_TO
21,1,2791,HAS_LINK_TO
21,1,4209,HAS_LINK_TO
21,1,65,HAS_LINK_TO
21,1,87,HAS_LINK_TO
21,1,3696,HAS_LINK_TO
21,1,1030,HAS_LINK_TO
21,1,3518,HAS_LINK_TO
21,1,1573,HAS_LINK_TO
21,1,2119,HAS_LINK_TO
21,1,3471,HAS_LINK_TO
21,1,3153,HAS_LINK_TO
21,1,1445,HAS_LINK_TO
21,1,3025,HAS_LINK_TO
21,1,3817,HAS_LINK_TO
21,1,971,HAS_LINK_TO
21,1,608,HAS_LINK_TO
21,1,2910,HAS_LINK_TO
21,1,2449,HAS_LINK_TO
21,1,1484,HAS_LINK_TO
21,1,3803,HAS_LINK_TO
21,1,1995,HAS_LINK_TO
21,1,4051,HAS_LINK_TO
21,1,401,HAS_LINK_TO
21,1,315,HAS_LINK_TO
21,1,3936,HAS_LINK_TO
21,1,4141,HAS_LINK_TO
21,1,1755,HAS_LINK_TO
21,1,3515,HAS_LINK_TO
21,1,399,HAS_LINK_TO
21,1,1404,HAS_LINK_TO
21,1,1436,HAS_LINK_TO
21,1,900,HAS_LINK_TO
21,1,723,HAS_LINK_TO
21,1,3683,HAS_LINK_TO
21,1,742,HAS_LINK_TO
21,1,3834,HAS_LINK_TO
21,1,3833,HAS_LINK_TO
21,1,952,HAS_LINK_TO
21,1,3640,HAS_LINK_TO
21,1,1626,HAS_LINK_TO
21,1,3421,HAS_LINK_TO
21,1,3622,HAS_LINK_TO
21,1,1191,HAS_LINK_TO
21,1,1374,HAS_LINK_TO
21,1,2922,HAS_LINK_TO
21,1,1913,HAS_LINK_TO
21,1,4062,HAS_LINK_TO
21,1,197,HAS_LINK_TO
21,1,2978,HAS_LINK_TO
21,1,3212,HAS_LINK_TO
21,1,312,HAS_LINK_TO
21,1,77,HAS_LINK_TO
21,1,4419,HAS_LINK_TO
21,1,3450,HAS_LINK_TO
21,1,4362,HAS_LINK_TO
21,1,2640,HAS_LINK_TO
21,1,69,HAS_LINK_TO
21,1,930,HAS_LINK_TO
21,1,3232,HAS_LINK_TO
21,1,61,HAS_LINK_TO
21,1,1879,HAS_LINK_TO
21,1,2957,HAS_LINK_TO
21,1,2914,HAS_LINK_TO
21,1,156,HAS_LINK_TO
21,1,1648,HAS_LINK_TO
21,1,1821,HAS_LINK_TO
21,1,3920,HAS_LINK_TO
21,1,3600,HAS_LINK_TO
21,1,4249,HAS_LINK_TO
21,1,986,HAS_LINK_TO
21,1,4325,HAS_LINK_TO
21,1,4218,HAS_LINK_TO
21,1,52,HAS_LINK_TO
21,1,3467,HAS_LINK_TO
21,1,526,HAS_LINK_TO
21,1,398,HAS_LINK_TO
21,1,2694,HAS_LINK_TO
21,1,115,HAS_LINK_TO
21,1,450,HAS_LINK_TO
21,1,3809,HAS_LINK_TO
21,1,60,HAS_LINK_TO
21,1,1159,HAS_LINK_TO
21,1,2839,HAS_LINK_TO
21,1,191,HAS_LINK_TO
21,1,1207,HAS_LINK_TO
21,1,1160,HAS_LINK_TO
21,1,4466,HAS_LINK_TO
21,1,668,HAS_LINK_TO
21,1,1303,HAS_LINK_TO
21,1,72,HAS_LINK_TO
21,1,56,HAS_LINK_TO
21,1,4,HAS_LINK_TO
21,1,1560,HAS_LINK_TO
21,1,1304,HAS_LINK_TO
21,1,28,HAS_LINK_TO
21,1,1575,HAS_LINK_TO
21,1,3734,HAS_LINK_TO
21,1,3202,HAS_LINK_TO
21,1,4111,HAS_LINK_TO
21,1,2407,HAS_LINK_TO
21,1,3513,HAS_LINK_TO
21,1,1260,HAS_LINK_TO
21,1,2282,HAS_LINK_TO
21,1,1233,HAS_LINK_TO
21,1,2492,HAS_LINK_TO
21,1,2346,HAS_LINK_TO
21,1,2,HAS_LINK_TO
21,1,1261,HAS_LINK_TO
21,1,1893,HAS_LINK_TO
21,1,3973,HAS_LINK_TO
21,1,4216,HAS_LINK_TO
21,1,3638,HAS_LINK_TO
21,1,1934,HAS_LINK_TO
21,1,2163,HAS_LINK_TO
21,1,3861,HAS_LINK_TO
21,1,3003,HAS_LINK_TO
21,1,421,HAS_LINK_TO
21,1,1909,HAS_LINK_TO
21,1,832,HAS_LINK_TO
21,1,507,HAS_LINK_TO
21,1,64,HAS_LINK_TO
21,1,4551,HAS_LINK_TO
21,1,681,HAS_LINK_TO
21,1,1989,HAS_LINK_TO
21,1,1603,HAS_LINK_TO
21,1,2991,HAS_LINK_TO
21,1,433,HAS_LINK_TO
21,1,4500,HAS_LINK_TO
21,1,4019,HAS_LINK_TO
21,1,2899,HAS_LINK_TO
21,1,3104,HAS_LINK_TO
21,1,2661,HAS_LINK_TO
21,1,647,HAS_LINK_TO
21,1,3125,HAS_LINK_TO
21,1,1014,HAS_LINK_TO
21,1,1582,HAS_LINK_TO
21,1,1702,HAS_LINK_TO
21,1,10,HAS_LINK_TO
21,1,11,HAS_LINK_TO
21,1,23,HAS_LINK_TO
21,1,555,HAS_LINK_TO
21,1,3407,HAS_LINK_TO
21,1,2989,HAS_LINK_TO
21,1,3516,HAS_LINK_TO
21,1,1249,HAS_LINK_TO
21,1,3555,HAS_LINK_TO
21,1,1210,HAS_LINK_TO
21,1,4336,HAS_LINK_TO
21,1,661,HAS_LINK_TO
21,1,2789,HAS_LINK_TO
21,1,2170,HAS_LINK_TO
21,1,2879,HAS_LINK_TO
21,1,4137,HAS_LINK_TO
21,1,32,HAS_LINK_TO
21,1,1089,HAS_LINK_TO
21,1,29,HAS_LINK_TO
21,1,3981,HAS_LINK_TO
21,1,1787,HAS_LINK_TO
21,1,3527,HAS_LINK_TO
21,1,1485,HAS_LINK_TO
21,1,721,HAS_LINK_TO
21,1,1611,HAS_LINK_TO
21,1,1937,HAS_LINK_TO
21,1,2860,HAS_LINK_TO
21,1,3465,HAS_LINK_TO
21,1,4486,HAS_LINK_TO
21,1,1944,HAS_LINK_TO
21,1,3435,HAS_LINK_TO
21,1,3558,HAS_LINK_TO
21,1,9,HAS_LINK_TO
21,1,4046,HAS_LINK_TO
21,1,7,HAS_LINK_TO
21,1,1136,HAS_LINK_TO
21,1,828,HAS_LINK_TO
21,1,1423,HAS_LINK_TO
21,1,510,HAS_LINK_TO
21,1,76,HAS_LINK_TO
21,1,2619,HAS_LINK_TO
21,1,2746,HAS_LINK_TO
21,1,3,HAS_LINK_TO
21,1,3799,HAS_LINK_TO
21,1,4015,HAS_LINK_TO
21,1,79,HAS_LINK_TO
21,1,1569,HAS_LINK_TO
21,1,1784,HAS_LINK_TO
21,1,3884,HAS_LINK_TO
21,1,546,HAS_LINK_TO
21,1,37,HAS_LINK_TO
21,1,4185,HAS_LINK_TO
21,1,4276,HAS_LINK_TO
21,1,1414,HAS_LINK_TO
21,1,140,HAS_LINK_TO
21,1,3494,HAS_LINK_TO
21,1,2415,HAS_LINK_TO
21,1,2762,HAS_LINK_TO
21,1,756,HAS_LINK_TO
21,1,57,HAS_LINK_TO
21,1,4355,HAS_LINK_TO
21,1,80,HAS_LINK_TO
21,1,400,HAS_LINK_TO
21,1,4468,HAS_LINK_TO
21,1,42,HAS_LINK_TO
21,1,71,HAS_LINK_TO
21,1,702,HAS_LINK_TO
21,1,974,HAS_LINK_TO
21,1,800,HAS_LINK_TO
21,1,2493,HAS_LINK_TO
21,1,3029,HAS_LINK_TO
21,1,4252,HAS_LINK_TO
21,1,1364,HAS_LINK_TO
21,1,2440,HAS_LINK_TO
21,1,4517,HAS_LINK_TO
21,1,15,HAS_LINK_TO
21,1,2665,HAS_LINK_TO
21,1,54,HAS_LINK_TO
21,1,3050,HAS_LINK_TO
21,1,217,HAS_LINK_TO
21,1,2576,HAS_LINK_TO
21,1,630,HAS_LINK_TO
21,1,4540,HAS_LINK_TO
21,1,3695,HAS_LINK_TO
21,1,525,HAS_LINK_TO
21,1,1837,HAS_LINK_TO
21,1,4356,HAS_LINK_TO
21,1,2674,HAS_LINK_TO
21,1,2994,HAS_LINK_TO
21,1,1899,HAS_LINK_TO
21,1,2878,HAS_LINK_TO
21,1,1638,HAS_LINK_TO
21,1,4491,HAS_LINK_TO
21,1,3694,HAS_LINK_TO
22,1,251,HAS_LINK_TO
22,1,6,HAS_LINK_TO
22,1,53,HAS_LINK_TO
22,1,60,HAS_LINK_TO
22,1,4277,HAS_LINK_TO
22,1,2839,HAS_LINK_TO
22,1,20,HAS_LINK_TO
22,1,49,HAS_LINK_TO
22,1,72,HAS_LINK_TO
22,1,4,HAS_LINK_TO
22,1,56,HAS_LINK_TO
22,1,21,HAS_LINK_TO
22,1,35,HAS_LINK_TO
22,1,28,HAS_LINK_TO
22,1,33,HAS_LINK_TO
22,1,2280,HAS_LINK_TO
22,1,2492,HAS_LINK_TO
22,1,38,HAS_LINK_TO
22,1,2,HAS_LINK_TO
22,1,47,HAS_LINK_TO
22,1,70,HAS_LINK_TO
22,1,871,HAS_LINK_TO
22,1,4488,HAS_LINK_TO
22,1,4375,HAS_LINK_TO
22,1,1020,HAS_LINK_TO
22,1,2920,HAS_LINK_TO
22,1,16,HAS_LINK_TO
22,1,3998,HAS_LINK_TO
22,1,64,HAS_LINK_TO
22,1,62,HAS_LINK_TO
22,1,681,HAS_LINK_TO
22,1,59,HAS_LINK_TO
22,1,75,HAS_LINK_TO
22,1,3978,HAS_LINK_TO
22,1,31,HAS_LINK_TO
22,1,30,HAS_LINK_TO
22,1,73,HAS_LINK_TO
22,1,74,HAS_LINK_TO
22,1,4019,HAS_LINK_TO
22,1,2661,HAS_LINK_TO
22,1,48,HAS_LINK_TO
22,1,34,HAS_LINK_TO
22,1,43,HAS_LINK_TO
22,1,1565,HAS_LINK_TO
22,1,498,HAS_LINK_TO
22,1,10,HAS_LINK_TO
22,1,55,HAS_LINK_TO
22,1,11,HAS_LINK_TO
22,1,81,HAS_LINK_TO
22,1,27,HAS_LINK_TO
22,1,23,HAS_LINK_TO
22,1,869,HAS_LINK_TO
22,1,593,HAS_LINK_TO
22,1,26,HAS_LINK_TO
22,1,51,HAS_LINK_TO
22,1,4415,HAS_LINK_TO
22,1,8,HAS_LINK_TO
22,1,352,HAS_LINK_TO
22,1,19,HAS_LINK_TO
22,1,65,HAS_LINK_TO
22,1,32,HAS_LINK_TO
22,1,67,HAS_LINK_TO
22,1,1,HAS_LINK_TO
22,1,25,HAS_LINK_TO
22,1,29,HAS_LINK_TO
22,1,66,HAS_LINK_TO
22,1,9,HAS_LINK_TO
22,1,4046,HAS_LINK_TO
22,1,7,HAS_LINK_TO
22,1,13,HAS_LINK_TO
22,1,76,HAS_LINK_TO
22,1,3,HAS_LINK_TO
22,1,68,HAS_LINK_TO
22,1,79,HAS_LINK_TO
22,1,44,HAS_LINK_TO
22,1,1569,HAS_LINK_TO
22,1,5,HAS_LINK_TO
22,1,36,HAS_LINK_TO
22,1,37,HAS_LINK_TO
22,1,46,HAS_LINK_TO
22,1,78,HAS_LINK_TO
22,1,24,HAS_LINK_TO
22,1,3938,HAS_LINK_TO
22,1,57,HAS_LINK_TO
22,1,80,HAS_LINK_TO
22,1,18,HAS_LINK_TO
22,1,42,HAS_LINK_TO
22,1,1374,HAS_LINK_TO
22,1,12,HAS_LINK_TO
22,1,17,HAS_LINK_TO
22,1,71,HAS_LINK_TO
22,1,40,HAS_LINK_TO
22,1,45,HAS_LINK_TO
22,1,113,HAS_LINK_TO
22,1,4062,HAS_LINK_TO
22,1,1918,HAS_LINK_TO
22,1,50,HAS_LINK_TO
22,1,63,HAS_LINK_TO
22,1,77,HAS_LINK_TO
22,1,2575,HAS_LINK_TO
22,1,2429,HAS_LINK_TO
22,1,1394,HAS_LINK_TO
22,1,4213,HAS_LINK_TO
22,1,2440,HAS_LINK_TO
22,1,15,HAS_LINK_TO
22,1,14,HAS_LINK_TO
22,1,39,HAS_LINK_TO
22,1,69,HAS_LINK_TO
22,1,54,HAS_LINK_TO
22,1,2576,HAS_LINK_TO
22,1,61,HAS_LINK_TO
22,1,1432,HAS_LINK_TO
22,1,2424,HAS_LINK_TO
22,1,2032,HAS_LINK_TO
22,1,844,HAS_LINK_TO
22,1,41,HAS_LINK_TO
22,1,2917,HAS_LINK_TO
22,1,52,HAS_LINK_TO
22,1,58,HAS_LINK_TO
22,1,2840,HAS_LINK_TO
23,1,3172,HAS_LINK_TO
23,1,3223,HAS_LINK_TO
23,1,2011,HAS_LINK_TO
23,1,4277,HAS_LINK_TO
23,1,2308,HAS_LINK_TO
23,1,558,HAS_LINK_TO
23,1,4056,HAS_LINK_TO
23,1,3485,HAS_LINK_TO
23,1,651,HAS_LINK_TO
23,1,1459,HAS_LINK_TO
23,1,35,HAS_LINK_TO
23,1,3718,HAS_LINK_TO
23,1,2280,HAS_LINK_TO
23,1,871,HAS_LINK_TO
23,1,3524,HAS_LINK_TO
23,1,1742,HAS_LINK_TO
23,1,3033,HAS_LINK_TO
23,1,3128,HAS_LINK_TO
23,1,1441,HAS_LINK_TO
23,1,792,HAS_LINK_TO
23,1,4485,HAS_LINK_TO
23,1,3993,HAS_LINK_TO
23,1,389,HAS_LINK_TO
23,1,2929,HAS_LINK_TO
23,1,2556,HAS_LINK_TO
23,1,31,HAS_LINK_TO
23,1,3201,HAS_LINK_TO
23,1,30,HAS_LINK_TO
23,1,369,HAS_LINK_TO
23,1,923,HAS_LINK_TO
23,1,532,HAS_LINK_TO
23,1,74,HAS_LINK_TO
23,1,2048,HAS_LINK_TO
23,1,3115,HAS_LINK_TO
23,1,1276,HAS_LINK_TO
23,1,48,HAS_LINK_TO
23,1,418,HAS_LINK_TO
23,1,1457,HAS_LINK_TO
23,1,4148,HAS_LINK_TO
23,1,542,HAS_LINK_TO
23,1,3948,HAS_LINK_TO
23,1,236,HAS_LINK_TO
23,1,4405,HAS_LINK_TO
23,1,4547,HAS_LINK_TO
23,1,51,HAS_LINK_TO
23,1,3180,HAS_LINK_TO
23,1,1533,HAS_LINK_TO
23,1,2901,HAS_LINK_TO
23,1,3802,HAS_LINK_TO
23,1,1876,HAS_LINK_TO
23,1,3049,HAS_LINK_TO
23,1,3846,HAS_LINK_TO
23,1,2234,HAS_LINK_TO
23,1,2065,HAS_LINK_TO
23,1,851,HAS_LINK_TO
23,1,1823,HAS_LINK_TO
23,1,4203,HAS_LINK_TO
23,1,4498,HAS_LINK_TO
23,1,66,HAS_LINK_TO
23,1,1607,HAS_LINK_TO
23,1,393,HAS_LINK_TO
23,1,996,HAS_LINK_TO
23,1,13,HAS_LINK_TO
23,1,860,HAS_LINK_TO
23,1,383,HAS_LINK_TO
23,1,68,HAS_LINK_TO
23,1,3034,HAS_LINK_TO
23,1,44,HAS_LINK_TO
23,1,1703,HAS_LINK_TO
23,1,1456,HAS_LINK_TO
23,1,145,HAS_LINK_TO
23,1,2549,HAS_LINK_TO
23,1,5,HAS_LINK_TO
23,1,2931,HAS_LINK_TO
23,1,3532,HAS_LINK_TO
23,1,1008,HAS_LINK_TO
23,1,4034,HAS_LINK_TO
23,1,3751,HAS_LINK_TO
23,1,1472,HAS_LINK_TO
23,1,159,HAS_LINK_TO
23,1,3237,HAS_LINK_TO
23,1,2221,HAS_LINK_TO
23,1,3592,HAS_LINK_TO
23,1,2726,HAS_LINK_TO
23,1,3107,HAS_LINK_TO
23,1,4309,HAS_LINK_TO
23,1,18,HAS_LINK_TO
23,1,2178,HAS_LINK_TO
23,1,915,HAS_LINK_TO
23,1,12,HAS_LINK_TO
23,1,4311,HAS_LINK_TO
23,1,3866,HAS_LINK_TO
23,1,50,HAS_LINK_TO
23,1,1939,HAS_LINK_TO
23,1,3129,HAS_LINK_TO
23,1,1449,HAS_LINK_TO
23,1,3199,HAS_LINK_TO
23,1,3026,HAS_LINK_TO
23,1,2361,HAS_LINK_TO
23,1,3238,HAS_LINK_TO
23,1,4583,HAS_LINK_TO
23,1,2930,HAS_LINK_TO
23,1,39,HAS_LINK_TO
23,1,2073,HAS_LINK_TO
23,1,3117,HAS_LINK_TO
23,1,4609,HAS_LINK_TO
23,1,1428,HAS_LINK_TO
23,1,3422,HAS_LINK_TO
23,1,41,HAS_LINK_TO
23,1,1993,HAS_LINK_TO
23,1,58,HAS_LINK_TO
23,1,2840,HAS_LINK_TO
23,1,3573,HAS_LINK_TO
23,1,848,HAS_LINK_TO
23,1,1557,HAS_LINK_TO
23,1,438,HAS_LINK_TO
23,1,1439,HAS_LINK_TO
23,1,2672,HAS_LINK_TO
23,1,1052,HAS_LINK_TO
23,1,2020,HAS_LINK_TO
23,1,4301,HAS_LINK_TO
23,1,20,HAS_LINK_TO
23,1,3161,HAS_LINK_TO
23,1,21,HAS_LINK_TO
23,1,2485,HAS_LINK_TO
23,1,2432,HAS_LINK_TO
23,1,3934,HAS_LINK_TO
23,1,33,HAS_LINK_TO
23,1,1519,HAS_LINK_TO
23,1,2926,HAS_LINK_TO
23,1,1978,HAS_LINK_TO
23,1,4582,HAS_LINK_TO
23,1,1688,HAS_LINK_TO
23,1,103,HAS_LINK_TO
23,1,865,HAS_LINK_TO
23,1,3766,HAS_LINK_TO
23,1,3032,HAS_LINK_TO
23,1,616,HAS_LINK_TO
23,1,3191,HAS_LINK_TO
23,1,2555,HAS_LINK_TO
23,1,1769,HAS_LINK_TO
23,1,166,HAS_LINK_TO
23,1,62,HAS_LINK_TO
23,1,3945,HAS_LINK_TO
23,1,59,HAS_LINK_TO
23,1,152,HAS_LINK_TO
23,1,3979,HAS_LINK_TO
23,1,4400,HAS_LINK_TO
23,1,1596,HAS_LINK_TO
23,1,3623,HAS_LINK_TO
23,1,1966,HAS_LINK_TO
23,1,3207,HAS_LINK_TO
23,1,2763,HAS_LINK_TO
23,1,3926,HAS_LINK_TO
23,1,992,HAS_LINK_TO
23,1,1454,HAS_LINK_TO
23,1,34,HAS_LINK_TO
23,1,1151,HAS_LINK_TO
23,1,43,HAS_LINK_TO
23,1,1958,HAS_LINK_TO
23,1,4351,HAS_LINK_TO
23,1,3142,HAS_LINK_TO
23,1,81,HAS_LINK_TO
23,1,1461,HAS_LINK_TO
23,1,869,HAS_LINK_TO
23,1,26,HAS_LINK_TO
23,1,2853,HAS_LINK_TO
23,1,2003,HAS_LINK_TO
23,1,1416,HAS_LINK_TO
23,1,2825,HAS_LINK_TO
23,1,1807,HAS_LINK_TO
23,1,8,HAS_LINK_TO
23,1,1783,HAS_LINK_TO
23,1,2201,HAS_LINK_TO
23,1,324,HAS_LINK_TO
23,1,19,HAS_LINK_TO
23,1,3448,HAS_LINK_TO
23,1,3392,HAS_LINK_TO
23,1,67,HAS_LINK_TO
23,1,1,HAS_LINK_TO
23,1,25,HAS_LINK_TO
23,1,4191,HAS_LINK_TO
23,1,2478,HAS_LINK_TO
23,1,2964,HAS_LINK_TO
23,1,3619,HAS_LINK_TO
23,1,2517,HAS_LINK_TO
23,1,2824,HAS_LINK_TO
23,1,3987,HAS_LINK_TO
23,1,4016,HAS_LINK_TO
23,1,440,HAS_LINK_TO
23,1,2126,HAS_LINK_TO
23,1,3231,HAS_LINK_TO
23,1,439,HAS_LINK_TO
23,1,4586,HAS_LINK_TO
23,1,4289,HAS_LINK_TO
23,1,4050,HAS_LINK_TO
23,1,3468,HAS_LINK_TO
23,1,85,HAS_LINK_TO
23,1,36,HAS_LINK_TO
23,1,46,HAS_LINK_TO
23,1,1858,HAS_LINK_TO
23,1,3852,HAS_LINK_TO
23,1,78,HAS_LINK_TO
23,1,275,HAS_LINK_TO
23,1,24,HAS_LINK_TO
23,1,2539,HAS_LINK_TO
23,1,2000,HAS_LINK_TO
23,1,862,HAS_LINK_TO
23,1,207,HAS_LINK_TO
23,1,1829,HAS_LINK_TO
23,1,2147,HAS_LINK_TO
23,1,536,HAS_LINK_TO
23,1,574,HAS_LINK_TO
23,1,1345,HAS_LINK_TO
23,1,17,HAS_LINK_TO
23,1,1997,HAS_LINK_TO
23,1,714,HAS_LINK_TO
23,1,475,HAS_LINK_TO
23,1,40,HAS_LINK_TO
23,1,45,HAS_LINK_TO
23,1,323,HAS_LINK_TO
23,1,63,HAS_LINK_TO
23,1,4601,HAS_LINK_TO
23,1,2575,HAS_LINK_TO
23,1,3187,HAS_LINK_TO
23,1,1193,HAS_LINK_TO
23,1,564,HAS_LINK_TO
23,1,14,HAS_LINK_TO
23,1,1131,HAS_LINK_TO
23,1,3431,HAS_LINK_TO
23,1,844,HAS_LINK_TO
23,1,22,HAS_LINK_TO
23,1,1455,HAS_LINK_TO
23,1,2130,HAS_LINK_TO
23,1,198,HAS_LINK_TO
23,1,3616,HAS_LINK_TO
23,1,4202,HAS_LINK_TO
23,1,2594,HAS_LINK_TO
23,1,4499,HAS_LINK_TO
23,1,3850,HAS_LINK_TO
23,1,2728,HAS_LINK_TO
23,1,2300,HAS_LINK_TO
23,1,2156,HAS_LINK_TO
23,1,3618,HAS_LINK_TO
23,1,3957,HAS_LINK_TO
23,1,1079,HAS_LINK_TO
23,1,1683,HAS_LINK_TO
23,1,4462,HAS_LINK_TO
23,1,2628,HAS_LINK_TO
23,1,2205,HAS_LINK_TO
23,1,4408,HAS_LINK_TO
23,1,6,HAS_LINK_TO
23,1,3706,HAS_LINK_TO
23,1,53,HAS_LINK_TO
23,1,1848,HAS_LINK_TO
23,1,919,HAS_LINK_TO
23,1,2287,HAS_LINK_TO
23,1,4521,HAS_LINK_TO
23,1,1775,HAS_LINK_TO
23,1,49,HAS_LINK_TO
23,1,4574,HAS_LINK_TO
23,1,978,HAS_LINK_TO
23,1,645,HAS_LINK_TO
23,1,955,HAS_LINK_TO
23,1,3057,HAS_LINK_TO
23,1,388,HAS_LINK_TO
23,1,1776,HAS_LINK_TO
23,1,38,HAS_LINK_TO
23,1,47,HAS_LINK_TO
23,1,70,HAS_LINK_TO
23,1,956,HAS_LINK_TO
23,1,394,HAS_LINK_TO
23,1,4375,HAS_LINK_TO
23,1,16,HAS_LINK_TO
23,1,1700,HAS_LINK_TO
23,1,75,HAS_LINK_TO
23,1,3228,HAS_LINK_TO
23,1,4024,HAS_LINK_TO
23,1,3813,HAS_LINK_TO
23,1,2409,HAS_LINK_TO
23,1,3074,HAS_LINK_TO
23,1,98,HAS_LINK_TO
23,1,3790,HAS_LINK_TO
23,1,73,HAS_LINK_TO
23,1,4329,HAS_LINK_TO
23,1,2831,HAS_LINK_TO
23,1,2316,HAS_LINK_TO
23,1,4504,HAS_LINK_TO
23,1,55,HAS_LINK_TO
23,1,27,HAS_LINK_TO
23,1,2089,HAS_LINK_TO
23,1,1980,HAS_LINK_TO
23,1,670,HAS_LINK_TO
23,1,2468,HAS_LINK_TO
23,1,3036,HAS_LINK_TO
23,1,65,HAS_LINK_TO
23,1,87,HAS_LINK_TO
23,1,3696,HAS_LINK_TO
23,1,3206,HAS_LINK_TO
23,1,4314,HAS_LINK_TO
23,1,3153,HAS_LINK_TO
23,1,608,HAS_LINK_TO
23,1,541,HAS_LINK_TO
23,1,1650,HAS_LINK_TO
23,1,3134,HAS_LINK_TO
23,1,2905,HAS_LINK_TO
23,1,2823,HAS_LINK_TO
23,1,719,HAS_LINK_TO
23,1,2551,HAS_LINK_TO
23,1,4303,HAS_LINK_TO
23,1,3936,HAS_LINK_TO
23,1,1475,HAS_LINK_TO
23,1,4192,HAS_LINK_TO
23,1,663,HAS_LINK_TO
23,1,2302,HAS_LINK_TO
23,1,2820,HAS_LINK_TO
23,1,1436,HAS_LINK_TO
23,1,2928,HAS_LINK_TO
23,1,723,HAS_LINK_TO
23,1,2006,HAS_LINK_TO
23,1,742,HAS_LINK_TO
23,1,4638,HAS_LINK_TO
23,1,4195,HAS_LINK_TO
23,1,3640,HAS_LINK_TO
23,1,1626,HAS_LINK_TO
23,1,1191,HAS_LINK_TO
23,1,1090,HAS_LINK_TO
23,1,4062,HAS_LINK_TO
23,1,1401,HAS_LINK_TO
23,1,2050,HAS_LINK_TO
23,1,3670,HAS_LINK_TO
23,1,77,HAS_LINK_TO
23,1,1496,HAS_LINK_TO
23,1,203,HAS_LINK_TO
23,1,2640,HAS_LINK_TO
23,1,69,HAS_LINK_TO
23,1,61,HAS_LINK_TO
23,1,1879,HAS_LINK_TO
23,1,2957,HAS_LINK_TO
23,1,1648,HAS_LINK_TO
23,1,1821,HAS_LINK_TO
23,1,3615,HAS_LINK_TO
23,1,4052,HAS_LINK_TO
23,1,4360,HAS_LINK_TO
23,1,986,HAS_LINK_TO
23,1,3958,HAS_LINK_TO
23,1,364,HAS_LINK_TO
23,1,1853,HAS_LINK_TO
23,1,52,HAS_LINK_TO
23,1,1230,HAS_LINK_TO
23,1,526,HAS_LINK_TO
23,1,329,HAS_LINK_TO
23,1,2233,HAS_LINK_TO
23,1,60,HAS_LINK_TO
23,1,3520,HAS_LINK_TO
23,1,2839,HAS_LINK_TO
23,1,668,HAS_LINK_TO
23,1,72,HAS_LINK_TO
23,1,56,HAS_LINK_TO
23,1,4,HAS_LINK_TO
23,1,3587,HAS_LINK_TO
23,1,1564,HAS_LINK_TO
23,1,1440,HAS_LINK_TO
23,1,28,HAS_LINK_TO
23,1,3734,HAS_LINK_TO
23,1,135,HAS_LINK_TO
23,1,3031,HAS_LINK_TO
23,1,1260,HAS_LINK_TO
23,1,1233,HAS_LINK_TO
23,1,2492,HAS_LINK_TO
23,1,3101,HAS_LINK_TO
23,1,2,HAS_LINK_TO
23,1,4312,HAS_LINK_TO
23,1,1893,HAS_LINK_TO
23,1,3638,HAS_LINK_TO
23,1,3836,HAS_LINK_TO
23,1,1909,HAS_LINK_TO
23,1,64,HAS_LINK_TO
23,1,4284,HAS_LINK_TO
23,1,1603,HAS_LINK_TO
23,1,3519,HAS_LINK_TO
23,1,1916,HAS_LINK_TO
23,1,4019,HAS_LINK_TO
23,1,3792,HAS_LINK_TO
23,1,1321,HAS_LINK_TO
23,1,3703,HAS_LINK_TO
23,1,1053,HAS_LINK_TO
23,1,2335,HAS_LINK_TO
23,1,2062,HAS_LINK_TO
23,1,1702,HAS_LINK_TO
23,1,10,HAS_LINK_TO
23,1,11,HAS_LINK_TO
23,1,3030,HAS_LINK_TO
23,1,3407,HAS_LINK_TO
23,1,2989,HAS_LINK_TO
23,1,3894,HAS_LINK_TO
23,1,3479,HAS_LINK_TO
23,1,2769,HAS_LINK_TO
23,1,3555,HAS_LINK_TO
23,1,3946,HAS_LINK_TO
23,1,1210,HAS_LINK_TO
23,1,2681,HAS_LINK_TO
23,1,4137,HAS_LINK_TO
23,1,32,HAS_LINK_TO
23,1,1089,HAS_LINK_TO
23,1,29,HAS_LINK_TO
23,1,3527,HAS_LINK_TO
23,1,721,HAS_LINK_TO
23,1,2270,HAS_LINK_TO
23,1,4486,HAS_LINK_TO
23,1,1944,HAS_LINK_TO
23,1,922,HAS_LINK_TO
23,1,199,HAS_LINK_TO
23,1,3558,HAS_LINK_TO
23,1,727,HAS_LINK_TO
23,1,9,HAS_LINK_TO
23,1,7,HAS_LINK_TO
23,1,3537,HAS_LINK_TO
23,1,2970,HAS_LINK_TO
23,1,2805,HAS_LINK_TO
23,1,76,HAS_LINK_TO
23,1,836,HAS_LINK_TO
23,1,1271,HAS_LINK_TO
23,1,3,HAS_LINK_TO
23,1,4371,HAS_LINK_TO
23,1,305,HAS_LINK_TO
23,1,79,HAS_LINK_TO
23,1,546,HAS_LINK_TO
23,1,461,HAS_LINK_TO
23,1,37,HAS_LINK_TO
23,1,602,HAS_LINK_TO
23,1,140,HAS_LINK_TO
23,1,2932,HAS_LINK_TO
23,1,618,HAS_LINK_TO
23,1,1968,HAS_LINK_TO
23,1,404,HAS_LINK_TO
23,1,57,HAS_LINK_TO
23,1,80,HAS_LINK_TO
23,1,42,HAS_LINK_TO
23,1,2945,HAS_LINK_TO
23,1,71,HAS_LINK_TO
23,1,1447,HAS_LINK_TO
23,1,1691,HAS_LINK_TO
23,1,633,HAS_LINK_TO
23,1,2493,HAS_LINK_TO
23,1,3029,HAS_LINK_TO
23,1,4252,HAS_LINK_TO
23,1,2440,HAS_LINK_TO
23,1,15,HAS_LINK_TO
23,1,3951,HAS_LINK_TO
23,1,2540,HAS_LINK_TO
23,1,54,HAS_LINK_TO
23,1,2576,HAS_LINK_TO
23,1,2288,HAS_LINK_TO
23,1,4482,HAS_LINK_TO
23,1,4027,HAS_LINK_TO
23,1,4540,HAS_LINK_TO
23,1,4356,HAS_LINK_TO
23,1,2994,HAS_LINK_TO
23,1,1513,HAS_LINK_TO
24,1,3479,HAS_LINK_TO
24,1,2014,HAS_LINK_TO
24,1,34,HAS_LINK_TO
24,1,3866,HAS_LINK_TO
24,1,670,HAS_LINK_TO
24,1,18,HAS_LINK_TO
24,1,20,HAS_LINK_TO
24,1,199,HAS_LINK_TO
24,1,4567,HAS_LINK_TO
24,1,3486,HAS_LINK_TO
24,1,3128,HAS_LINK_TO
24,1,42,HAS_LINK_TO
24,1,2335,HAS_LINK_TO
24,1,29,HAS_LINK_TO
24,1,4019,HAS_LINK_TO
24,1,55,HAS_LINK_TO
24,1,53,HAS_LINK_TO
24,1,1233,HAS_LINK_TO
24,1,52,HAS_LINK_TO
24,1,3477,HAS_LINK_TO
24,1,1461,HAS_LINK_TO
24,1,2825,HAS_LINK_TO
24,1,539,HAS_LINK_TO
24,1,8,HAS_LINK_TO
24,1,26,HAS_LINK_TO
24,1,61,HAS_LINK_TO
24,1,3652,HAS_LINK_TO
24,1,3228,HAS_LINK_TO
24,1,51,HAS_LINK_TO
24,1,21,HAS_LINK_TO
24,1,58,HAS_LINK_TO
24,1,3231,HAS_LINK_TO
24,1,19,HAS_LINK_TO
24,1,3516,HAS_LINK_TO
24,1,1483,HAS_LINK_TO
24,1,28,HAS_LINK_TO
24,1,40,HAS_LINK_TO
24,1,3,HAS_LINK_TO
24,1,45,HAS_LINK_TO
24,1,593,HAS_LINK_TO
24,1,536,HAS_LINK_TO
24,1,4504,HAS_LINK_TO
24,1,1449,HAS_LINK_TO
24,1,13,HAS_LINK_TO
24,1,3442,HAS_LINK_TO
24,1,923,HAS_LINK_TO
24,1,4311,HAS_LINK_TO
24,1,324,HAS_LINK_TO
24,1,74,HAS_LINK_TO
24,1,3003,HAS_LINK_TO
24,1,3709,HAS_LINK_TO
24,1,1978,HAS_LINK_TO
24,1,3180,HAS_LINK_TO
24,1,2278,HAS_LINK_TO
24,1,39,HAS_LINK_TO
24,1,64,HAS_LINK_TO
24,1,323,HAS_LINK_TO
24,1,46,HAS_LINK_TO
24,1,68,HAS_LINK_TO
24,1,1456,HAS_LINK_TO
24,1,3886,HAS_LINK_TO
24,1,4052,HAS_LINK_TO
24,1,75,HAS_LINK_TO
24,1,532,HAS_LINK_TO
24,1,1089,HAS_LINK_TO
24,1,73,HAS_LINK_TO
24,1,612,HAS_LINK_TO
24,1,1807,HAS_LINK_TO
24,1,2277,HAS_LINK_TO
24,1,81,HAS_LINK_TO
24,1,2221,HAS_LINK_TO
24,1,4046,HAS_LINK_TO
24,1,3555,HAS_LINK_TO
24,1,12,HAS_LINK_TO
24,1,4638,HAS_LINK_TO
24,1,15,HAS_LINK_TO
24,1,77,HAS_LINK_TO
24,1,14,HAS_LINK_TO
24,1,76,HAS_LINK_TO
24,1,2686,HAS_LINK_TO
24,1,54,HAS_LINK_TO
24,1,3191,HAS_LINK_TO
24,1,16,HAS_LINK_TO
24,1,1611,HAS_LINK_TO
24,1,4375,HAS_LINK_TO
24,1,1457,HAS_LINK_TO
24,1,44,HAS_LINK_TO
24,1,72,HAS_LINK_TO
24,1,5,HAS_LINK_TO
24,1,66,HAS_LINK_TO
24,1,79,HAS_LINK_TO
24,1,70,HAS_LINK_TO
24,1,22,HAS_LINK_TO
24,1,4612,HAS_LINK_TO
24,1,1237,HAS_LINK_TO
24,1,2440,HAS_LINK_TO
24,1,35,HAS_LINK_TO
24,1,62,HAS_LINK_TO
24,1,59,HAS_LINK_TO
24,1,2853,HAS_LINK_TO
24,1,1162,HAS_LINK_TO
24,1,4024,HAS_LINK_TO
24,1,38,HAS_LINK_TO
24,1,1513,HAS_LINK_TO
24,1,3031,HAS_LINK_TO
24,1,651,HAS_LINK_TO
24,1,3153,HAS_LINK_TO
24,1,36,HAS_LINK_TO
24,1,71,HAS_LINK_TO
24,1,2896,HAS_LINK_TO
24,1,1300,HAS_LINK_TO
24,1,4277,HAS_LINK_TO
24,1,3026,HAS_LINK_TO
24,1,56,HAS_LINK_TO
24,1,2549,HAS_LINK_TO
24,1,9,HAS_LINK_TO
24,1,69,HAS_LINK_TO
24,1,25,HAS_LINK_TO
24,1,1276,HAS_LINK_TO
24,1,2493,HAS_LINK_TO
24,1,33,HAS_LINK_TO
24,1,60,HAS_LINK_TO
24,1,23,HAS_LINK_TO
24,1,540,HAS_LINK_TO
24,1,1704,HAS_LINK_TO
24,1,1836,HAS_LINK_TO
24,1,4642,HAS_LINK_TO
24,1,2509,HAS_LINK_TO
24,1,2840,HAS_LINK_TO
24,1,3034,HAS_LINK_TO
24,1,1416,HAS_LINK_TO
24,1,37,HAS_LINK_TO
24,1,2576,HAS_LINK_TO
24,1,394,HAS_LINK_TO
24,1,3850,HAS_LINK_TO
24,1,879,HAS_LINK_TO
24,1,1236,HAS_LINK_TO
24,1,1238,HAS_LINK_TO
24,1,4336,HAS_LINK_TO
24,1,1191,HAS_LINK_TO
24,1,217,HAS_LINK_TO
24,1,4312,HAS_LINK_TO
24,1,78,HAS_LINK_TO
24,1,1909,HAS_LINK_TO
24,1,846,HAS_LINK_TO
24,1,41,HAS_LINK_TO
24,1,1496,HAS_LINK_TO
24,1,1210,HAS_LINK_TO
24,1,2200,HAS_LINK_TO
24,1,3032,HAS_LINK_TO
24,1,1567,HAS_LINK_TO
24,1,3057,HAS_LINK_TO
24,1,4062,HAS_LINK_TO
24,1,47,HAS_LINK_TO
24,1,2429,HAS_LINK_TO
24,1,198,HAS_LINK_TO
24,1,17,HAS_LINK_TO
24,1,32,HAS_LINK_TO
24,1,43,HAS_LINK_TO
24,1,31,HAS_LINK_TO
24,1,49,HAS_LINK_TO
24,1,65,HAS_LINK_TO
24,1,67,HAS_LINK_TO
24,1,1592,HAS_LINK_TO
24,1,2011,HAS_LINK_TO
24,1,851,HAS_LINK_TO
24,1,4540,HAS_LINK_TO
24,1,2,HAS_LINK_TO
24,1,6,HAS_LINK_TO
24,1,2062,HAS_LINK_TO
24,1,3033,HAS_LINK_TO
24,1,538,HAS_LINK_TO
24,1,844,HAS_LINK_TO
24,1,50,HAS_LINK_TO
24,1,3030,HAS_LINK_TO
24,1,4191,HAS_LINK_TO
24,1,27,HAS_LINK_TO
24,1,48,HAS_LINK_TO
24,1,3509,HAS_LINK_TO
24,1,10,HAS_LINK_TO
24,1,869,HAS_LINK_TO
24,1,3450,HAS_LINK_TO
24,1,871,HAS_LINK_TO
24,1,1565,HAS_LINK_TO
24,1,80,HAS_LINK_TO
24,1,1,HAS_LINK_TO
24,1,30,HAS_LINK_TO
24,1,2575,HAS_LINK_TO
24,1,3662,HAS_LINK_TO
24,1,3036,HAS_LINK_TO
24,1,166,HAS_LINK_TO
24,1,4289,HAS_LINK_TO
24,1,4,HAS_LINK_TO
24,1,11,HAS_LINK_TO
24,1,7,HAS_LINK_TO
24,1,2073,HAS_LINK_TO
24,1,4496,HAS_LINK_TO
24,1,2926,HAS_LINK_TO
24,1,1230,HAS_LINK_TO
24,1,742,HAS_LINK_TO
24,1,2839,HAS_LINK_TO
24,1,57,HAS_LINK_TO
24,1,3852,HAS_LINK_TO
24,1,1648,HAS_LINK_TO
24,1,63,HAS_LINK_TO
25,1,3943,HAS_LINK_TO
25,1,383,HAS_LINK_TO
25,1,2302,HAS_LINK_TO
25,1,704,HAS_LINK_TO
25,1,3546,HAS_LINK_TO
25,1,1459,HAS_LINK_TO
25,1,2253,HAS_LINK_TO
25,1,1477,HAS_LINK_TO
25,1,3893,HAS_LINK_TO
25,1,3697,HAS_LINK_TO
25,1,1829,HAS_LINK_TO
25,1,3593,HAS_LINK_TO
25,1,1206,HAS_LINK_TO
25,1,2681,HAS_LINK_TO
25,1,416,HAS_LINK_TO
25,1,4452,HAS_LINK_TO
25,1,3231,HAS_LINK_TO
25,1,4486,HAS_LINK_TO
25,1,1008,HAS_LINK_TO
25,1,2064,HAS_LINK_TO
25,1,3777,HAS_LINK_TO
25,1,237,HAS_LINK_TO
25,1,2868,HAS_LINK_TO
25,1,1673,HAS_LINK_TO
25,1,2052,HAS_LINK_TO
25,1,4630,HAS_LINK_TO
25,1,1449,HAS_LINK_TO
25,1,1517,HAS_LINK_TO
25,1,1993,HAS_LINK_TO
25,1,3393,HAS_LINK_TO
25,1,108,HAS_LINK_TO
25,1,565,HAS_LINK_TO
25,1,3398,HAS_LINK_TO
25,1,695,HAS_LINK_TO
25,1,1989,HAS_LINK_TO
25,1,3008,HAS_LINK_TO
25,1,1766,HAS_LINK_TO
25,1,3570,HAS_LINK_TO
25,1,46,HAS_LINK_TO
25,1,821,HAS_LINK_TO
25,1,1143,HAS_LINK_TO
25,1,1317,HAS_LINK_TO
25,1,612,HAS_LINK_TO
25,1,1319,HAS_LINK_TO
25,1,786,HAS_LINK_TO
25,1,617,HAS_LINK_TO
25,1,2573,HAS_LINK_TO
25,1,16,HAS_LINK_TO
25,1,72,HAS_LINK_TO
25,1,66,HAS_LINK_TO
25,1,3012,HAS_LINK_TO
25,1,1114,HAS_LINK_TO
25,1,1701,HAS_LINK_TO
25,1,236,HAS_LINK_TO
25,1,723,HAS_LINK_TO
25,1,1152,HAS_LINK_TO
25,1,4416,HAS_LINK_TO
25,1,158,HAS_LINK_TO
25,1,1568,HAS_LINK_TO
25,1,2365,HAS_LINK_TO
25,1,2912,HAS_LINK_TO
25,1,3948,HAS_LINK_TO
25,1,3459,HAS_LINK_TO
25,1,2896,HAS_LINK_TO
25,1,2549,HAS_LINK_TO
25,1,4012,HAS_LINK_TO
25,1,2756,HAS_LINK_TO
25,1,986,HAS_LINK_TO
25,1,719,HAS_LINK_TO
25,1,2840,HAS_LINK_TO
25,1,37,HAS_LINK_TO
25,1,1812,HAS_LINK_TO
25,1,1987,HAS_LINK_TO
25,1,1738,HAS_LINK_TO
25,1,4329,HAS_LINK_TO
25,1,1566,HAS_LINK_TO
25,1,4472,HAS_LINK_TO
25,1,225,HAS_LINK_TO
25,1,1087,HAS_LINK_TO
25,1,1173,HAS_LINK_TO
25,1,2425,HAS_LINK_TO
25,1,2224,HAS_LINK_TO
25,1,517,HAS_LINK_TO
25,1,1257,HAS_LINK_TO
25,1,2555,HAS_LINK_TO
25,1,1215,HAS_LINK_TO
25,1,2244,HAS_LINK_TO
25,1,2,HAS_LINK_TO
25,1,3403,HAS_LINK_TO
25,1,2063,HAS_LINK_TO
25,1,2043,HAS_LINK_TO
25,1,2375,HAS_LINK_TO
25,1,4030,HAS_LINK_TO
25,1,1309,HAS_LINK_TO
25,1,30,HAS_LINK_TO
25,1,571,HAS_LINK_TO
25,1,1642,HAS_LINK_TO
25,1,4118,HAS_LINK_TO
25,1,2918,HAS_LINK_TO
25,1,508,HAS_LINK_TO
25,1,2279,HAS_LINK_TO
25,1,916,HAS_LINK_TO
25,1,661,HAS_LINK_TO
25,1,730,HAS_LINK_TO
25,1,960,HAS_LINK_TO
25,1,1054,HAS_LINK_TO
25,1,2688,HAS_LINK_TO
25,1,3962,HAS_LINK_TO
25,1,2383,HAS_LINK_TO
25,1,838,HAS_LINK_TO
25,1,2088,HAS_LINK_TO
25,1,2067,HAS_LINK_TO
25,1,3040,HAS_LINK_TO
25,1,2374,HAS_LINK_TO
25,1,1432,HAS_LINK_TO
25,1,2975,HAS_LINK_TO
25,1,4518,HAS_LINK_TO
25,1,2622,HAS_LINK_TO
25,1,3020,HAS_LINK_TO
25,1,1315,HAS_LINK_TO
25,1,580,HAS_LINK_TO
25,1,3150,HAS_LINK_TO
25,1,897,HAS_LINK_TO
25,1,4396,HAS_LINK_TO
25,1,3388,HAS_LINK_TO
25,1,1295,HAS_LINK_TO
25,1,140,HAS_LINK_TO
25,1,4366,HAS_LINK_TO
25,1,1353,HAS_LINK_TO
25,1,754,HAS_LINK_TO
25,1,2739,HAS_LINK_TO
25,1,1408,HAS_LINK_TO
25,1,643,HAS_LINK_TO
25,1,445,HAS_LINK_TO
25,1,2085,HAS_LINK_TO
25,1,401,HAS_LINK_TO
25,1,799,HAS_LINK_TO
25,1,3073,HAS_LINK_TO
25,1,2665,HAS_LINK_TO
25,1,2625,HAS_LINK_TO
25,1,3864,HAS_LINK_TO
25,1,1721,HAS_LINK_TO
25,1,14,HAS_LINK_TO
25,1,3894,HAS_LINK_TO
25,1,4375,HAS_LINK_TO
25,1,2608,HAS_LINK_TO
25,1,4487,HAS_LINK_TO
25,1,3713,HAS_LINK_TO
25,1,3470,HAS_LINK_TO
25,1,4495,HAS_LINK_TO
25,1,3945,HAS_LINK_TO
25,1,1561,HAS_LINK_TO
25,1,2436,HAS_LINK_TO
25,1,2280,HAS_LINK_TO
25,1,866,HAS_LINK_TO
25,1,2689,HAS_LINK_TO
25,1,3918,HAS_LINK_TO
25,1,3858,HAS_LINK_TO
25,1,1684,HAS_LINK_TO
25,1,2424,HAS_LINK_TO
25,1,3026,HAS_LINK_TO
25,1,1765,HAS_LINK_TO
25,1,1405,HAS_LINK_TO
25,1,1712,HAS_LINK_TO
25,1,1888,HAS_LINK_TO
25,1,3737,HAS_LINK_TO
25,1,3904,HAS_LINK_TO
25,1,4039,HAS_LINK_TO
25,1,3836,HAS_LINK_TO
25,1,2752,HAS_LINK_TO
25,1,2778,HAS_LINK_TO
25,1,2355,HAS_LINK_TO
25,1,1242,HAS_LINK_TO
25,1,2080,HAS_LINK_TO
25,1,578,HAS_LINK_TO
25,1,118,HAS_LINK_TO
25,1,1003,HAS_LINK_TO
25,1,231,HAS_LINK_TO
25,1,4312,HAS_LINK_TO
25,1,2748,HAS_LINK_TO
25,1,4252,HAS_LINK_TO
25,1,4183,HAS_LINK_TO
25,1,4395,HAS_LINK_TO
25,1,3520,HAS_LINK_TO
25,1,713,HAS_LINK_TO
25,1,47,HAS_LINK_TO
25,1,2408,HAS_LINK_TO
25,1,32,HAS_LINK_TO
25,1,2254,HAS_LINK_TO
25,1,3469,HAS_LINK_TO
25,1,4053,HAS_LINK_TO
25,1,2166,HAS_LINK_TO
25,1,1144,HAS_LINK_TO
25,1,555,HAS_LINK_TO
25,1,1773,HAS_LINK_TO
25,1,48,HAS_LINK_TO
25,1,260,HAS_LINK_TO
25,1,1971,HAS_LINK_TO
25,1,4228,HAS_LINK_TO
25,1,1506,HAS_LINK_TO
25,1,2214,HAS_LINK_TO
25,1,1213,HAS_LINK_TO
25,1,1345,HAS_LINK_TO
25,1,148,HAS_LINK_TO
25,1,1914,HAS_LINK_TO
25,1,1504,HAS_LINK_TO
25,1,3215,HAS_LINK_TO
25,1,3803,HAS_LINK_TO
25,1,3876,HAS_LINK_TO
25,1,3963,HAS_LINK_TO
25,1,1446,HAS_LINK_TO
25,1,4497,HAS_LINK_TO
25,1,4134,HAS_LINK_TO
25,1,1448,HAS_LINK_TO
25,1,3477,HAS_LINK_TO
25,1,51,HAS_LINK_TO
25,1,2527,HAS_LINK_TO
25,1,2533,HAS_LINK_TO
25,1,4571,HAS_LINK_TO
25,1,1022,HAS_LINK_TO
25,1,559,HAS_LINK_TO
25,1,4056,HAS_LINK_TO
25,1,2083,HAS_LINK_TO
25,1,3895,HAS_LINK_TO
25,1,2003,HAS_LINK_TO
25,1,4359,HAS_LINK_TO
25,1,4468,HAS_LINK_TO
25,1,685,HAS_LINK_TO
25,1,393,HAS_LINK_TO
25,1,4311,HAS_LINK_TO
25,1,2361,HAS_LINK_TO
25,1,4466,HAS_LINK_TO
25,1,1220,HAS_LINK_TO
25,1,2565,HAS_LINK_TO
25,1,1718,HAS_LINK_TO
25,1,4453,HAS_LINK_TO
25,1,4583,HAS_LINK_TO
25,1,3831,HAS_LINK_TO
25,1,568,HAS_LINK_TO
25,1,73,HAS_LINK_TO
25,1,1131,HAS_LINK_TO
25,1,3935,HAS_LINK_TO
25,1,4178,HAS_LINK_TO
25,1,2487,HAS_LINK_TO
25,1,3785,HAS_LINK_TO
25,1,453,HAS_LINK_TO
25,1,3978,HAS_LINK_TO
25,1,817,HAS_LINK_TO
25,1,1925,HAS_LINK_TO
25,1,2427,HAS_LINK_TO
25,1,3859,HAS_LINK_TO
25,1,2289,HAS_LINK_TO
25,1,3031,HAS_LINK_TO
25,1,651,HAS_LINK_TO
25,1,3153,HAS_LINK_TO
25,1,3677,HAS_LINK_TO
25,1,2249,HAS_LINK_TO
25,1,159,HAS_LINK_TO
25,1,900,HAS_LINK_TO
25,1,747,HAS_LINK_TO
25,1,1014,HAS_LINK_TO
25,1,1140,HAS_LINK_TO
25,1,4277,HAS_LINK_TO
25,1,512,HAS_LINK_TO
25,1,1010,HAS_LINK_TO
25,1,1243,HAS_LINK_TO
25,1,4533,HAS_LINK_TO
25,1,4490,HAS_LINK_TO
25,1,1575,HAS_LINK_TO
25,1,1839,HAS_LINK_TO
25,1,526,HAS_LINK_TO
25,1,1312,HAS_LINK_TO
25,1,3828,HAS_LINK_TO
25,1,327,HAS_LINK_TO
25,1,2127,HAS_LINK_TO
25,1,1819,HAS_LINK_TO
25,1,4274,HAS_LINK_TO
25,1,1677,HAS_LINK_TO
25,1,2106,HAS_LINK_TO
25,1,1961,HAS_LINK_TO
25,1,930,HAS_LINK_TO
25,1,4062,HAS_LINK_TO
25,1,1784,HAS_LINK_TO
25,1,4629,HAS_LINK_TO
25,1,3718,HAS_LINK_TO
25,1,2548,HAS_LINK_TO
25,1,377,HAS_LINK_TO
25,1,2984,HAS_LINK_TO
25,1,3472,HAS_LINK_TO
25,1,1121,HAS_LINK_TO
25,1,752,HAS_LINK_TO
25,1,4279,HAS_LINK_TO
25,1,3206,HAS_LINK_TO
25,1,3033,HAS_LINK_TO
25,1,3977,HAS_LINK_TO
25,1,3705,HAS_LINK_TO
25,1,2400,HAS_LINK_TO
25,1,2621,HAS_LINK_TO
25,1,3841,HAS_LINK_TO
25,1,3615,HAS_LINK_TO
25,1,1565,HAS_LINK_TO
25,1,2908,HAS_LINK_TO
25,1,1702,HAS_LINK_TO
25,1,828,HAS_LINK_TO
25,1,2575,HAS_LINK_TO
25,1,1855,HAS_LINK_TO
25,1,3201,HAS_LINK_TO
25,1,2597,HAS_LINK_TO
25,1,144,HAS_LINK_TO
25,1,1367,HAS_LINK_TO
25,1,715,HAS_LINK_TO
25,1,1388,HAS_LINK_TO
25,1,143,HAS_LINK_TO
25,1,1428,HAS_LINK_TO
25,1,2028,HAS_LINK_TO
25,1,2014,HAS_LINK_TO
25,1,1850,HAS_LINK_TO
25,1,3541,HAS_LINK_TO
25,1,4581,HAS_LINK_TO
25,1,884,HAS_LINK_TO
25,1,1026,HAS_LINK_TO
25,1,2935,HAS_LINK_TO
25,1,3873,HAS_LINK_TO
25,1,2158,HAS_LINK_TO
25,1,567,HAS_LINK_TO
25,1,2381,HAS_LINK_TO
25,1,4451,HAS_LINK_TO
25,1,3720,HAS_LINK_TO
25,1,4422,HAS_LINK_TO
25,1,1134,HAS_LINK_TO
25,1,3723,HAS_LINK_TO
25,1,1963,HAS_LINK_TO
25,1,2537,HAS_LINK_TO
25,1,2465,HAS_LINK_TO
25,1,456,HAS_LINK_TO
25,1,3680,HAS_LINK_TO
25,1,2492,HAS_LINK_TO
25,1,356,HAS_LINK_TO
25,1,3180,HAS_LINK_TO
25,1,1926,HAS_LINK_TO
25,1,3004,HAS_LINK_TO
25,1,3886,HAS_LINK_TO
25,1,3210,HAS_LINK_TO
25,1,475,HAS_LINK_TO
25,1,2065,HAS_LINK_TO
25,1,1258,HAS_LINK_TO
25,1,3143,HAS_LINK_TO
25,1,2277,HAS_LINK_TO
25,1,4011,HAS_LINK_TO
25,1,4046,HAS_LINK_TO
25,1,4455,HAS_LINK_TO
25,1,2054,HAS_LINK_TO
25,1,2710,HAS_LINK_TO
25,1,1457,HAS_LINK_TO
25,1,2923,HAS_LINK_TO
25,1,3908,HAS_LINK_TO
25,1,3556,HAS_LINK_TO
25,1,3193,HAS_LINK_TO
25,1,4612,HAS_LINK_TO
25,1,59,HAS_LINK_TO
25,1,925,HAS_LINK_TO
25,1,976,HAS_LINK_TO
25,1,3802,HAS_LINK_TO
25,1,358,HAS_LINK_TO
25,1,4024,HAS_LINK_TO
25,1,3083,HAS_LINK_TO
25,1,329,HAS_LINK_TO
25,1,639,HAS_LINK_TO
25,1,4040,HAS_LINK_TO
25,1,1562,HAS_LINK_TO
25,1,4350,HAS_LINK_TO
25,1,3456,HAS_LINK_TO
25,1,3011,HAS_LINK_TO
25,1,2462,HAS_LINK_TO
25,1,800,HAS_LINK_TO
25,1,745,HAS_LINK_TO
25,1,1908,HAS_LINK_TO
25,1,1136,HAS_LINK_TO
25,1,4471,HAS_LINK_TO
25,1,1743,HAS_LINK_TO
25,1,4613,HAS_LINK_TO
25,1,528,HAS_LINK_TO
25,1,2437,HAS_LINK_TO
25,1,491,HAS_LINK_TO
25,1,3461,HAS_LINK_TO
25,1,4609,HAS_LINK_TO
25,1,1948,HAS_LINK_TO
25,1,1404,HAS_LINK_TO
25,1,846,HAS_LINK_TO
25,1,1297,HAS_LINK_TO
25,1,488,HAS_LINK_TO
25,1,3539,HAS_LINK_TO
25,1,1210,HAS_LINK_TO
25,1,2428,HAS_LINK_TO
25,1,4322,HAS_LINK_TO
25,1,3214,HAS_LINK_TO
25,1,363,HAS_LINK_TO
25,1,3088,HAS_LINK_TO
25,1,3832,HAS_LINK_TO
25,1,3738,HAS_LINK_TO
25,1,2459,HAS_LINK_TO
25,1,894,HAS_LINK_TO
25,1,871,HAS_LINK_TO
25,1,848,HAS_LINK_TO
25,1,278,HAS_LINK_TO
25,1,3662,HAS_LINK_TO
25,1,1846,HAS_LINK_TO
25,1,2027,HAS_LINK_TO
25,1,2133,HAS_LINK_TO
25,1,11,HAS_LINK_TO
25,1,2073,HAS_LINK_TO
25,1,4496,HAS_LINK_TO
25,1,4256,HAS_LINK_TO
25,1,2766,HAS_LINK_TO
25,1,379,HAS_LINK_TO
25,1,618,HAS_LINK_TO
25,1,498,HAS_LINK_TO
25,1,1046,HAS_LINK_TO
25,1,1230,HAS_LINK_TO
25,1,1418,HAS_LINK_TO
25,1,1608,HAS_LINK_TO
25,1,2252,HAS_LINK_TO
25,1,1030,HAS_LINK_TO
25,1,2029,HAS_LINK_TO
25,1,1686,HAS_LINK_TO
25,1,1056,HAS_LINK_TO
25,1,2640,HAS_LINK_TO
25,1,737,HAS_LINK_TO
25,1,3628,HAS_LINK_TO
25,1,26,HAS_LINK_TO
25,1,4357,HAS_LINK_TO
25,1,3861,HAS_LINK_TO
25,1,3107,HAS_LINK_TO
25,1,1394,HAS_LINK_TO
25,1,1999,HAS_LINK_TO
25,1,2546,HAS_LINK_TO
25,1,1469,HAS_LINK_TO
25,1,1294,HAS_LINK_TO
25,1,530,HAS_LINK_TO
25,1,4328,HAS_LINK_TO
25,1,3232,HAS_LINK_TO
25,1,2435,HAS_LINK_TO
25,1,28,HAS_LINK_TO
25,1,1724,HAS_LINK_TO
25,1,3442,HAS_LINK_TO
25,1,1582,HAS_LINK_TO
25,1,2941,HAS_LINK_TO
25,1,4527,HAS_LINK_TO
25,1,247,HAS_LINK_TO
25,1,2191,HAS_LINK_TO
25,1,521,HAS_LINK_TO
25,1,4187,HAS_LINK_TO
25,1,2342,HAS_LINK_TO
25,1,3712,HAS_LINK_TO
25,1,3654,HAS_LINK_TO
25,1,2434,HAS_LINK_TO
25,1,76,HAS_LINK_TO
25,1,3587,HAS_LINK_TO
25,1,2741,HAS_LINK_TO
25,1,919,HAS_LINK_TO
25,1,3025,HAS_LINK_TO
25,1,1510,HAS_LINK_TO
25,1,931,HAS_LINK_TO
25,1,2786,HAS_LINK_TO
25,1,2009,HAS_LINK_TO
25,1,1549,HAS_LINK_TO
25,1,589,HAS_LINK_TO
25,1,2945,HAS_LINK_TO
25,1,2385,HAS_LINK_TO
25,1,208,HAS_LINK_TO
25,1,2121,HAS_LINK_TO
25,1,2246,HAS_LINK_TO
25,1,1955,HAS_LINK_TO
25,1,36,HAS_LINK_TO
25,1,71,HAS_LINK_TO
25,1,1885,HAS_LINK_TO
25,1,3826,HAS_LINK_TO
25,1,1836,HAS_LINK_TO
25,1,2509,HAS_LINK_TO
25,1,4515,HAS_LINK_TO
25,1,2407,HAS_LINK_TO
25,1,2576,HAS_LINK_TO
25,1,966,HAS_LINK_TO
25,1,396,HAS_LINK_TO
25,1,4325,HAS_LINK_TO
25,1,1867,HAS_LINK_TO
25,1,3965,HAS_LINK_TO
25,1,1811,HAS_LINK_TO
25,1,679,HAS_LINK_TO
25,1,3730,HAS_LINK_TO
25,1,1079,HAS_LINK_TO
25,1,132,HAS_LINK_TO
25,1,1474,HAS_LINK_TO
25,1,105,HAS_LINK_TO
25,1,3032,HAS_LINK_TO
25,1,1995,HAS_LINK_TO
25,1,1783,HAS_LINK_TO
25,1,3875,HAS_LINK_TO
25,1,955,HAS_LINK_TO
25,1,2627,HAS_LINK_TO
25,1,1231,HAS_LINK_TO
25,1,1858,HAS_LINK_TO
25,1,194,HAS_LINK_TO
25,1,2339,HAS_LINK_TO
25,1,710,HAS_LINK_TO
25,1,4092,HAS_LINK_TO
25,1,3610,HAS_LINK_TO
25,1,1092,HAS_LINK_TO
25,1,1834,HAS_LINK_TO
25,1,4140,HAS_LINK_TO
25,1,2340,HAS_LINK_TO
25,1,1,HAS_LINK_TO
25,1,336,HAS_LINK_TO
25,1,98,HAS_LINK_TO
25,1,3061,HAS_LINK_TO
25,1,1950,HAS_LINK_TO
25,1,751,HAS_LINK_TO
25,1,3776,HAS_LINK_TO
25,1,3431,HAS_LINK_TO
25,1,4530,HAS_LINK_TO
25,1,2366,HAS_LINK_TO
25,1,2001,HAS_LINK_TO
25,1,3418,HAS_LINK_TO
25,1,2066,HAS_LINK_TO
25,1,3936,HAS_LINK_TO
25,1,1352,HAS_LINK_TO
25,1,2386,HAS_LINK_TO
25,1,2216,HAS_LINK_TO
25,1,574,HAS_LINK_TO
25,1,4306,HAS_LINK_TO
25,1,726,HAS_LINK_TO
25,1,4488,HAS_LINK_TO
25,1,600,HAS_LINK_TO
25,1,3590,HAS_LINK_TO
25,1,2771,HAS_LINK_TO
25,1,3786,HAS_LINK_TO
25,1,3227,HAS_LINK_TO
25,1,939,HAS_LINK_TO
25,1,3995,HAS_LINK_TO
25,1,2205,HAS_LINK_TO
25,1,3955,HAS_LINK_TO
25,1,1900,HAS_LINK_TO
25,1,1788,HAS_LINK_TO
25,1,3709,HAS_LINK_TO
25,1,2089,HAS_LINK_TO
25,1,563,HAS_LINK_TO
25,1,4098,HAS_LINK_TO
25,1,1089,HAS_LINK_TO
25,1,96,HAS_LINK_TO
25,1,1040,HAS_LINK_TO
25,1,2661,HAS_LINK_TO
25,1,3382,HAS_LINK_TO
25,1,15,HAS_LINK_TO
25,1,992,HAS_LINK_TO
25,1,3799,HAS_LINK_TO
25,1,961,HAS_LINK_TO
25,1,2899,HAS_LINK_TO
25,1,2291,HAS_LINK_TO
25,1,2797,HAS_LINK_TO
25,1,860,HAS_LINK_TO
25,1,1436,HAS_LINK_TO
25,1,4319,HAS_LINK_TO
25,1,863,HAS_LINK_TO
25,1,1237,HAS_LINK_TO
25,1,1476,HAS_LINK_TO
25,1,4547,HAS_LINK_TO
25,1,2262,HAS_LINK_TO
25,1,1630,HAS_LINK_TO
25,1,60,HAS_LINK_TO
25,1,3473,HAS_LINK_TO
25,1,2636,HAS_LINK_TO
25,1,3208,HAS_LINK_TO
25,1,3746,HAS_LINK_TO
25,1,996,HAS_LINK_TO
25,1,3094,HAS_LINK_TO
25,1,1670,HAS_LINK_TO
25,1,369,HAS_LINK_TO
25,1,952,HAS_LINK_TO
25,1,2895,HAS_LINK_TO
25,1,3860,HAS_LINK_TO
25,1,2444,HAS_LINK_TO
25,1,1669,HAS_LINK_TO
25,1,3602,HAS_LINK_TO
25,1,4127,HAS_LINK_TO
25,1,849,HAS_LINK_TO
25,1,1028,HAS_LINK_TO
25,1,65,HAS_LINK_TO
25,1,1960,HAS_LINK_TO
25,1,2130,HAS_LINK_TO
25,1,933,HAS_LINK_TO
25,1,3501,HAS_LINK_TO
25,1,50,HAS_LINK_TO
25,1,1519,HAS_LINK_TO
25,1,3635,HAS_LINK_TO
25,1,130,HAS_LINK_TO
25,1,3048,HAS_LINK_TO
25,1,2051,HAS_LINK_TO
25,1,10,HAS_LINK_TO
25,1,1709,HAS_LINK_TO
25,1,4193,HAS_LINK_TO
25,1,1750,HAS_LINK_TO
25,1,3101,HAS_LINK_TO
25,1,2293,HAS_LINK_TO
25,1,229,HAS_LINK_TO
25,1,1153,HAS_LINK_TO
25,1,2637,HAS_LINK_TO
25,1,3829,HAS_LINK_TO
25,1,2306,HAS_LINK_TO
25,1,3871,HAS_LINK_TO
25,1,964,HAS_LINK_TO
25,1,1037,HAS_LINK_TO
25,1,3657,HAS_LINK_TO
25,1,859,HAS_LINK_TO
25,1,3833,HAS_LINK_TO
25,1,2229,HAS_LINK_TO
25,1,4503,HAS_LINK_TO
25,1,53,HAS_LINK_TO
25,1,2038,HAS_LINK_TO
25,1,3614,HAS_LINK_TO
25,1,1473,HAS_LINK_TO
25,1,3652,HAS_LINK_TO
25,1,4438,HAS_LINK_TO
25,1,2463,HAS_LINK_TO
25,1,2740,HAS_LINK_TO
25,1,1685,HAS_LINK_TO
25,1,1009,HAS_LINK_TO
25,1,19,HAS_LINK_TO
25,1,2976,HAS_LINK_TO
25,1,974,HAS_LINK_TO
25,1,3830,HAS_LINK_TO
25,1,1018,HAS_LINK_TO
25,1,536,HAS_LINK_TO
25,1,2798,HAS_LINK_TO
25,1,1507,HAS_LINK_TO
25,1,1064,HAS_LINK_TO
25,1,3960,HAS_LINK_TO
25,1,2528,HAS_LINK_TO
25,1,2759,HAS_LINK_TO
25,1,2897,HAS_LINK_TO
25,1,119,HAS_LINK_TO
25,1,324,HAS_LINK_TO
25,1,4185,HAS_LINK_TO
25,1,3003,HAS_LINK_TO
25,1,4051,HAS_LINK_TO
25,1,93,HAS_LINK_TO
25,1,3914,HAS_LINK_TO
25,1,4419,HAS_LINK_TO
25,1,1320,HAS_LINK_TO
25,1,3809,HAS_LINK_TO
25,1,736,HAS_LINK_TO
25,1,2221,HAS_LINK_TO
25,1,2305,HAS_LINK_TO
25,1,905,HAS_LINK_TO
25,1,850,HAS_LINK_TO
25,1,3993,HAS_LINK_TO
25,1,4101,HAS_LINK_TO
25,1,3946,HAS_LINK_TO
25,1,922,HAS_LINK_TO
25,1,2247,HAS_LINK_TO
25,1,3997,HAS_LINK_TO
25,1,3670,HAS_LINK_TO
25,1,1607,HAS_LINK_TO
25,1,35,HAS_LINK_TO
25,1,2147,HAS_LINK_TO
25,1,276,HAS_LINK_TO
25,1,233,HAS_LINK_TO
25,1,1371,HAS_LINK_TO
25,1,4148,HAS_LINK_TO
25,1,215,HAS_LINK_TO
25,1,56,HAS_LINK_TO
25,1,2493,HAS_LINK_TO
25,1,4628,HAS_LINK_TO
25,1,893,HAS_LINK_TO
25,1,750,HAS_LINK_TO
25,1,879,HAS_LINK_TO
25,1,1236,HAS_LINK_TO
25,1,2153,HAS_LINK_TO
25,1,1876,HAS_LINK_TO
25,1,2447,HAS_LINK_TO
25,1,78,HAS_LINK_TO
25,1,41,HAS_LINK_TO
25,1,3057,HAS_LINK_TO
25,1,2594,HAS_LINK_TO
25,1,3580,HAS_LINK_TO
25,1,1907,HAS_LINK_TO
25,1,4444,HAS_LINK_TO
25,1,1127,HAS_LINK_TO
25,1,2989,HAS_LINK_TO
25,1,3669,HAS_LINK_TO
25,1,934,HAS_LINK_TO
25,1,3029,HAS_LINK_TO
25,1,3120,HAS_LINK_TO
25,1,4549,HAS_LINK_TO
25,1,3069,HAS_LINK_TO
25,1,2379,HAS_LINK_TO
25,1,84,HAS_LINK_TO
25,1,764,HAS_LINK_TO
25,1,1813,HAS_LINK_TO
25,1,3537,HAS_LINK_TO
25,1,1038,HAS_LINK_TO
25,1,3176,HAS_LINK_TO
25,1,4,HAS_LINK_TO
25,1,3967,HAS_LINK_TO
25,1,1083,HAS_LINK_TO
25,1,3694,HAS_LINK_TO
25,1,2898,HAS_LINK_TO
25,1,1157,HAS_LINK_TO
25,1,2673,HAS_LINK_TO
25,1,2982,HAS_LINK_TO
25,1,2632,HAS_LINK_TO
25,1,40,HAS_LINK_TO
25,1,2156,HAS_LINK_TO
25,1,4213,HAS_LINK_TO
25,1,1467,HAS_LINK_TO
25,1,4339,HAS_LINK_TO
25,1,2376,HAS_LINK_TO
25,1,4229,HAS_LINK_TO
25,1,3979,HAS_LINK_TO
25,1,1831,HAS_LINK_TO
25,1,3074,HAS_LINK_TO
25,1,85,HAS_LINK_TO
25,1,3175,HAS_LINK_TO
25,1,2178,HAS_LINK_TO
25,1,768,HAS_LINK_TO
25,1,3790,HAS_LINK_TO
25,1,4050,HAS_LINK_TO
25,1,3781,HAS_LINK_TO
25,1,3204,HAS_LINK_TO
25,1,4149,HAS_LINK_TO
25,1,4362,HAS_LINK_TO
25,1,2535,HAS_LINK_TO
25,1,13,HAS_LINK_TO
25,1,1809,HAS_LINK_TO
25,1,3783,HAS_LINK_TO
25,1,1034,HAS_LINK_TO
25,1,4607,HAS_LINK_TO
25,1,1454,HAS_LINK_TO
25,1,64,HAS_LINK_TO
25,1,2563,HAS_LINK_TO
25,1,75,HAS_LINK_TO
25,1,4484,HAS_LINK_TO
25,1,4206,HAS_LINK_TO
25,1,4195,HAS_LINK_TO
25,1,448,HAS_LINK_TO
25,1,2076,HAS_LINK_TO
25,1,268,HAS_LINK_TO
25,1,2457,HAS_LINK_TO
25,1,54,HAS_LINK_TO
25,1,440,HAS_LINK_TO
25,1,5,HAS_LINK_TO
25,1,2609,HAS_LINK_TO
25,1,62,HAS_LINK_TO
25,1,3729,HAS_LINK_TO
25,1,185,HAS_LINK_TO
25,1,4348,HAS_LINK_TO
25,1,1967,HAS_LINK_TO
25,1,924,HAS_LINK_TO
25,1,1288,HAS_LINK_TO
25,1,3758,HAS_LINK_TO
25,1,4367,HAS_LINK_TO
25,1,2170,HAS_LINK_TO
25,1,23,HAS_LINK_TO
25,1,1511,HAS_LINK_TO
25,1,4351,HAS_LINK_TO
25,1,1879,HAS_LINK_TO
25,1,1023,HAS_LINK_TO
25,1,3115,HAS_LINK_TO
25,1,2762,HAS_LINK_TO
25,1,4136,HAS_LINK_TO
25,1,3632,HAS_LINK_TO
25,1,1045,HAS_LINK_TO
25,1,664,HAS_LINK_TO
25,1,2994,HAS_LINK_TO
25,1,647,HAS_LINK_TO
25,1,2226,HAS_LINK_TO
25,1,3998,HAS_LINK_TO
25,1,31,HAS_LINK_TO
25,1,3017,HAS_LINK_TO
25,1,3792,HAS_LINK_TO
25,1,43,HAS_LINK_TO
25,1,176,HAS_LINK_TO
25,1,1541,HAS_LINK_TO
25,1,342,HAS_LINK_TO
25,1,4271,HAS_LINK_TO
25,1,1240,HAS_LINK_TO
25,1,27,HAS_LINK_TO
25,1,2304,HAS_LINK_TO
25,1,1681,HAS_LINK_TO
25,1,2461,HAS_LINK_TO
25,1,927,HAS_LINK_TO
25,1,2455,HAS_LINK_TO
25,1,2174,HAS_LINK_TO
25,1,4289,HAS_LINK_TO
25,1,3174,HAS_LINK_TO
25,1,2445,HAS_LINK_TO
25,1,2777,HAS_LINK_TO
25,1,2103,HAS_LINK_TO
25,1,4482,HAS_LINK_TO
25,1,1848,HAS_LINK_TO
25,1,4447,HAS_LINK_TO
25,1,1735,HAS_LINK_TO
25,1,4521,HAS_LINK_TO
25,1,2049,HAS_LINK_TO
25,1,4327,HAS_LINK_TO
25,1,2454,HAS_LINK_TO
25,1,3129,HAS_LINK_TO
25,1,52,HAS_LINK_TO
25,1,3041,HAS_LINK_TO
25,1,1763,HAS_LINK_TO
25,1,58,HAS_LINK_TO
25,1,1313,HAS_LINK_TO
25,1,1742,HAS_LINK_TO
25,1,593,HAS_LINK_TO
25,1,3400,HAS_LINK_TO
25,1,3200,HAS_LINK_TO
25,1,3187,HAS_LINK_TO
25,1,3725,HAS_LINK_TO
25,1,4010,HAS_LINK_TO
25,1,4522,HAS_LINK_TO
25,1,2842,HAS_LINK_TO
25,1,69,HAS_LINK_TO
25,1,1145,HAS_LINK_TO
25,1,2805,HAS_LINK_TO
25,1,1758,HAS_LINK_TO
25,1,2893,HAS_LINK_TO
25,1,514,HAS_LINK_TO
25,1,533,HAS_LINK_TO
25,1,3987,HAS_LINK_TO
25,1,2136,HAS_LINK_TO
25,1,1253,HAS_LINK_TO
25,1,1810,HAS_LINK_TO
25,1,1878,HAS_LINK_TO
25,1,2163,HAS_LINK_TO
25,1,3068,HAS_LINK_TO
25,1,1475,HAS_LINK_TO
25,1,3480,HAS_LINK_TO
25,1,1749,HAS_LINK_TO
25,1,1414,HAS_LINK_TO
25,1,2124,HAS_LINK_TO
25,1,833,HAS_LINK_TO
25,1,2056,HAS_LINK_TO
25,1,2196,HAS_LINK_TO
25,1,4301,HAS_LINK_TO
25,1,33,HAS_LINK_TO
25,1,3782,HAS_LINK_TO
25,1,1021,HAS_LINK_TO
25,1,929,HAS_LINK_TO
25,1,1205,HAS_LINK_TO
25,1,1954,HAS_LINK_TO
25,1,2901,HAS_LINK_TO
25,1,2536,HAS_LINK_TO
25,1,482,HAS_LINK_TO
25,1,4625,HAS_LINK_TO
25,1,1065,HAS_LINK_TO
25,1,4540,HAS_LINK_TO
25,1,2044,HAS_LINK_TO
25,1,691,HAS_LINK_TO
25,1,721,HAS_LINK_TO
25,1,1129,HAS_LINK_TO
25,1,1982,HAS_LINK_TO
25,1,1682,HAS_LINK_TO
25,1,3649,HAS_LINK_TO
25,1,376,HAS_LINK_TO
25,1,1249,HAS_LINK_TO
25,1,1321,HAS_LINK_TO
25,1,2192,HAS_LINK_TO
25,1,7,HAS_LINK_TO
25,1,970,HAS_LINK_TO
25,1,4176,HAS_LINK_TO
25,1,2541,HAS_LINK_TO
25,1,433,HAS_LINK_TO
25,1,3659,HAS_LINK_TO
25,1,4550,HAS_LINK_TO
25,1,692,HAS_LINK_TO
25,1,2601,HAS_LINK_TO
25,1,670,HAS_LINK_TO
25,1,20,HAS_LINK_TO
25,1,4425,HAS_LINK_TO
25,1,29,HAS_LINK_TO
25,1,4171,HAS_LINK_TO
25,1,1719,HAS_LINK_TO
25,1,484,HAS_LINK_TO
25,1,3528,HAS_LINK_TO
25,1,2225,HAS_LINK_TO
25,1,2698,HAS_LINK_TO
25,1,1370,HAS_LINK_TO
25,1,3156,HAS_LINK_TO
25,1,4435,HAS_LINK_TO
25,1,597,HAS_LINK_TO
25,1,1437,HAS_LINK_TO
25,1,1945,HAS_LINK_TO
25,1,45,HAS_LINK_TO
25,1,3842,HAS_LINK_TO
25,1,2390,HAS_LINK_TO
25,1,507,HAS_LINK_TO
25,1,2757,HAS_LINK_TO
25,1,3062,HAS_LINK_TO
25,1,3676,HAS_LINK_TO
25,1,1939,HAS_LINK_TO
25,1,441,HAS_LINK_TO
25,1,2278,HAS_LINK_TO
25,1,1515,HAS_LINK_TO
25,1,975,HAS_LINK_TO
25,1,3884,HAS_LINK_TO
25,1,2949,HAS_LINK_TO
25,1,516,HAS_LINK_TO
25,1,2126,HAS_LINK_TO
25,1,3522,HAS_LINK_TO
25,1,3191,HAS_LINK_TO
25,1,4553,HAS_LINK_TO
25,1,1611,HAS_LINK_TO
25,1,44,HAS_LINK_TO
25,1,4531,HAS_LINK_TO
25,1,1806,HAS_LINK_TO
25,1,1298,HAS_LINK_TO
25,1,989,HAS_LINK_TO
25,1,1250,HAS_LINK_TO
25,1,2496,HAS_LINK_TO
25,1,4284,HAS_LINK_TO
25,1,1053,HAS_LINK_TO
25,1,3569,HAS_LINK_TO
25,1,138,HAS_LINK_TO
25,1,2873,HAS_LINK_TO
25,1,4363,HAS_LINK_TO
25,1,2256,HAS_LINK_TO
25,1,3594,HAS_LINK_TO
25,1,2023,HAS_LINK_TO
25,1,2405,HAS_LINK_TO
25,1,3793,HAS_LINK_TO
25,1,1704,HAS_LINK_TO
25,1,1886,HAS_LINK_TO
25,1,3064,HAS_LINK_TO
25,1,1837,HAS_LINK_TO
25,1,2198,HAS_LINK_TO
25,1,3070,HAS_LINK_TO
25,1,2973,HAS_LINK_TO
25,1,3679,HAS_LINK_TO
25,1,1689,HAS_LINK_TO
25,1,3600,HAS_LINK_TO
25,1,2285,HAS_LINK_TO
25,1,173,HAS_LINK_TO
25,1,3906,HAS_LINK_TO
25,1,3683,HAS_LINK_TO
25,1,3235,HAS_LINK_TO
25,1,3881,HAS_LINK_TO
25,1,1733,HAS_LINK_TO
25,1,3796,HAS_LINK_TO
25,1,2626,HAS_LINK_TO
25,1,4029,HAS_LINK_TO
25,1,4175,HAS_LINK_TO
25,1,1067,HAS_LINK_TO
25,1,725,HAS_LINK_TO
25,1,351,HAS_LINK_TO
25,1,4298,HAS_LINK_TO
25,1,3030,HAS_LINK_TO
25,1,3124,HAS_LINK_TO
25,1,3212,HAS_LINK_TO
25,1,1769,HAS_LINK_TO
25,1,3581,HAS_LINK_TO
25,1,1497,HAS_LINK_TO
25,1,4641,HAS_LINK_TO
25,1,4297,HAS_LINK_TO
25,1,2123,HAS_LINK_TO
25,1,3036,HAS_LINK_TO
25,1,395,HAS_LINK_TO
25,1,3719,HAS_LINK_TO
25,1,3763,HAS_LINK_TO
25,1,1736,HAS_LINK_TO
25,1,2877,HAS_LINK_TO
25,1,1027,HAS_LINK_TO
25,1,3727,HAS_LINK_TO
25,1,608,HAS_LINK_TO
25,1,1227,HAS_LINK_TO
25,1,4139,HAS_LINK_TO
25,1,4304,HAS_LINK_TO
25,1,2466,HAS_LINK_TO
25,1,1715,HAS_LINK_TO
25,1,2287,HAS_LINK_TO
25,1,1997,HAS_LINK_TO
25,1,2201,HAS_LINK_TO
25,1,2371,HAS_LINK_TO
25,1,55,HAS_LINK_TO
25,1,3631,HAS_LINK_TO
25,1,4572,HAS_LINK_TO
25,1,2406,HAS_LINK_TO
25,1,1776,HAS_LINK_TO
25,1,1832,HAS_LINK_TO
25,1,645,HAS_LINK_TO
25,1,714,HAS_LINK_TO
25,1,2162,HAS_LINK_TO
25,1,2458,HAS_LINK_TO
25,1,352,HAS_LINK_TO
25,1,794,HAS_LINK_TO
25,1,3797,HAS_LINK_TO
25,1,3702,HAS_LINK_TO
25,1,424,HAS_LINK_TO
25,1,1720,HAS_LINK_TO
25,1,2037,HAS_LINK_TO
25,1,640,HAS_LINK_TO
25,1,2758,HAS_LINK_TO
25,1,4113,HAS_LINK_TO
25,1,3913,HAS_LINK_TO
25,1,74,HAS_LINK_TO
25,1,323,HAS_LINK_TO
25,1,564,HAS_LINK_TO
25,1,2796,HAS_LINK_TO
25,1,2657,HAS_LINK_TO
25,1,3640,HAS_LINK_TO
25,1,2177,HAS_LINK_TO
25,1,3920,HAS_LINK_TO
25,1,3072,HAS_LINK_TO
25,1,4361,HAS_LINK_TO
25,1,1012,HAS_LINK_TO
25,1,3161,HAS_LINK_TO
25,1,38,HAS_LINK_TO
25,1,2773,HAS_LINK_TO
25,1,1739,HAS_LINK_TO
25,1,2039,HAS_LINK_TO
25,1,668,HAS_LINK_TO
25,1,3691,HAS_LINK_TO
25,1,1570,HAS_LINK_TO
25,1,703,HAS_LINK_TO
25,1,3926,HAS_LINK_TO
25,1,4601,HAS_LINK_TO
25,1,2468,HAS_LINK_TO
25,1,2700,HAS_LINK_TO
25,1,3915,HAS_LINK_TO
25,1,1374,HAS_LINK_TO
25,1,1596,HAS_LINK_TO
25,1,546,HAS_LINK_TO
25,1,2175,HAS_LINK_TO
25,1,197,HAS_LINK_TO
25,1,277,HAS_LINK_TO
25,1,2370,HAS_LINK_TO
25,1,1000,HAS_LINK_TO
25,1,3991,HAS_LINK_TO
25,1,2057,HAS_LINK_TO
25,1,3678,HAS_LINK_TO
25,1,100,HAS_LINK_TO
25,1,2478,HAS_LINK_TO
25,1,49,HAS_LINK_TO
25,1,988,HAS_LINK_TO
25,1,601,HAS_LINK_TO
25,1,2817,HAS_LINK_TO
25,1,607,HAS_LINK_TO
25,1,3636,HAS_LINK_TO
25,1,693,HAS_LINK_TO
25,1,2430,HAS_LINK_TO
25,1,1088,HAS_LINK_TO
25,1,2173,HAS_LINK_TO
25,1,1357,HAS_LINK_TO
25,1,506,HAS_LINK_TO
25,1,1239,HAS_LINK_TO
25,1,385,HAS_LINK_TO
25,1,3885,HAS_LINK_TO
25,1,4013,HAS_LINK_TO
25,1,2968,HAS_LINK_TO
25,1,4450,HAS_LINK_TO
25,1,4519,HAS_LINK_TO
25,1,1992,HAS_LINK_TO
25,1,3229,HAS_LINK_TO
25,1,776,HAS_LINK_TO
25,1,1741,HAS_LINK_TO
25,1,3583,HAS_LINK_TO
25,1,3397,HAS_LINK_TO
25,1,1668,HAS_LINK_TO
25,1,3625,HAS_LINK_TO
25,1,2613,HAS_LINK_TO
25,1,594,HAS_LINK_TO
25,1,1233,HAS_LINK_TO
25,1,492,HAS_LINK_TO
25,1,3672,HAS_LINK_TO
25,1,2728,HAS_LINK_TO
25,1,2040,HAS_LINK_TO
25,1,8,HAS_LINK_TO
25,1,61,HAS_LINK_TO
25,1,3385,HAS_LINK_TO
25,1,2006,HAS_LINK_TO
25,1,1814,HAS_LINK_TO
25,1,3638,HAS_LINK_TO
25,1,420,HAS_LINK_TO
25,1,2432,HAS_LINK_TO
25,1,524,HAS_LINK_TO
25,1,2791,HAS_LINK_TO
25,1,1617,HAS_LINK_TO
25,1,68,HAS_LINK_TO
25,1,569,HAS_LINK_TO
25,1,391,HAS_LINK_TO
25,1,665,HAS_LINK_TO
25,1,3199,HAS_LINK_TO
25,1,1771,HAS_LINK_TO
25,1,3097,HAS_LINK_TO
25,1,4423,HAS_LINK_TO
25,1,2530,HAS_LINK_TO
25,1,186,HAS_LINK_TO
25,1,4462,HAS_LINK_TO
25,1,1090,HAS_LINK_TO
25,1,3801,HAS_LINK_TO
25,1,2551,HAS_LINK_TO
25,1,956,HAS_LINK_TO
25,1,1366,HAS_LINK_TO
25,1,642,HAS_LINK_TO
25,1,735,HAS_LINK_TO
25,1,3399,HAS_LINK_TO
25,1,4347,HAS_LINK_TO
25,1,4459,HAS_LINK_TO
25,1,1430,HAS_LINK_TO
25,1,3034,HAS_LINK_TO
25,1,1355,HAS_LINK_TO
25,1,4324,HAS_LINK_TO
25,1,4485,HAS_LINK_TO
25,1,3850,HAS_LINK_TO
25,1,2453,HAS_LINK_TO
25,1,3921,HAS_LINK_TO
25,1,758,HAS_LINK_TO
25,1,2490,HAS_LINK_TO
25,1,895,HAS_LINK_TO
25,1,1496,HAS_LINK_TO
25,1,2500,HAS_LINK_TO
25,1,712,HAS_LINK_TO
25,1,2356,HAS_LINK_TO
25,1,3391,HAS_LINK_TO
25,1,4108,HAS_LINK_TO
25,1,2781,HAS_LINK_TO
25,1,4371,HAS_LINK_TO
25,1,633,HAS_LINK_TO
25,1,4317,HAS_LINK_TO
25,1,3117,HAS_LINK_TO
25,1,4203,HAS_LINK_TO
25,1,1174,HAS_LINK_TO
25,1,402,HAS_LINK_TO
25,1,1552,HAS_LINK_TO
25,1,219,HAS_LINK_TO
25,1,322,HAS_LINK_TO
25,1,926,HAS_LINK_TO
25,1,2288,HAS_LINK_TO
25,1,3980,HAS_LINK_TO
25,1,2041,HAS_LINK_TO
25,1,4167,HAS_LINK_TO
25,1,1852,HAS_LINK_TO
25,1,1410,HAS_LINK_TO
25,1,2409,HAS_LINK_TO
25,1,145,HAS_LINK_TO
25,1,3622,HAS_LINK_TO
25,1,2667,HAS_LINK_TO
25,1,2720,HAS_LINK_TO
25,1,1212,HAS_LINK_TO
25,1,1422,HAS_LINK_TO
25,1,63,HAS_LINK_TO
25,1,4431,HAS_LINK_TO
25,1,2502,HAS_LINK_TO
25,1,3866,HAS_LINK_TO
25,1,1656,HAS_LINK_TO
25,1,1672,HAS_LINK_TO
25,1,2380,HAS_LINK_TO
25,1,616,HAS_LINK_TO
25,1,3707,HAS_LINK_TO
25,1,3,HAS_LINK_TO
25,1,3578,HAS_LINK_TO
25,1,3917,HAS_LINK_TO
25,1,1456,HAS_LINK_TO
25,1,4307,HAS_LINK_TO
25,1,2005,HAS_LINK_TO
25,1,1787,HAS_LINK_TO
25,1,12,HAS_LINK_TO
25,1,3798,HAS_LINK_TO
25,1,1740,HAS_LINK_TO
25,1,3579,HAS_LINK_TO
25,1,2986,HAS_LINK_TO
25,1,2157,HAS_LINK_TO
25,1,150,HAS_LINK_TO
25,1,3401,HAS_LINK_TO
25,1,3023,HAS_LINK_TO
25,1,2345,HAS_LINK_TO
25,1,579,HAS_LINK_TO
25,1,1737,HAS_LINK_TO
25,1,2482,HAS_LINK_TO
25,1,2499,HAS_LINK_TO
25,1,2980,HAS_LINK_TO
25,1,9,HAS_LINK_TO
25,1,3422,HAS_LINK_TO
25,1,503,HAS_LINK_TO
25,1,253,HAS_LINK_TO
25,1,760,HAS_LINK_TO
25,1,663,HAS_LINK_TO
25,1,1626,HAS_LINK_TO
25,1,4398,HAS_LINK_TO
25,1,3751,HAS_LINK_TO
25,1,1221,HAS_LINK_TO
25,1,3916,HAS_LINK_TO
25,1,783,HAS_LINK_TO
25,1,2446,HAS_LINK_TO
25,1,3989,HAS_LINK_TO
25,1,198,HAS_LINK_TO
25,1,2336,HAS_LINK_TO
25,1,1138,HAS_LINK_TO
25,1,67,HAS_LINK_TO
25,1,1725,HAS_LINK_TO
25,1,851,HAS_LINK_TO
25,1,4355,HAS_LINK_TO
25,1,6,HAS_LINK_TO
25,1,2095,HAS_LINK_TO
25,1,1044,HAS_LINK_TO
25,1,869,HAS_LINK_TO
25,1,1081,HAS_LINK_TO
25,1,861,HAS_LINK_TO
25,1,583,HAS_LINK_TO
25,1,415,HAS_LINK_TO
25,1,896,HAS_LINK_TO
25,1,1401,HAS_LINK_TO
25,1,2046,HAS_LINK_TO
25,1,2970,HAS_LINK_TO
25,1,2292,HAS_LINK_TO
25,1,2093,HAS_LINK_TO
25,1,1843,HAS_LINK_TO
25,1,3454,HAS_LINK_TO
25,1,3834,HAS_LINK_TO
25,1,34,HAS_LINK_TO
25,1,1094,HAS_LINK_TO
25,1,3582,HAS_LINK_TO
25,1,1479,HAS_LINK_TO
25,1,4360,HAS_LINK_TO
25,1,4100,HAS_LINK_TO
25,1,4265,HAS_LINK_TO
25,1,1998,HAS_LINK_TO
25,1,2433,HAS_LINK_TO
25,1,4391,HAS_LINK_TO
25,1,4405,HAS_LINK_TO
25,1,4557,HAS_LINK_TO
25,1,3975,HAS_LINK_TO
25,1,972,HAS_LINK_TO
25,1,3988,HAS_LINK_TO
25,1,3158,HAS_LINK_TO
25,1,841,HAS_LINK_TO
25,1,1011,HAS_LINK_TO
25,1,1978,HAS_LINK_TO
25,1,2770,HAS_LINK_TO
25,1,3824,HAS_LINK_TO
25,1,2822,HAS_LINK_TO
25,1,2686,HAS_LINK_TO
25,1,621,HAS_LINK_TO
25,1,2751,HAS_LINK_TO
25,1,2755,HAS_LINK_TO
25,1,1176,HAS_LINK_TO
25,1,4477,HAS_LINK_TO
25,1,22,HAS_LINK_TO
25,1,2692,HAS_LINK_TO
25,1,2443,HAS_LINK_TO
25,1,842,HAS_LINK_TO
25,1,312,HAS_LINK_TO
25,1,4145,HAS_LINK_TO
25,1,3496,HAS_LINK_TO
25,1,3756,HAS_LINK_TO
25,1,3591,HAS_LINK_TO
25,1,1478,HAS_LINK_TO
25,1,3149,HAS_LINK_TO
25,1,1300,HAS_LINK_TO
25,1,4138,HAS_LINK_TO
25,1,3085,HAS_LINK_TO
25,1,1638,HAS_LINK_TO
25,1,2628,HAS_LINK_TO
25,1,272,HAS_LINK_TO
25,1,2384,HAS_LINK_TO
25,1,1480,HAS_LINK_TO
25,1,774,HAS_LINK_TO
25,1,134,HAS_LINK_TO
25,1,2387,HAS_LINK_TO
25,1,214,HAS_LINK_TO
25,1,1191,HAS_LINK_TO
25,1,2474,HAS_LINK_TO
25,1,337,HAS_LINK_TO
25,1,1567,HAS_LINK_TO
25,1,1501,HAS_LINK_TO
25,1,1443,HAS_LINK_TO
25,1,2151,HAS_LINK_TO
25,1,113,HAS_LINK_TO
25,1,438,HAS_LINK_TO
25,1,17,HAS_LINK_TO
25,1,1252,HAS_LINK_TO
25,1,3616,HAS_LINK_TO
25,1,3526,HAS_LINK_TO
25,1,1710,HAS_LINK_TO
25,1,2669,HAS_LINK_TO
25,1,1082,HAS_LINK_TO
25,1,3784,HAS_LINK_TO
25,1,1665,HAS_LINK_TO
25,1,2377,HAS_LINK_TO
25,1,139,HAS_LINK_TO
25,1,3584,HAS_LINK_TO
25,1,2218,HAS_LINK_TO
25,1,2337,HAS_LINK_TO
25,1,3450,HAS_LINK_TO
25,1,2372,HAS_LINK_TO
25,1,499,HAS_LINK_TO
25,1,3664,HAS_LINK_TO
25,1,1906,HAS_LINK_TO
25,1,3381,HAS_LINK_TO
25,1,2489,HAS_LINK_TO
25,1,1580,HAS_LINK_TO
25,1,1119,HAS_LINK_TO
25,1,2894,HAS_LINK_TO
25,1,1516,HAS_LINK_TO
25,1,1923,HAS_LINK_TO
25,1,454,HAS_LINK_TO
25,1,4616,HAS_LINK_TO
25,1,2981,HAS_LINK_TO
25,1,4019,HAS_LINK_TO
25,1,795,HAS_LINK_TO
25,1,734,HAS_LINK_TO
25,1,3741,HAS_LINK_TO
25,1,2891,HAS_LINK_TO
25,1,4313,HAS_LINK_TO
25,1,315,HAS_LINK_TO
25,1,3990,HAS_LINK_TO
25,1,2341,HAS_LINK_TO
25,1,3490,HAS_LINK_TO
25,1,731,HAS_LINK_TO
25,1,2343,HAS_LINK_TO
25,1,2258,HAS_LINK_TO
25,1,4574,HAS_LINK_TO
25,1,21,HAS_LINK_TO
25,1,4106,HAS_LINK_TO
25,1,87,HAS_LINK_TO
25,1,1013,HAS_LINK_TO
25,1,1874,HAS_LINK_TO
25,1,3961,HAS_LINK_TO
25,1,222,HAS_LINK_TO
25,1,708,HAS_LINK_TO
25,1,439,HAS_LINK_TO
25,1,836,HAS_LINK_TO
25,1,4605,HAS_LINK_TO
25,1,3099,HAS_LINK_TO
25,1,3938,HAS_LINK_TO
25,1,137,HAS_LINK_TO
25,1,3067,HAS_LINK_TO
25,1,1171,HAS_LINK_TO
25,1,1781,HAS_LINK_TO
25,1,1807,HAS_LINK_TO
25,1,3879,HAS_LINK_TO
25,1,4429,HAS_LINK_TO
25,1,3052,HAS_LINK_TO
25,1,77,HAS_LINK_TO
25,1,3686,HAS_LINK_TO
25,1,3444,HAS_LINK_TO
25,1,4220,HAS_LINK_TO
25,1,3982,HAS_LINK_TO
25,1,344,HAS_LINK_TO
25,1,4111,HAS_LINK_TO
25,1,1533,HAS_LINK_TO
25,1,79,HAS_LINK_TO
25,1,1155,HAS_LINK_TO
25,1,2518,HAS_LINK_TO
25,1,3603,HAS_LINK_TO
25,1,1025,HAS_LINK_TO
25,1,3093,HAS_LINK_TO
25,1,2498,HAS_LINK_TO
25,1,582,HAS_LINK_TO
25,1,3380,HAS_LINK_TO
25,1,1573,HAS_LINK_TO
25,1,422,HAS_LINK_TO
25,1,1856,HAS_LINK_TO
25,1,1017,HAS_LINK_TO
25,1,4610,HAS_LINK_TO
25,1,2111,HAS_LINK_TO
25,1,2619,HAS_LINK_TO
25,1,4354,HAS_LINK_TO
25,1,2456,HAS_LINK_TO
25,1,979,HAS_LINK_TO
25,1,103,HAS_LINK_TO
25,1,990,HAS_LINK_TO
25,1,1909,HAS_LINK_TO
25,1,4263,HAS_LINK_TO
25,1,2053,HAS_LINK_TO
25,1,1042,HAS_LINK_TO
25,1,2557,HAS_LINK_TO
25,1,1893,HAS_LINK_TO
25,1,4340,HAS_LINK_TO
25,1,4424,HAS_LINK_TO
25,1,1754,HAS_LINK_TO
25,1,4031,HAS_LINK_TO
25,1,3013,HAS_LINK_TO
25,1,421,HAS_LINK_TO
25,1,2763,HAS_LINK_TO
25,1,3223,HAS_LINK_TO
25,1,1622,HAS_LINK_TO
25,1,3484,HAS_LINK_TO
25,1,1316,HAS_LINK_TO
25,1,2284,HAS_LINK_TO
25,1,290,HAS_LINK_TO
25,1,3049,HAS_LINK_TO
25,1,2694,HAS_LINK_TO
25,1,4016,HAS_LINK_TO
25,1,2105,HAS_LINK_TO
25,1,932,HAS_LINK_TO
25,1,1060,HAS_LINK_TO
25,1,57,HAS_LINK_TO
25,1,1881,HAS_LINK_TO
25,1,4023,HAS_LINK_TO
25,1,18,HAS_LINK_TO
25,1,2507,HAS_LINK_TO
25,1,4015,HAS_LINK_TO
25,1,4198,HAS_LINK_TO
25,1,1487,HAS_LINK_TO
25,1,24,HAS_LINK_TO
25,1,1075,HAS_LINK_TO
25,1,42,HAS_LINK_TO
25,1,1047,HAS_LINK_TO
25,1,887,HAS_LINK_TO
25,1,3971,HAS_LINK_TO
25,1,1730,HAS_LINK_TO
25,1,116,HAS_LINK_TO
25,1,2232,HAS_LINK_TO
25,1,1746,HAS_LINK_TO
25,1,1203,HAS_LINK_TO
25,1,1755,HAS_LINK_TO
25,1,4137,HAS_LINK_TO
25,1,2368,HAS_LINK_TO
25,1,1462,HAS_LINK_TO
25,1,1543,HAS_LINK_TO
25,1,1890,HAS_LINK_TO
25,1,3197,HAS_LINK_TO
25,1,3510,HAS_LINK_TO
25,1,3238,HAS_LINK_TO
25,1,1194,HAS_LINK_TO
25,1,3488,HAS_LINK_TO
25,1,755,HAS_LINK_TO
25,1,4129,HAS_LINK_TO
25,1,3766,HAS_LINK_TO
25,1,4582,HAS_LINK_TO
25,1,4217,HAS_LINK_TO
25,1,39,HAS_LINK_TO
25,1,1066,HAS_LINK_TO
25,1,353,HAS_LINK_TO
25,1,1977,HAS_LINK_TO
25,1,525,HAS_LINK_TO
25,1,2058,HAS_LINK_TO
25,1,1050,HAS_LINK_TO
25,1,4626,HAS_LINK_TO
25,1,1069,HAS_LINK_TO
25,1,3835,HAS_LINK_TO
25,1,2150,HAS_LINK_TO
25,1,1779,HAS_LINK_TO
25,1,3405,HAS_LINK_TO
25,1,4223,HAS_LINK_TO
25,1,4184,HAS_LINK_TO
25,1,2415,HAS_LINK_TO
25,1,3599,HAS_LINK_TO
25,1,2378,HAS_LINK_TO
25,1,2706,HAS_LINK_TO
25,1,4622,HAS_LINK_TO
25,1,371,HAS_LINK_TO
25,1,3791,HAS_LINK_TO
25,1,70,HAS_LINK_TO
25,1,2979,HAS_LINK_TO
25,1,2030,HAS_LINK_TO
25,1,3986,HAS_LINK_TO
25,1,1376,HAS_LINK_TO
25,1,4316,HAS_LINK_TO
25,1,2808,HAS_LINK_TO
25,1,3857,HAS_LINK_TO
25,1,1029,HAS_LINK_TO
25,1,3788,HAS_LINK_TO
25,1,3443,HAS_LINK_TO
25,1,3154,HAS_LINK_TO
25,1,3213,HAS_LINK_TO
25,1,1581,HAS_LINK_TO
25,1,1700,HAS_LINK_TO
25,1,426,HAS_LINK_TO
25,1,146,HAS_LINK_TO
25,1,1717,HAS_LINK_TO
25,1,3787,HAS_LINK_TO
25,1,4639,HAS_LINK_TO
25,1,4617,HAS_LINK_TO
25,1,2307,HAS_LINK_TO
25,1,254,HAS_LINK_TO
25,1,1266,HAS_LINK_TO
25,1,1958,HAS_LINK_TO
25,1,1159,HAS_LINK_TO
25,1,518,HAS_LINK_TO
25,1,4033,HAS_LINK_TO
25,1,1603,HAS_LINK_TO
25,1,3087,HAS_LINK_TO
25,1,3148,HAS_LINK_TO
25,1,463,HAS_LINK_TO
25,1,941,HAS_LINK_TO
25,1,3844,HAS_LINK_TO
25,1,4586,HAS_LINK_TO
25,1,2556,HAS_LINK_TO
25,1,1815,HAS_LINK_TO
25,1,742,HAS_LINK_TO
25,1,3685,HAS_LINK_TO
25,1,2090,HAS_LINK_TO
25,1,2281,HAS_LINK_TO
26,1,34,HAS_LINK_TO
26,1,18,HAS_LINK_TO
26,1,20,HAS_LINK_TO
26,1,24,HAS_LINK_TO
26,1,3553,HAS_LINK_TO
26,1,42,HAS_LINK_TO
26,1,29,HAS_LINK_TO
26,1,55,HAS_LINK_TO
26,1,4019,HAS_LINK_TO
26,1,2622,HAS_LINK_TO
26,1,53,HAS_LINK_TO
26,1,52,HAS_LINK_TO
26,1,8,HAS_LINK_TO
26,1,61,HAS_LINK_TO
26,1,51,HAS_LINK_TO
26,1,21,HAS_LINK_TO
26,1,4405,HAS_LINK_TO
26,1,58,HAS_LINK_TO
26,1,19,HAS_LINK_TO
26,1,28,HAS_LINK_TO
26,1,3,HAS_LINK_TO
26,1,45,HAS_LINK_TO
26,1,13,HAS_LINK_TO
26,1,74,HAS_LINK_TO
26,1,39,HAS_LINK_TO
26,1,69,HAS_LINK_TO
26,1,64,HAS_LINK_TO
26,1,68,HAS_LINK_TO
26,1,46,HAS_LINK_TO
26,1,75,HAS_LINK_TO
26,1,73,HAS_LINK_TO
26,1,12,HAS_LINK_TO
26,1,77,HAS_LINK_TO
26,1,15,HAS_LINK_TO
26,1,14,HAS_LINK_TO
26,1,76,HAS_LINK_TO
26,1,54,HAS_LINK_TO
26,1,16,HAS_LINK_TO
26,1,72,HAS_LINK_TO
26,1,4375,HAS_LINK_TO
26,1,44,HAS_LINK_TO
26,1,5,HAS_LINK_TO
26,1,66,HAS_LINK_TO
26,1,79,HAS_LINK_TO
26,1,70,HAS_LINK_TO
26,1,22,HAS_LINK_TO
26,1,35,HAS_LINK_TO
26,1,62,HAS_LINK_TO
26,1,59,HAS_LINK_TO
26,1,38,HAS_LINK_TO
26,1,4547,HAS_LINK_TO
26,1,36,HAS_LINK_TO
26,1,71,HAS_LINK_TO
26,1,639,HAS_LINK_TO
26,1,56,HAS_LINK_TO
26,1,703,HAS_LINK_TO
26,1,9,HAS_LINK_TO
26,1,25,HAS_LINK_TO
26,1,33,HAS_LINK_TO
26,1,60,HAS_LINK_TO
26,1,23,HAS_LINK_TO
26,1,2840,HAS_LINK_TO
26,1,37,HAS_LINK_TO
26,1,2576,HAS_LINK_TO
26,1,78,HAS_LINK_TO
26,1,41,HAS_LINK_TO
26,1,4062,HAS_LINK_TO
26,1,47,HAS_LINK_TO
26,1,32,HAS_LINK_TO
26,1,17,HAS_LINK_TO
26,1,43,HAS_LINK_TO
26,1,31,HAS_LINK_TO
26,1,49,HAS_LINK_TO
26,1,65,HAS_LINK_TO
26,1,67,HAS_LINK_TO
26,1,2,HAS_LINK_TO
26,1,6,HAS_LINK_TO
26,1,50,HAS_LINK_TO
26,1,27,HAS_LINK_TO
26,1,48,HAS_LINK_TO
26,1,260,HAS_LINK_TO
26,1,10,HAS_LINK_TO
26,1,2218,HAS_LINK_TO
26,1,869,HAS_LINK_TO
26,1,871,HAS_LINK_TO
26,1,1,HAS_LINK_TO
26,1,30,HAS_LINK_TO
26,1,2575,HAS_LINK_TO
26,1,4,HAS_LINK_TO
26,1,11,HAS_LINK_TO
26,1,7,HAS_LINK_TO
26,1,1153,HAS_LINK_TO
26,1,57,HAS_LINK_TO
26,1,40,HAS_LINK_TO
26,1,63,HAS_LINK_TO
27,1,3834,HAS_LINK_TO
27,1,34,HAS_LINK_TO
27,1,18,HAS_LINK_TO
27,1,20,HAS_LINK_TO
27,1,24,HAS_LINK_TO
27,1,3553,HAS_LINK_TO
27,1,42,HAS_LINK_TO
27,1,29,HAS_LINK_TO
27,1,55,HAS_LINK_TO
27,1,4019,HAS_LINK_TO
27,1,2622,HAS_LINK_TO
27,1,53,HAS_LINK_TO
27,1,52,HAS_LINK_TO
27,1,26,HAS_LINK_TO
27,1,8,HAS_LINK_TO
27,1,61,HAS_LINK_TO
27,1,51,HAS_LINK_TO
27,1,21,HAS_LINK_TO
27,1,58,HAS_LINK_TO
27,1,19,HAS_LINK_TO
27,1,28,HAS_LINK_TO
27,1,40,HAS_LINK_TO
27,1,3,HAS_LINK_TO
27,1,45,HAS_LINK_TO
27,1,2798,HAS_LINK_TO
27,1,13,HAS_LINK_TO
27,1,4311,HAS_LINK_TO
27,1,74,HAS_LINK_TO
27,1,39,HAS_LINK_TO
27,1,69,HAS_LINK_TO
27,1,93,HAS_LINK_TO
27,1,64,HAS_LINK_TO
27,1,68,HAS_LINK_TO
27,1,46,HAS_LINK_TO
27,1,75,HAS_LINK_TO
27,1,532,HAS_LINK_TO
27,1,73,HAS_LINK_TO
27,1,12,HAS_LINK_TO
27,1,4046,HAS_LINK_TO
27,1,77,HAS_LINK_TO
27,1,15,HAS_LINK_TO
27,1,14,HAS_LINK_TO
27,1,76,HAS_LINK_TO
27,1,54,HAS_LINK_TO
27,1,16,HAS_LINK_TO
27,1,72,HAS_LINK_TO
27,1,4375,HAS_LINK_TO
27,1,44,HAS_LINK_TO
27,1,5,HAS_LINK_TO
27,1,66,HAS_LINK_TO
27,1,79,HAS_LINK_TO
27,1,70,HAS_LINK_TO
27,1,22,HAS_LINK_TO
27,1,2289,HAS_LINK_TO
27,1,35,HAS_LINK_TO
27,1,62,HAS_LINK_TO
27,1,59,HAS_LINK_TO
27,1,866,HAS_LINK_TO
27,1,38,HAS_LINK_TO
27,1,3918,HAS_LINK_TO
27,1,36,HAS_LINK_TO
27,1,71,HAS_LINK_TO
27,1,388,HAS_LINK_TO
27,1,56,HAS_LINK_TO
27,1,9,HAS_LINK_TO
27,1,25,HAS_LINK_TO
27,1,33,HAS_LINK_TO
27,1,2462,HAS_LINK_TO
27,1,60,HAS_LINK_TO
27,1,23,HAS_LINK_TO
27,1,2840,HAS_LINK_TO
27,1,2355,HAS_LINK_TO
27,1,37,HAS_LINK_TO
27,1,2576,HAS_LINK_TO
27,1,2973,HAS_LINK_TO
27,1,4398,HAS_LINK_TO
27,1,78,HAS_LINK_TO
27,1,1068,HAS_LINK_TO
27,1,4252,HAS_LINK_TO
27,1,41,HAS_LINK_TO
27,1,4274,HAS_LINK_TO
27,1,2106,HAS_LINK_TO
27,1,3881,HAS_LINK_TO
27,1,4062,HAS_LINK_TO
27,1,664,HAS_LINK_TO
27,1,47,HAS_LINK_TO
27,1,17,HAS_LINK_TO
27,1,32,HAS_LINK_TO
27,1,43,HAS_LINK_TO
27,1,31,HAS_LINK_TO
27,1,49,HAS_LINK_TO
27,1,65,HAS_LINK_TO
27,1,67,HAS_LINK_TO
27,1,2,HAS_LINK_TO
27,1,6,HAS_LINK_TO
27,1,351,HAS_LINK_TO
27,1,50,HAS_LINK_TO
27,1,48,HAS_LINK_TO
27,1,10,HAS_LINK_TO
27,1,2218,HAS_LINK_TO
27,1,869,HAS_LINK_TO
27,1,2621,HAS_LINK_TO
27,1,871,HAS_LINK_TO
27,1,1,HAS_LINK_TO
27,1,1702,HAS_LINK_TO
27,1,30,HAS_LINK_TO
27,1,2575,HAS_LINK_TO
27,1,4,HAS_LINK_TO
27,1,3817,HAS_LINK_TO
27,1,11,HAS_LINK_TO
27,1,3885,HAS_LINK_TO
27,1,7,HAS_LINK_TO
27,1,742,HAS_LINK_TO
27,1,57,HAS_LINK_TO
27,1,4125,HAS_LINK_TO
27,1,63,HAS_LINK_TO
28,1,3943,HAS_LINK_TO
28,1,2014,HAS_LINK_TO
28,1,34,HAS_LINK_TO
28,1,18,HAS_LINK_TO
28,1,20,HAS_LINK_TO
28,1,24,HAS_LINK_TO
28,1,1432,HAS_LINK_TO
28,1,3553,HAS_LINK_TO
28,1,42,HAS_LINK_TO
28,1,29,HAS_LINK_TO
28,1,55,HAS_LINK_TO
28,1,4019,HAS_LINK_TO
28,1,2622,HAS_LINK_TO
28,1,53,HAS_LINK_TO
28,1,3020,HAS_LINK_TO
28,1,3672,HAS_LINK_TO
28,1,52,HAS_LINK_TO
28,1,8,HAS_LINK_TO
28,1,26,HAS_LINK_TO
28,1,61,HAS_LINK_TO
28,1,51,HAS_LINK_TO
28,1,2463,HAS_LINK_TO
28,1,21,HAS_LINK_TO
28,1,486,HAS_LINK_TO
28,1,1294,HAS_LINK_TO
28,1,58,HAS_LINK_TO
28,1,19,HAS_LINK_TO
28,1,3781,HAS_LINK_TO
28,1,140,HAS_LINK_TO
28,1,974,HAS_LINK_TO
28,1,3777,HAS_LINK_TO
28,1,1022,HAS_LINK_TO
28,1,40,HAS_LINK_TO
28,1,3,HAS_LINK_TO
28,1,3238,HAS_LINK_TO
28,1,1437,HAS_LINK_TO
28,1,2003,HAS_LINK_TO
28,1,4630,HAS_LINK_TO
28,1,45,HAS_LINK_TO
28,1,1449,HAS_LINK_TO
28,1,3842,HAS_LINK_TO
28,1,3995,HAS_LINK_TO
28,1,2390,HAS_LINK_TO
28,1,13,HAS_LINK_TO
28,1,3783,HAS_LINK_TO
28,1,3960,HAS_LINK_TO
28,1,324,HAS_LINK_TO
28,1,74,HAS_LINK_TO
28,1,356,HAS_LINK_TO
28,1,39,HAS_LINK_TO
28,1,69,HAS_LINK_TO
28,1,93,HAS_LINK_TO
28,1,64,HAS_LINK_TO
28,1,68,HAS_LINK_TO
28,1,323,HAS_LINK_TO
28,1,1322,HAS_LINK_TO
28,1,3573,HAS_LINK_TO
28,1,3914,HAS_LINK_TO
28,1,46,HAS_LINK_TO
28,1,75,HAS_LINK_TO
28,1,391,HAS_LINK_TO
28,1,532,HAS_LINK_TO
28,1,1515,HAS_LINK_TO
28,1,73,HAS_LINK_TO
28,1,12,HAS_LINK_TO
28,1,3555,HAS_LINK_TO
28,1,3052,HAS_LINK_TO
28,1,15,HAS_LINK_TO
28,1,3518,HAS_LINK_TO
28,1,77,HAS_LINK_TO
28,1,14,HAS_LINK_TO
28,1,76,HAS_LINK_TO
28,1,54,HAS_LINK_TO
28,1,1406,HAS_LINK_TO
28,1,16,HAS_LINK_TO
28,1,72,HAS_LINK_TO
28,1,4375,HAS_LINK_TO
28,1,44,HAS_LINK_TO
28,1,5,HAS_LINK_TO
28,1,4111,HAS_LINK_TO
28,1,66,HAS_LINK_TO
28,1,79,HAS_LINK_TO
28,1,22,HAS_LINK_TO
28,1,70,HAS_LINK_TO
28,1,2289,HAS_LINK_TO
28,1,35,HAS_LINK_TO
28,1,62,HAS_LINK_TO
28,1,59,HAS_LINK_TO
28,1,1376,HAS_LINK_TO
28,1,866,HAS_LINK_TO
28,1,38,HAS_LINK_TO
28,1,4148,HAS_LINK_TO
28,1,4547,HAS_LINK_TO
28,1,36,HAS_LINK_TO
28,1,2498,HAS_LINK_TO
28,1,71,HAS_LINK_TO
28,1,3380,HAS_LINK_TO
28,1,56,HAS_LINK_TO
28,1,2549,HAS_LINK_TO
28,1,703,HAS_LINK_TO
28,1,9,HAS_LINK_TO
28,1,3154,HAS_LINK_TO
28,1,25,HAS_LINK_TO
28,1,924,HAS_LINK_TO
28,1,33,HAS_LINK_TO
28,1,2462,HAS_LINK_TO
28,1,60,HAS_LINK_TO
28,1,23,HAS_LINK_TO
28,1,4039,HAS_LINK_TO
28,1,2840,HAS_LINK_TO
28,1,3787,HAS_LINK_TO
28,1,37,HAS_LINK_TO
28,1,3094,HAS_LINK_TO
28,1,2576,HAS_LINK_TO
28,1,2973,HAS_LINK_TO
28,1,78,HAS_LINK_TO
28,1,41,HAS_LINK_TO
28,1,1210,HAS_LINK_TO
28,1,4395,HAS_LINK_TO
28,1,4062,HAS_LINK_TO
28,1,664,HAS_LINK_TO
28,1,47,HAS_LINK_TO
28,1,4625,HAS_LINK_TO
28,1,17,HAS_LINK_TO
28,1,32,HAS_LINK_TO
28,1,31,HAS_LINK_TO
28,1,2555,HAS_LINK_TO
28,1,43,HAS_LINK_TO
28,1,49,HAS_LINK_TO
28,1,4371,HAS_LINK_TO
28,1,65,HAS_LINK_TO
28,1,4279,HAS_LINK_TO
28,1,2338,HAS_LINK_TO
28,1,67,HAS_LINK_TO
28,1,1381,HAS_LINK_TO
28,1,4033,HAS_LINK_TO
28,1,1127,HAS_LINK_TO
28,1,4540,HAS_LINK_TO
28,1,2,HAS_LINK_TO
28,1,6,HAS_LINK_TO
28,1,1082,HAS_LINK_TO
28,1,50,HAS_LINK_TO
28,1,27,HAS_LINK_TO
28,1,3120,HAS_LINK_TO
28,1,48,HAS_LINK_TO
28,1,63,HAS_LINK_TO
28,1,10,HAS_LINK_TO
28,1,2218,HAS_LINK_TO
28,1,869,HAS_LINK_TO
28,1,3450,HAS_LINK_TO
28,1,871,HAS_LINK_TO
28,1,3049,HAS_LINK_TO
28,1,1565,HAS_LINK_TO
28,1,1081,HAS_LINK_TO
28,1,1709,HAS_LINK_TO
28,1,1,HAS_LINK_TO
28,1,2214,HAS_LINK_TO
28,1,30,HAS_LINK_TO
28,1,2575,HAS_LINK_TO
28,1,1357,HAS_LINK_TO
28,1,4,HAS_LINK_TO
28,1,3694,HAS_LINK_TO
28,1,3967,HAS_LINK_TO
28,1,3817,HAS_LINK_TO
28,1,11,HAS_LINK_TO
28,1,7,HAS_LINK_TO
28,1,4463,HAS_LINK_TO
28,1,742,HAS_LINK_TO
28,1,229,HAS_LINK_TO
28,1,1153,HAS_LINK_TO
28,1,57,HAS_LINK_TO
28,1,4447,HAS_LINK_TO
28,1,3962,HAS_LINK_TO
28,1,2637,HAS_LINK_TO
29,1,2014,HAS_LINK_TO
29,1,3541,HAS_LINK_TO
29,1,34,HAS_LINK_TO
29,1,3855,HAS_LINK_TO
29,1,18,HAS_LINK_TO
29,1,20,HAS_LINK_TO
29,1,1094,HAS_LINK_TO
29,1,3963,HAS_LINK_TO
29,1,24,HAS_LINK_TO
29,1,452,HAS_LINK_TO
29,1,42,HAS_LINK_TO
29,1,55,HAS_LINK_TO
29,1,4019,HAS_LINK_TO
29,1,3625,HAS_LINK_TO
29,1,2622,HAS_LINK_TO
29,1,53,HAS_LINK_TO
29,1,52,HAS_LINK_TO
29,1,8,HAS_LINK_TO
29,1,26,HAS_LINK_TO
29,1,61,HAS_LINK_TO
29,1,4451,HAS_LINK_TO
29,1,2386,HAS_LINK_TO
29,1,51,HAS_LINK_TO
29,1,580,HAS_LINK_TO
29,1,21,HAS_LINK_TO
29,1,58,HAS_LINK_TO
29,1,19,HAS_LINK_TO
29,1,28,HAS_LINK_TO
29,1,1874,HAS_LINK_TO
29,1,3,HAS_LINK_TO
29,1,2003,HAS_LINK_TO
29,1,45,HAS_LINK_TO
29,1,4505,HAS_LINK_TO
29,1,1449,HAS_LINK_TO
29,1,13,HAS_LINK_TO
29,1,2757,HAS_LINK_TO
29,1,324,HAS_LINK_TO
29,1,74,HAS_LINK_TO
29,1,356,HAS_LINK_TO
29,1,706,HAS_LINK_TO
29,1,1220,HAS_LINK_TO
29,1,39,HAS_LINK_TO
29,1,64,HAS_LINK_TO
29,1,68,HAS_LINK_TO
29,1,69,HAS_LINK_TO
29,1,323,HAS_LINK_TO
29,1,46,HAS_LINK_TO
29,1,75,HAS_LINK_TO
29,1,4453,HAS_LINK_TO
29,1,73,HAS_LINK_TO
29,1,2005,HAS_LINK_TO
29,1,2661,HAS_LINK_TO
29,1,12,HAS_LINK_TO
29,1,4429,HAS_LINK_TO
29,1,4455,HAS_LINK_TO
29,1,77,HAS_LINK_TO
29,1,15,HAS_LINK_TO
29,1,14,HAS_LINK_TO
29,1,453,HAS_LINK_TO
29,1,76,HAS_LINK_TO
29,1,54,HAS_LINK_TO
29,1,16,HAS_LINK_TO
29,1,72,HAS_LINK_TO
29,1,4375,HAS_LINK_TO
29,1,44,HAS_LINK_TO
29,1,5,HAS_LINK_TO
29,1,66,HAS_LINK_TO
29,1,79,HAS_LINK_TO
29,1,2751,HAS_LINK_TO
29,1,70,HAS_LINK_TO
29,1,22,HAS_LINK_TO
29,1,2609,HAS_LINK_TO
29,1,2289,HAS_LINK_TO
29,1,4579,HAS_LINK_TO
29,1,35,HAS_LINK_TO
29,1,62,HAS_LINK_TO
29,1,59,HAS_LINK_TO
29,1,866,HAS_LINK_TO
29,1,38,HAS_LINK_TO
29,1,2385,HAS_LINK_TO
29,1,3918,HAS_LINK_TO
29,1,36,HAS_LINK_TO
29,1,71,HAS_LINK_TO
29,1,3807,HAS_LINK_TO
29,1,56,HAS_LINK_TO
29,1,9,HAS_LINK_TO
29,1,25,HAS_LINK_TO
29,1,33,HAS_LINK_TO
29,1,2462,HAS_LINK_TO
29,1,60,HAS_LINK_TO
29,1,23,HAS_LINK_TO
29,1,1717,HAS_LINK_TO
29,1,2752,HAS_LINK_TO
29,1,2840,HAS_LINK_TO
29,1,3787,HAS_LINK_TO
29,1,2355,HAS_LINK_TO
29,1,37,HAS_LINK_TO
29,1,3094,HAS_LINK_TO
29,1,2576,HAS_LINK_TO
29,1,2973,HAS_LINK_TO
29,1,546,HAS_LINK_TO
29,1,78,HAS_LINK_TO
29,1,41,HAS_LINK_TO
29,1,1266,HAS_LINK_TO
29,1,4062,HAS_LINK_TO
29,1,3916,HAS_LINK_TO
29,1,47,HAS_LINK_TO
29,1,17,HAS_LINK_TO
29,1,32,HAS_LINK_TO
29,1,43,HAS_LINK_TO
29,1,31,HAS_LINK_TO
29,1,49,HAS_LINK_TO
29,1,65,HAS_LINK_TO
29,1,67,HAS_LINK_TO
29,1,2,HAS_LINK_TO
29,1,6,HAS_LINK_TO
29,1,3784,HAS_LINK_TO
29,1,934,HAS_LINK_TO
29,1,50,HAS_LINK_TO
29,1,27,HAS_LINK_TO
29,1,48,HAS_LINK_TO
29,1,63,HAS_LINK_TO
29,1,10,HAS_LINK_TO
29,1,2621,HAS_LINK_TO
29,1,869,HAS_LINK_TO
29,1,2337,HAS_LINK_TO
29,1,871,HAS_LINK_TO
29,1,3049,HAS_LINK_TO
29,1,1,HAS_LINK_TO
29,1,30,HAS_LINK_TO
29,1,2575,HAS_LINK_TO
29,1,1357,HAS_LINK_TO
29,1,4,HAS_LINK_TO
29,1,11,HAS_LINK_TO
29,1,7,HAS_LINK_TO
29,1,57,HAS_LINK_TO
29,1,4447,HAS_LINK_TO
29,1,1212,HAS_LINK_TO
29,1,40,HAS_LINK_TO
30,1,704,HAS_LINK_TO
30,1,34,HAS_LINK_TO
30,1,18,HAS_LINK_TO
30,1,20,HAS_LINK_TO
30,1,2640,HAS_LINK_TO
30,1,24,HAS_LINK_TO
30,1,42,HAS_LINK_TO
30,1,29,HAS_LINK_TO
30,1,55,HAS_LINK_TO
30,1,4019,HAS_LINK_TO
30,1,2622,HAS_LINK_TO
30,1,53,HAS_LINK_TO
30,1,52,HAS_LINK_TO
30,1,8,HAS_LINK_TO
30,1,26,HAS_LINK_TO
30,1,61,HAS_LINK_TO
30,1,51,HAS_LINK_TO
30,1,21,HAS_LINK_TO
30,1,3150,HAS_LINK_TO
30,1,58,HAS_LINK_TO
30,1,19,HAS_LINK_TO
30,1,3781,HAS_LINK_TO
30,1,28,HAS_LINK_TO
30,1,3,HAS_LINK_TO
30,1,45,HAS_LINK_TO
30,1,13,HAS_LINK_TO
30,1,3783,HAS_LINK_TO
30,1,4345,HAS_LINK_TO
30,1,74,HAS_LINK_TO
30,1,1220,HAS_LINK_TO
30,1,39,HAS_LINK_TO
30,1,64,HAS_LINK_TO
30,1,69,HAS_LINK_TO
30,1,68,HAS_LINK_TO
30,1,3914,HAS_LINK_TO
30,1,46,HAS_LINK_TO
30,1,475,HAS_LINK_TO
30,1,75,HAS_LINK_TO
30,1,3633,HAS_LINK_TO
30,1,73,HAS_LINK_TO
30,1,2770,HAS_LINK_TO
30,1,2661,HAS_LINK_TO
30,1,12,HAS_LINK_TO
30,1,77,HAS_LINK_TO
30,1,15,HAS_LINK_TO
30,1,14,HAS_LINK_TO
30,1,76,HAS_LINK_TO
30,1,54,HAS_LINK_TO
30,1,16,HAS_LINK_TO
30,1,72,HAS_LINK_TO
30,1,4375,HAS_LINK_TO
30,1,44,HAS_LINK_TO
30,1,5,HAS_LINK_TO
30,1,4111,HAS_LINK_TO
30,1,66,HAS_LINK_TO
30,1,79,HAS_LINK_TO
30,1,70,HAS_LINK_TO
30,1,22,HAS_LINK_TO
30,1,2609,HAS_LINK_TO
30,1,35,HAS_LINK_TO
30,1,62,HAS_LINK_TO
30,1,59,HAS_LINK_TO
30,1,4346,HAS_LINK_TO
30,1,38,HAS_LINK_TO
30,1,4148,HAS_LINK_TO
30,1,2124,HAS_LINK_TO
30,1,36,HAS_LINK_TO
30,1,71,HAS_LINK_TO
30,1,56,HAS_LINK_TO
30,1,9,HAS_LINK_TO
30,1,25,HAS_LINK_TO
30,1,33,HAS_LINK_TO
30,1,2462,HAS_LINK_TO
30,1,60,HAS_LINK_TO
30,1,23,HAS_LINK_TO
30,1,2619,HAS_LINK_TO
30,1,2840,HAS_LINK_TO
30,1,37,HAS_LINK_TO
30,1,2576,HAS_LINK_TO
30,1,78,HAS_LINK_TO
30,1,1909,HAS_LINK_TO
30,1,41,HAS_LINK_TO
30,1,4062,HAS_LINK_TO
30,1,664,HAS_LINK_TO
30,1,47,HAS_LINK_TO
30,1,17,HAS_LINK_TO
30,1,2626,HAS_LINK_TO
30,1,32,HAS_LINK_TO
30,1,43,HAS_LINK_TO
30,1,31,HAS_LINK_TO
30,1,49,HAS_LINK_TO
30,1,65,HAS_LINK_TO
30,1,67,HAS_LINK_TO
30,1,4031,HAS_LINK_TO
30,1,2,HAS_LINK_TO
30,1,6,HAS_LINK_TO
30,1,934,HAS_LINK_TO
30,1,50,HAS_LINK_TO
30,1,27,HAS_LINK_TO
30,1,48,HAS_LINK_TO
30,1,10,HAS_LINK_TO
30,1,869,HAS_LINK_TO
30,1,871,HAS_LINK_TO
30,1,1,HAS_LINK_TO
30,1,2123,HAS_LINK_TO
30,1,2173,HAS_LINK_TO
30,1,2575,HAS_LINK_TO
30,1,2174,HAS_LINK_TO
30,1,4,HAS_LINK_TO
30,1,11,HAS_LINK_TO
30,1,7,HAS_LINK_TO
30,1,2968,HAS_LINK_TO
30,1,57,HAS_LINK_TO
30,1,1212,HAS_LINK_TO
30,1,40,HAS_LINK_TO
30,1,63,HAS_LINK_TO
30,1,2945,HAS_LINK_TO
31,1,34,HAS_LINK_TO
31,1,18,HAS_LINK_TO
31,1,20,HAS_LINK_TO
31,1,24,HAS_LINK_TO
31,1,42,HAS_LINK_TO
31,1,29,HAS_LINK_TO
31,1,55,HAS_LINK_TO
31,1,4019,HAS_LINK_TO
31,1,53,HAS_LINK_TO
31,1,52,HAS_LINK_TO
31,1,8,HAS_LINK_TO
31,1,26,HAS_LINK_TO
31,1,61,HAS_LINK_TO
31,1,51,HAS_LINK_TO
31,1,21,HAS_LINK_TO
31,1,58,HAS_LINK_TO
31,1,19,HAS_LINK_TO
31,1,28,HAS_LINK_TO
31,1,3,HAS_LINK_TO
31,1,45,HAS_LINK_TO
31,1,13,HAS_LINK_TO
31,1,74,HAS_LINK_TO
31,1,39,HAS_LINK_TO
31,1,69,HAS_LINK_TO
31,1,64,HAS_LINK_TO
31,1,68,HAS_LINK_TO
31,1,46,HAS_LINK_TO
31,1,75,HAS_LINK_TO
31,1,73,HAS_LINK_TO
31,1,12,HAS_LINK_TO
31,1,77,HAS_LINK_TO
31,1,15,HAS_LINK_TO
31,1,14,HAS_LINK_TO
31,1,76,HAS_LINK_TO
31,1,54,HAS_LINK_TO
31,1,16,HAS_LINK_TO
31,1,72,HAS_LINK_TO
31,1,4375,HAS_LINK_TO
31,1,44,HAS_LINK_TO
31,1,5,HAS_LINK_TO
31,1,66,HAS_LINK_TO
31,1,79,HAS_LINK_TO
31,1,70,HAS_LINK_TO
31,1,22,HAS_LINK_TO
31,1,35,HAS_LINK_TO
31,1,62,HAS_LINK_TO
31,1,59,HAS_LINK_TO
31,1,38,HAS_LINK_TO
31,1,36,HAS_LINK_TO
31,1,71,HAS_LINK_TO
31,1,56,HAS_LINK_TO
31,1,9,HAS_LINK_TO
31,1,25,HAS_LINK_TO
31,1,33,HAS_LINK_TO
31,1,60,HAS_LINK_TO
31,1,23,HAS_LINK_TO
31,1,2840,HAS_LINK_TO
31,1,37,HAS_LINK_TO
31,1,2576,HAS_LINK_TO
31,1,78,HAS_LINK_TO
31,1,41,HAS_LINK_TO
31,1,4062,HAS_LINK_TO
31,1,47,HAS_LINK_TO
31,1,17,HAS_LINK_TO
31,1,32,HAS_LINK_TO
31,1,43,HAS_LINK_TO
31,1,49,HAS_LINK_TO
31,1,65,HAS_LINK_TO
31,1,67,HAS_LINK_TO
31,1,2,HAS_LINK_TO
31,1,6,HAS_LINK_TO
31,1,50,HAS_LINK_TO
31,1,27,HAS_LINK_TO
31,1,48,HAS_LINK_TO
31,1,10,HAS_LINK_TO
31,1,869,HAS_LINK_TO
31,1,871,HAS_LINK_TO
31,1,1,HAS_LINK_TO
31,1,30,HAS_LINK_TO
31,1,2575,HAS_LINK_TO
31,1,4,HAS_LINK_TO
31,1,11,HAS_LINK_TO
31,1,7,HAS_LINK_TO
31,1,57,HAS_LINK_TO
31,1,40,HAS_LINK_TO
31,1,63,HAS_LINK_TO
32,1,34,HAS_LINK_TO
32,1,18,HAS_LINK_TO
32,1,20,HAS_LINK_TO
32,1,24,HAS_LINK_TO
32,1,42,HAS_LINK_TO
32,1,29,HAS_LINK_TO
32,1,55,HAS_LINK_TO
32,1,53,HAS_LINK_TO
32,1,52,HAS_LINK_TO
32,1,8,HAS_LINK_TO
32,1,26,HAS_LINK_TO
32,1,61,HAS_LINK_TO
32,1,51,HAS_LINK_TO
32,1,21,HAS_LINK_TO
32,1,58,HAS_LINK_TO
32,1,19,HAS_LINK_TO
32,1,28,HAS_LINK_TO
32,1,3,HAS_LINK_TO
32,1,45,HAS_LINK_TO
32,1,13,HAS_LINK_TO
32,1,74,HAS_LINK_TO
32,1,39,HAS_LINK_TO
32,1,69,HAS_LINK_TO
32,1,64,HAS_LINK_TO
32,1,68,HAS_LINK_TO
32,1,46,HAS_LINK_TO
32,1,75,HAS_LINK_TO
32,1,73,HAS_LINK_TO
32,1,12,HAS_LINK_TO
32,1,77,HAS_LINK_TO
32,1,15,HAS_LINK_TO
32,1,14,HAS_LINK_TO
32,1,76,HAS_LINK_TO
32,1,54,HAS_LINK_TO
32,1,16,HAS_LINK_TO
32,1,72,HAS_LINK_TO
32,1,4375,HAS_LINK_TO
32,1,44,HAS_LINK_TO
32,1,5,HAS_LINK_TO
32,1,66,HAS_LINK_TO
32,1,79,HAS_LINK_TO
32,1,70,HAS_LINK_TO
32,1,22,HAS_LINK_TO
32,1,35,HAS_LINK_TO
32,1,62,HAS_LINK_TO
32,1,59,HAS_LINK_TO
32,1,866,HAS_LINK_TO
32,1,38,HAS_LINK_TO
32,1,36,HAS_LINK_TO
32,1,71,HAS_LINK_TO
32,1,56,HAS_LINK_TO
32,1,9,HAS_LINK_TO
32,1,25,HAS_LINK_TO
32,1,33,HAS_LINK_TO
32,1,60,HAS_LINK_TO
32,1,23,HAS_LINK_TO
32,1,37,HAS_LINK_TO
32,1,78,HAS_LINK_TO
32,1,41,HAS_LINK_TO
32,1,4062,HAS_LINK_TO
32,1,47,HAS_LINK_TO
32,1,17,HAS_LINK_TO
32,1,43,HAS_LINK_TO
32,1,31,HAS_LINK_TO
32,1,49,HAS_LINK_TO
32,1,65,HAS_LINK_TO
32,1,67,HAS_LINK_TO
32,1,2,HAS_LINK_TO
32,1,6,HAS_LINK_TO
32,1,50,HAS_LINK_TO
32,1,27,HAS_LINK_TO
32,1,48,HAS_LINK_TO
32,1,10,HAS_LINK_TO
32,1,1,HAS_LINK_TO
32,1,30,HAS_LINK_TO
32,1,4,HAS_LINK_TO
32,1,11,HAS_LINK_TO
32,1,7,HAS_LINK_TO
32,1,57,HAS_LINK_TO
32,1,40,HAS_LINK_TO
32,1,63,HAS_LINK_TO
33,1,2502,HAS_LINK_TO
33,1,3866,HAS_LINK_TO
33,1,1928,HAS_LINK_TO
33,1,4045,HAS_LINK_TO
33,1,778,HAS_LINK_TO
33,1,3973,HAS_LINK_TO
33,1,2454,HAS_LINK_TO
33,1,4517,HAS_LINK_TO
33,1,3486,HAS_LINK_TO
33,1,114,HAS_LINK_TO
33,1,1167,HAS_LINK_TO
33,1,3129,HAS_LINK_TO
33,1,3465,HAS_LINK_TO
33,1,1158,HAS_LINK_TO
33,1,2263,HAS_LINK_TO
33,1,2486,HAS_LINK_TO
33,1,1913,HAS_LINK_TO
33,1,2282,HAS_LINK_TO
33,1,52,HAS_LINK_TO
33,1,26,HAS_LINK_TO
33,1,3861,HAS_LINK_TO
33,1,1394,HAS_LINK_TO
33,1,1999,HAS_LINK_TO
33,1,3547,HAS_LINK_TO
33,1,616,HAS_LINK_TO
33,1,1469,HAS_LINK_TO
33,1,58,HAS_LINK_TO
33,1,2357,HAS_LINK_TO
33,1,28,HAS_LINK_TO
33,1,865,HAS_LINK_TO
33,1,3458,HAS_LINK_TO
33,1,1313,HAS_LINK_TO
33,1,3,HAS_LINK_TO
33,1,2491,HAS_LINK_TO
33,1,1742,HAS_LINK_TO
33,1,1517,HAS_LINK_TO
33,1,3442,HAS_LINK_TO
33,1,3658,HAS_LINK_TO
33,1,3393,HAS_LINK_TO
33,1,108,HAS_LINK_TO
33,1,3887,HAS_LINK_TO
33,1,1582,HAS_LINK_TO
33,1,1564,HAS_LINK_TO
33,1,69,HAS_LINK_TO
33,1,247,HAS_LINK_TO
33,1,46,HAS_LINK_TO
33,1,1727,HAS_LINK_TO
33,1,3959,HAS_LINK_TO
33,1,2960,HAS_LINK_TO
33,1,3427,HAS_LINK_TO
33,1,2708,HAS_LINK_TO
33,1,832,HAS_LINK_TO
33,1,2961,HAS_LINK_TO
33,1,1897,HAS_LINK_TO
33,1,12,HAS_LINK_TO
33,1,3798,HAS_LINK_TO
33,1,858,HAS_LINK_TO
33,1,3518,HAS_LINK_TO
33,1,617,HAS_LINK_TO
33,1,2986,HAS_LINK_TO
33,1,978,HAS_LINK_TO
33,1,76,HAS_LINK_TO
33,1,1944,HAS_LINK_TO
33,1,16,HAS_LINK_TO
33,1,72,HAS_LINK_TO
33,1,919,HAS_LINK_TO
33,1,3066,HAS_LINK_TO
33,1,66,HAS_LINK_TO
33,1,390,HAS_LINK_TO
33,1,1510,HAS_LINK_TO
33,1,723,HAS_LINK_TO
33,1,2399,HAS_LINK_TO
33,1,4579,HAS_LINK_TO
33,1,3996,HAS_LINK_TO
33,1,1271,HAS_LINK_TO
33,1,2346,HAS_LINK_TO
33,1,833,HAS_LINK_TO
33,1,1955,HAS_LINK_TO
33,1,36,HAS_LINK_TO
33,1,2345,HAS_LINK_TO
33,1,71,HAS_LINK_TO
33,1,2483,HAS_LINK_TO
33,1,2896,HAS_LINK_TO
33,1,4221,HAS_LINK_TO
33,1,2056,HAS_LINK_TO
33,1,2499,HAS_LINK_TO
33,1,9,HAS_LINK_TO
33,1,4301,HAS_LINK_TO
33,1,3826,HAS_LINK_TO
33,1,2217,HAS_LINK_TO
33,1,37,HAS_LINK_TO
33,1,2576,HAS_LINK_TO
33,1,1987,HAS_LINK_TO
33,1,4233,HAS_LINK_TO
33,1,4329,HAS_LINK_TO
33,1,1863,HAS_LINK_TO
33,1,1207,HAS_LINK_TO
33,1,1811,HAS_LINK_TO
33,1,1068,HAS_LINK_TO
33,1,1304,HAS_LINK_TO
33,1,679,HAS_LINK_TO
33,1,4027,HAS_LINK_TO
33,1,1229,HAS_LINK_TO
33,1,2352,HAS_LINK_TO
33,1,2954,HAS_LINK_TO
33,1,2540,HAS_LINK_TO
33,1,2446,HAS_LINK_TO
33,1,3816,HAS_LINK_TO
33,1,2991,HAS_LINK_TO
33,1,2910,HAS_LINK_TO
33,1,1260,HAS_LINK_TO
33,1,67,HAS_LINK_TO
33,1,2303,HAS_LINK_TO
33,1,154,HAS_LINK_TO
33,1,2,HAS_LINK_TO
33,1,6,HAS_LINK_TO
33,1,1129,HAS_LINK_TO
33,1,2675,HAS_LINK_TO
33,1,1193,HAS_LINK_TO
33,1,869,HAS_LINK_TO
33,1,2539,HAS_LINK_TO
33,1,1,HAS_LINK_TO
33,1,541,HAS_LINK_TO
33,1,2658,HAS_LINK_TO
33,1,2962,HAS_LINK_TO
33,1,30,HAS_LINK_TO
33,1,571,HAS_LINK_TO
33,1,1642,HAS_LINK_TO
33,1,2746,HAS_LINK_TO
33,1,862,HAS_LINK_TO
33,1,522,HAS_LINK_TO
33,1,1950,HAS_LINK_TO
33,1,7,HAS_LINK_TO
33,1,2970,HAS_LINK_TO
33,1,3494,HAS_LINK_TO
33,1,2077,HAS_LINK_TO
33,1,4580,HAS_LINK_TO
33,1,2366,HAS_LINK_TO
33,1,2292,HAS_LINK_TO
33,1,730,HAS_LINK_TO
33,1,808,HAS_LINK_TO
33,1,433,HAS_LINK_TO
33,1,1054,HAS_LINK_TO
33,1,2519,HAS_LINK_TO
33,1,2688,HAS_LINK_TO
33,1,1688,HAS_LINK_TO
33,1,34,HAS_LINK_TO
33,1,3941,HAS_LINK_TO
33,1,3038,HAS_LINK_TO
33,1,3572,HAS_LINK_TO
33,1,20,HAS_LINK_TO
33,1,2820,HAS_LINK_TO
33,1,4567,HAS_LINK_TO
33,1,2374,HAS_LINK_TO
33,1,4548,HAS_LINK_TO
33,1,29,HAS_LINK_TO
33,1,4360,HAS_LINK_TO
33,1,1884,HAS_LINK_TO
33,1,1280,HAS_LINK_TO
33,1,3384,HAS_LINK_TO
33,1,3759,HAS_LINK_TO
33,1,3924,HAS_LINK_TO
33,1,4405,HAS_LINK_TO
33,1,3497,HAS_LINK_TO
33,1,3388,HAS_LINK_TO
33,1,4249,HAS_LINK_TO
33,1,140,HAS_LINK_TO
33,1,1353,HAS_LINK_TO
33,1,754,HAS_LINK_TO
33,1,4557,HAS_LINK_TO
33,1,4488,HAS_LINK_TO
33,1,3590,HAS_LINK_TO
33,1,1495,HAS_LINK_TO
33,1,2771,HAS_LINK_TO
33,1,810,HAS_LINK_TO
33,1,1228,HAS_LINK_TO
33,1,45,HAS_LINK_TO
33,1,4428,HAS_LINK_TO
33,1,4504,HAS_LINK_TO
33,1,507,HAS_LINK_TO
33,1,3955,HAS_LINK_TO
33,1,1900,HAS_LINK_TO
33,1,1509,HAS_LINK_TO
33,1,1978,HAS_LINK_TO
33,1,3383,HAS_LINK_TO
33,1,827,HAS_LINK_TO
33,1,2958,HAS_LINK_TO
33,1,3867,HAS_LINK_TO
33,1,15,HAS_LINK_TO
33,1,992,HAS_LINK_TO
33,1,14,HAS_LINK_TO
33,1,1611,HAS_LINK_TO
33,1,4375,HAS_LINK_TO
33,1,4531,HAS_LINK_TO
33,1,961,HAS_LINK_TO
33,1,2308,HAS_LINK_TO
33,1,44,HAS_LINK_TO
33,1,2899,HAS_LINK_TO
33,1,4487,HAS_LINK_TO
33,1,3713,HAS_LINK_TO
33,1,22,HAS_LINK_TO
33,1,1436,HAS_LINK_TO
33,1,3127,HAS_LINK_TO
33,1,863,HAS_LINK_TO
33,1,1237,HAS_LINK_TO
33,1,1468,HAS_LINK_TO
33,1,1986,HAS_LINK_TO
33,1,1250,HAS_LINK_TO
33,1,312,HAS_LINK_TO
33,1,4047,HAS_LINK_TO
33,1,658,HAS_LINK_TO
33,1,866,HAS_LINK_TO
33,1,1635,HAS_LINK_TO
33,1,4547,HAS_LINK_TO
33,1,2146,HAS_LINK_TO
33,1,1440,HAS_LINK_TO
33,1,3177,HAS_LINK_TO
33,1,3569,HAS_LINK_TO
33,1,572,HAS_LINK_TO
33,1,25,HAS_LINK_TO
33,1,2031,HAS_LINK_TO
33,1,60,HAS_LINK_TO
33,1,1712,HAS_LINK_TO
33,1,3793,HAS_LINK_TO
33,1,2704,HAS_LINK_TO
33,1,4039,HAS_LINK_TO
33,1,3836,HAS_LINK_TO
33,1,4303,HAS_LINK_TO
33,1,996,HAS_LINK_TO
33,1,4006,HAS_LINK_TO
33,1,727,HAS_LINK_TO
33,1,3747,HAS_LINK_TO
33,1,1278,HAS_LINK_TO
33,1,877,HAS_LINK_TO
33,1,1689,HAS_LINK_TO
33,1,2674,HAS_LINK_TO
33,1,2285,HAS_LINK_TO
33,1,4252,HAS_LINK_TO
33,1,2444,HAS_LINK_TO
33,1,1669,HAS_LINK_TO
33,1,1557,HAS_LINK_TO
33,1,2928,HAS_LINK_TO
33,1,3520,HAS_LINK_TO
33,1,713,HAS_LINK_TO
33,1,2983,HAS_LINK_TO
33,1,47,HAS_LINK_TO
33,1,113,HAS_LINK_TO
33,1,32,HAS_LINK_TO
33,1,1252,HAS_LINK_TO
33,1,17,HAS_LINK_TO
33,1,65,HAS_LINK_TO
33,1,3469,HAS_LINK_TO
33,1,1172,HAS_LINK_TO
33,1,3425,HAS_LINK_TO
33,1,3974,HAS_LINK_TO
33,1,203,HAS_LINK_TO
33,1,2669,HAS_LINK_TO
33,1,1869,HAS_LINK_TO
33,1,1144,HAS_LINK_TO
33,1,3501,HAS_LINK_TO
33,1,351,HAS_LINK_TO
33,1,50,HAS_LINK_TO
33,1,3514,HAS_LINK_TO
33,1,48,HAS_LINK_TO
33,1,111,HAS_LINK_TO
33,1,3212,HAS_LINK_TO
33,1,3695,HAS_LINK_TO
33,1,63,HAS_LINK_TO
33,1,2212,HAS_LINK_TO
33,1,2931,HAS_LINK_TO
33,1,10,HAS_LINK_TO
33,1,1769,HAS_LINK_TO
33,1,4297,HAS_LINK_TO
33,1,2705,HAS_LINK_TO
33,1,3743,HAS_LINK_TO
33,1,630,HAS_LINK_TO
33,1,2644,HAS_LINK_TO
33,1,110,HAS_LINK_TO
33,1,4304,HAS_LINK_TO
33,1,3704,HAS_LINK_TO
33,1,834,HAS_LINK_TO
33,1,2306,HAS_LINK_TO
33,1,3564,HAS_LINK_TO
33,1,3142,HAS_LINK_TO
33,1,1553,HAS_LINK_TO
33,1,3095,HAS_LINK_TO
33,1,4019,HAS_LINK_TO
33,1,2234,HAS_LINK_TO
33,1,3631,HAS_LINK_TO
33,1,4430,HAS_LINK_TO
33,1,55,HAS_LINK_TO
33,1,53,HAS_LINK_TO
33,1,4575,HAS_LINK_TO
33,1,2406,HAS_LINK_TO
33,1,1776,HAS_LINK_TO
33,1,1832,HAS_LINK_TO
33,1,3990,HAS_LINK_TO
33,1,3477,HAS_LINK_TO
33,1,539,HAS_LINK_TO
33,1,4494,HAS_LINK_TO
33,1,51,HAS_LINK_TO
33,1,3159,HAS_LINK_TO
33,1,21,HAS_LINK_TO
33,1,117,HAS_LINK_TO
33,1,1772,HAS_LINK_TO
33,1,4571,HAS_LINK_TO
33,1,19,HAS_LINK_TO
33,1,87,HAS_LINK_TO
33,1,1483,HAS_LINK_TO
33,1,3524,HAS_LINK_TO
33,1,3426,HAS_LINK_TO
33,1,559,HAS_LINK_TO
33,1,2003,HAS_LINK_TO
33,1,2032,HAS_LINK_TO
33,1,3500,HAS_LINK_TO
33,1,4468,HAS_LINK_TO
33,1,393,HAS_LINK_TO
33,1,836,HAS_LINK_TO
33,1,3467,HAS_LINK_TO
33,1,3960,HAS_LINK_TO
33,1,3913,HAS_LINK_TO
33,1,324,HAS_LINK_TO
33,1,74,HAS_LINK_TO
33,1,3003,HAS_LINK_TO
33,1,4051,HAS_LINK_TO
33,1,2769,HAS_LINK_TO
33,1,3938,HAS_LINK_TO
33,1,323,HAS_LINK_TO
33,1,1691,HAS_LINK_TO
33,1,564,HAS_LINK_TO
33,1,1171,HAS_LINK_TO
33,1,73,HAS_LINK_TO
33,1,4483,HAS_LINK_TO
33,1,736,HAS_LINK_TO
33,1,3879,HAS_LINK_TO
33,1,2657,HAS_LINK_TO
33,1,77,HAS_LINK_TO
33,1,1820,HAS_LINK_TO
33,1,2177,HAS_LINK_TO
33,1,3920,HAS_LINK_TO
33,1,79,HAS_LINK_TO
33,1,3946,HAS_LINK_TO
33,1,101,HAS_LINK_TO
33,1,922,HAS_LINK_TO
33,1,2440,HAS_LINK_TO
33,1,3670,HAS_LINK_TO
33,1,4361,HAS_LINK_TO
33,1,35,HAS_LINK_TO
33,1,2147,HAS_LINK_TO
33,1,673,HAS_LINK_TO
33,1,558,HAS_LINK_TO
33,1,305,HAS_LINK_TO
33,1,378,HAS_LINK_TO
33,1,2915,HAS_LINK_TO
33,1,3934,HAS_LINK_TO
33,1,3047,HAS_LINK_TO
33,1,4148,HAS_LINK_TO
33,1,38,HAS_LINK_TO
33,1,2498,HAS_LINK_TO
33,1,4143,HAS_LINK_TO
33,1,1856,HAS_LINK_TO
33,1,4277,HAS_LINK_TO
33,1,56,HAS_LINK_TO
33,1,1017,HAS_LINK_TO
33,1,3926,HAS_LINK_TO
33,1,4610,HAS_LINK_TO
33,1,2493,HAS_LINK_TO
33,1,1917,HAS_LINK_TO
33,1,4601,HAS_LINK_TO
33,1,603,HAS_LINK_TO
33,1,4365,HAS_LINK_TO
33,1,2700,HAS_LINK_TO
33,1,3557,HAS_LINK_TO
33,1,403,HAS_LINK_TO
33,1,4490,HAS_LINK_TO
33,1,3507,HAS_LINK_TO
33,1,1236,HAS_LINK_TO
33,1,1983,HAS_LINK_TO
33,1,3485,HAS_LINK_TO
33,1,2175,HAS_LINK_TO
33,1,103,HAS_LINK_TO
33,1,78,HAS_LINK_TO
33,1,990,HAS_LINK_TO
33,1,3482,HAS_LINK_TO
33,1,1909,HAS_LINK_TO
33,1,41,HAS_LINK_TO
33,1,4274,HAS_LINK_TO
33,1,4272,HAS_LINK_TO
33,1,115,HAS_LINK_TO
33,1,1042,HAS_LINK_TO
33,1,1784,HAS_LINK_TO
33,1,3057,HAS_LINK_TO
33,1,4062,HAS_LINK_TO
33,1,1778,HAS_LINK_TO
33,1,2429,HAS_LINK_TO
33,1,3678,HAS_LINK_TO
33,1,1485,HAS_LINK_TO
33,1,2478,HAS_LINK_TO
33,1,49,HAS_LINK_TO
33,1,3575,HAS_LINK_TO
33,1,4279,HAS_LINK_TO
33,1,988,HAS_LINK_TO
33,1,3623,HAS_LINK_TO
33,1,3206,HAS_LINK_TO
33,1,3134,HAS_LINK_TO
33,1,3705,HAS_LINK_TO
33,1,1419,HAS_LINK_TO
33,1,4549,HAS_LINK_TO
33,1,2672,HAS_LINK_TO
33,1,1330,HAS_LINK_TO
33,1,3896,HAS_LINK_TO
33,1,2400,HAS_LINK_TO
33,1,2300,HAS_LINK_TO
33,1,1038,HAS_LINK_TO
33,1,797,HAS_LINK_TO
33,1,828,HAS_LINK_TO
33,1,2575,HAS_LINK_TO
33,1,2209,HAS_LINK_TO
33,1,4,HAS_LINK_TO
33,1,385,HAS_LINK_TO
33,1,3817,HAS_LINK_TO
33,1,2597,HAS_LINK_TO
33,1,3742,HAS_LINK_TO
33,1,4016,HAS_LINK_TO
33,1,2660,HAS_LINK_TO
33,1,1060,HAS_LINK_TO
33,1,157,HAS_LINK_TO
33,1,57,HAS_LINK_TO
33,1,2488,HAS_LINK_TO
33,1,2270,HAS_LINK_TO
33,1,2709,HAS_LINK_TO
33,1,40,HAS_LINK_TO
33,1,2028,HAS_LINK_TO
33,1,2014,HAS_LINK_TO
33,1,1850,HAS_LINK_TO
33,1,3541,HAS_LINK_TO
33,1,1966,HAS_LINK_TO
33,1,18,HAS_LINK_TO
33,1,1026,HAS_LINK_TO
33,1,4568,HAS_LINK_TO
33,1,4198,HAS_LINK_TO
33,1,24,HAS_LINK_TO
33,1,4036,HAS_LINK_TO
33,1,2351,HAS_LINK_TO
33,1,42,HAS_LINK_TO
33,1,594,HAS_LINK_TO
33,1,3428,HAS_LINK_TO
33,1,4320,HAS_LINK_TO
33,1,3074,HAS_LINK_TO
33,1,2040,HAS_LINK_TO
33,1,8,HAS_LINK_TO
33,1,61,HAS_LINK_TO
33,1,4119,HAS_LINK_TO
33,1,1662,HAS_LINK_TO
33,1,3720,HAS_LINK_TO
33,1,1462,HAS_LINK_TO
33,1,825,HAS_LINK_TO
33,1,1134,HAS_LINK_TO
33,1,2119,HAS_LINK_TO
33,1,3790,HAS_LINK_TO
33,1,3781,HAS_LINK_TO
33,1,2818,HAS_LINK_TO
33,1,3516,HAS_LINK_TO
33,1,2161,HAS_LINK_TO
33,1,1814,HAS_LINK_TO
33,1,3638,HAS_LINK_TO
33,1,420,HAS_LINK_TO
33,1,2432,HAS_LINK_TO
33,1,4362,HAS_LINK_TO
33,1,2824,HAS_LINK_TO
33,1,3392,HAS_LINK_TO
33,1,2059,HAS_LINK_TO
33,1,2535,HAS_LINK_TO
33,1,13,HAS_LINK_TO
33,1,2353,HAS_LINK_TO
33,1,826,HAS_LINK_TO
33,1,1179,HAS_LINK_TO
33,1,923,HAS_LINK_TO
33,1,2000,HAS_LINK_TO
33,1,510,HAS_LINK_TO
33,1,3655,HAS_LINK_TO
33,1,356,HAS_LINK_TO
33,1,39,HAS_LINK_TO
33,1,64,HAS_LINK_TO
33,1,68,HAS_LINK_TO
33,1,75,HAS_LINK_TO
33,1,4141,HAS_LINK_TO
33,1,4499,HAS_LINK_TO
33,1,2702,HAS_LINK_TO
33,1,1258,HAS_LINK_TO
33,1,4321,HAS_LINK_TO
33,1,665,HAS_LINK_TO
33,1,4195,HAS_LINK_TO
33,1,831,HAS_LINK_TO
33,1,1279,HAS_LINK_TO
33,1,823,HAS_LINK_TO
33,1,440,HAS_LINK_TO
33,1,2710,HAS_LINK_TO
33,1,54,HAS_LINK_TO
33,1,1775,HAS_LINK_TO
33,1,4223,HAS_LINK_TO
33,1,3908,HAS_LINK_TO
33,1,5,HAS_LINK_TO
33,1,2415,HAS_LINK_TO
33,1,590,HAS_LINK_TO
33,1,2706,HAS_LINK_TO
33,1,2955,HAS_LINK_TO
33,1,1161,HAS_LINK_TO
33,1,70,HAS_LINK_TO
33,1,2711,HAS_LINK_TO
33,1,62,HAS_LINK_TO
33,1,3222,HAS_LINK_TO
33,1,59,HAS_LINK_TO
33,1,206,HAS_LINK_TO
33,1,3802,HAS_LINK_TO
33,1,2930,HAS_LINK_TO
33,1,4024,HAS_LINK_TO
33,1,2808,HAS_LINK_TO
33,1,4247,HAS_LINK_TO
33,1,2813,HAS_LINK_TO
33,1,605,HAS_LINK_TO
33,1,3801,HAS_LINK_TO
33,1,588,HAS_LINK_TO
33,1,3424,HAS_LINK_TO
33,1,23,HAS_LINK_TO
33,1,540,HAS_LINK_TO
33,1,1302,HAS_LINK_TO
33,1,1908,HAS_LINK_TO
33,1,1464,HAS_LINK_TO
33,1,227,HAS_LINK_TO
33,1,4485,HAS_LINK_TO
33,1,2453,HAS_LINK_TO
33,1,1149,HAS_LINK_TO
33,1,3065,HAS_LINK_TO
33,1,2307,HAS_LINK_TO
33,1,254,HAS_LINK_TO
33,1,895,HAS_LINK_TO
33,1,1404,HAS_LINK_TO
33,1,3539,HAS_LINK_TO
33,1,830,HAS_LINK_TO
33,1,1210,HAS_LINK_TO
33,1,4136,HAS_LINK_TO
33,1,1484,HAS_LINK_TO
33,1,3519,HAS_LINK_TO
33,1,2929,HAS_LINK_TO
33,1,43,HAS_LINK_TO
33,1,31,HAS_LINK_TO
33,1,4371,HAS_LINK_TO
33,1,4033,HAS_LINK_TO
33,1,633,HAS_LINK_TO
33,1,3237,HAS_LINK_TO
33,1,3117,HAS_LINK_TO
33,1,489,HAS_LINK_TO
33,1,2062,HAS_LINK_TO
33,1,3087,HAS_LINK_TO
33,1,844,HAS_LINK_TO
33,1,1174,HAS_LINK_TO
33,1,1281,HAS_LINK_TO
33,1,27,HAS_LINK_TO
33,1,1052,HAS_LINK_TO
33,1,871,HAS_LINK_TO
33,1,275,HAS_LINK_TO
33,1,4604,HAS_LINK_TO
33,1,1273,HAS_LINK_TO
33,1,4028,HAS_LINK_TO
33,1,2133,HAS_LINK_TO
33,1,3840,HAS_LINK_TO
33,1,4314,HAS_LINK_TO
33,1,11,HAS_LINK_TO
33,1,2809,HAS_LINK_TO
33,1,310,HAS_LINK_TO
33,1,2445,HAS_LINK_TO
33,1,2073,HAS_LINK_TO
33,1,4586,HAS_LINK_TO
33,1,498,HAS_LINK_TO
33,1,145,HAS_LINK_TO
33,1,1230,HAS_LINK_TO
33,1,676,HAS_LINK_TO
33,1,742,HAS_LINK_TO
33,1,1924,HAS_LINK_TO
33,1,2667,HAS_LINK_TO
33,1,292,HAS_LINK_TO
34,1,18,HAS_LINK_TO
34,1,20,HAS_LINK_TO
34,1,24,HAS_LINK_TO
34,1,42,HAS_LINK_TO
34,1,29,HAS_LINK_TO
34,1,55,HAS_LINK_TO
34,1,4019,HAS_LINK_TO
34,1,53,HAS_LINK_TO
34,1,1823,HAS_LINK_TO
34,1,52,HAS_LINK_TO
34,1,8,HAS_LINK_TO
34,1,26,HAS_LINK_TO
34,1,61,HAS_LINK_TO
34,1,1662,HAS_LINK_TO
34,1,51,HAS_LINK_TO
34,1,21,HAS_LINK_TO
34,1,58,HAS_LINK_TO
34,1,19,HAS_LINK_TO
34,1,28,HAS_LINK_TO
34,1,3,HAS_LINK_TO
34,1,45,HAS_LINK_TO
34,1,13,HAS_LINK_TO
34,1,74,HAS_LINK_TO
34,1,39,HAS_LINK_TO
34,1,69,HAS_LINK_TO
34,1,64,HAS_LINK_TO
34,1,68,HAS_LINK_TO
34,1,46,HAS_LINK_TO
34,1,75,HAS_LINK_TO
34,1,73,HAS_LINK_TO
34,1,12,HAS_LINK_TO
34,1,77,HAS_LINK_TO
34,1,15,HAS_LINK_TO
34,1,14,HAS_LINK_TO
34,1,76,HAS_LINK_TO
34,1,54,HAS_LINK_TO
34,1,16,HAS_LINK_TO
34,1,72,HAS_LINK_TO
34,1,4375,HAS_LINK_TO
34,1,44,HAS_LINK_TO
34,1,5,HAS_LINK_TO
34,1,66,HAS_LINK_TO
34,1,1114,HAS_LINK_TO
34,1,79,HAS_LINK_TO
34,1,70,HAS_LINK_TO
34,1,22,HAS_LINK_TO
34,1,35,HAS_LINK_TO
34,1,62,HAS_LINK_TO
34,1,59,HAS_LINK_TO
34,1,38,HAS_LINK_TO
34,1,36,HAS_LINK_TO
34,1,71,HAS_LINK_TO
34,1,56,HAS_LINK_TO
34,1,9,HAS_LINK_TO
34,1,3926,HAS_LINK_TO
34,1,25,HAS_LINK_TO
34,1,33,HAS_LINK_TO
34,1,60,HAS_LINK_TO
34,1,23,HAS_LINK_TO
34,1,37,HAS_LINK_TO
34,1,2576,HAS_LINK_TO
34,1,1596,HAS_LINK_TO
34,1,78,HAS_LINK_TO
34,1,679,HAS_LINK_TO
34,1,41,HAS_LINK_TO
34,1,4062,HAS_LINK_TO
34,1,47,HAS_LINK_TO
34,1,32,HAS_LINK_TO
34,1,17,HAS_LINK_TO
34,1,43,HAS_LINK_TO
34,1,31,HAS_LINK_TO
34,1,49,HAS_LINK_TO
34,1,1858,HAS_LINK_TO
34,1,65,HAS_LINK_TO
34,1,67,HAS_LINK_TO
34,1,4033,HAS_LINK_TO
34,1,2,HAS_LINK_TO
34,1,6,HAS_LINK_TO
34,1,50,HAS_LINK_TO
34,1,27,HAS_LINK_TO
34,1,48,HAS_LINK_TO
34,1,10,HAS_LINK_TO
34,1,869,HAS_LINK_TO
34,1,871,HAS_LINK_TO
34,1,1,HAS_LINK_TO
34,1,30,HAS_LINK_TO
34,1,2575,HAS_LINK_TO
34,1,4,HAS_LINK_TO
34,1,11,HAS_LINK_TO
34,1,7,HAS_LINK_TO
34,1,57,HAS_LINK_TO
34,1,40,HAS_LINK_TO
34,1,63,HAS_LINK_TO
35,1,2014,HAS_LINK_TO
35,1,34,HAS_LINK_TO
35,1,1571,HAS_LINK_TO
35,1,454,HAS_LINK_TO
35,1,2128,HAS_LINK_TO
35,1,18,HAS_LINK_TO
35,1,20,HAS_LINK_TO
35,1,3983,HAS_LINK_TO
35,1,2981,HAS_LINK_TO
35,1,24,HAS_LINK_TO
35,1,4425,HAS_LINK_TO
35,1,42,HAS_LINK_TO
35,1,835,HAS_LINK_TO
35,1,4569,HAS_LINK_TO
35,1,29,HAS_LINK_TO
35,1,55,HAS_LINK_TO
35,1,4019,HAS_LINK_TO
35,1,795,HAS_LINK_TO
35,1,734,HAS_LINK_TO
35,1,2234,HAS_LINK_TO
35,1,3471,HAS_LINK_TO
35,1,53,HAS_LINK_TO
35,1,1998,HAS_LINK_TO
35,1,4330,HAS_LINK_TO
35,1,52,HAS_LINK_TO
35,1,698,HAS_LINK_TO
35,1,2040,HAS_LINK_TO
35,1,2728,HAS_LINK_TO
35,1,8,HAS_LINK_TO
35,1,4119,HAS_LINK_TO
35,1,4494,HAS_LINK_TO
35,1,3643,HAS_LINK_TO
35,1,26,HAS_LINK_TO
35,1,1999,HAS_LINK_TO
35,1,2607,HAS_LINK_TO
35,1,51,HAS_LINK_TO
35,1,2485,HAS_LINK_TO
35,1,21,HAS_LINK_TO
35,1,352,HAS_LINK_TO
35,1,1772,HAS_LINK_TO
35,1,4405,HAS_LINK_TO
35,1,341,HAS_LINK_TO
35,1,58,HAS_LINK_TO
35,1,19,HAS_LINK_TO
35,1,681,HAS_LINK_TO
35,1,3645,HAS_LINK_TO
35,1,3642,HAS_LINK_TO
35,1,1008,HAS_LINK_TO
35,1,865,HAS_LINK_TO
35,1,2435,HAS_LINK_TO
35,1,3204,HAS_LINK_TO
35,1,813,HAS_LINK_TO
35,1,2042,HAS_LINK_TO
35,1,2547,HAS_LINK_TO
35,1,2943,HAS_LINK_TO
35,1,3,HAS_LINK_TO
35,1,1495,HAS_LINK_TO
35,1,252,HAS_LINK_TO
35,1,2003,HAS_LINK_TO
35,1,222,HAS_LINK_TO
35,1,45,HAS_LINK_TO
35,1,4504,HAS_LINK_TO
35,1,3202,HAS_LINK_TO
35,1,13,HAS_LINK_TO
35,1,2353,HAS_LINK_TO
35,1,3442,HAS_LINK_TO
35,1,2205,HAS_LINK_TO
35,1,2528,HAS_LINK_TO
35,1,4605,HAS_LINK_TO
35,1,74,HAS_LINK_TO
35,1,39,HAS_LINK_TO
35,1,69,HAS_LINK_TO
35,1,2233,HAS_LINK_TO
35,1,64,HAS_LINK_TO
35,1,68,HAS_LINK_TO
35,1,2821,HAS_LINK_TO
35,1,46,HAS_LINK_TO
35,1,799,HAS_LINK_TO
35,1,353,HAS_LINK_TO
35,1,3671,HAS_LINK_TO
35,1,75,HAS_LINK_TO
35,1,564,HAS_LINK_TO
35,1,73,HAS_LINK_TO
35,1,4499,HAS_LINK_TO
35,1,612,HAS_LINK_TO
35,1,736,HAS_LINK_TO
35,1,4491,HAS_LINK_TO
35,1,832,HAS_LINK_TO
35,1,2661,HAS_LINK_TO
35,1,12,HAS_LINK_TO
35,1,255,HAS_LINK_TO
35,1,2712,HAS_LINK_TO
35,1,15,HAS_LINK_TO
35,1,77,HAS_LINK_TO
35,1,14,HAS_LINK_TO
35,1,76,HAS_LINK_TO
35,1,1445,HAS_LINK_TO
35,1,54,HAS_LINK_TO
35,1,16,HAS_LINK_TO
35,1,72,HAS_LINK_TO
35,1,4223,HAS_LINK_TO
35,1,4375,HAS_LINK_TO
35,1,1457,HAS_LINK_TO
35,1,44,HAS_LINK_TO
35,1,2967,HAS_LINK_TO
35,1,344,HAS_LINK_TO
35,1,5,HAS_LINK_TO
35,1,66,HAS_LINK_TO
35,1,79,HAS_LINK_TO
35,1,3599,HAS_LINK_TO
35,1,3699,HAS_LINK_TO
35,1,3429,HAS_LINK_TO
35,1,70,HAS_LINK_TO
35,1,22,HAS_LINK_TO
35,1,2163,HAS_LINK_TO
35,1,980,HAS_LINK_TO
35,1,2786,HAS_LINK_TO
35,1,1683,HAS_LINK_TO
35,1,1887,HAS_LINK_TO
35,1,62,HAS_LINK_TO
35,1,3068,HAS_LINK_TO
35,1,3222,HAS_LINK_TO
35,1,3986,HAS_LINK_TO
35,1,4047,HAS_LINK_TO
35,1,59,HAS_LINK_TO
35,1,3480,HAS_LINK_TO
35,1,2942,HAS_LINK_TO
35,1,38,HAS_LINK_TO
35,1,2230,HAS_LINK_TO
35,1,3023,HAS_LINK_TO
35,1,3760,HAS_LINK_TO
35,1,36,HAS_LINK_TO
35,1,1282,HAS_LINK_TO
35,1,71,HAS_LINK_TO
35,1,3492,HAS_LINK_TO
35,1,579,HAS_LINK_TO
35,1,2944,HAS_LINK_TO
35,1,4277,HAS_LINK_TO
35,1,702,HAS_LINK_TO
35,1,56,HAS_LINK_TO
35,1,3005,HAS_LINK_TO
35,1,9,HAS_LINK_TO
35,1,3926,HAS_LINK_TO
35,1,25,HAS_LINK_TO
35,1,3969,HAS_LINK_TO
35,1,33,HAS_LINK_TO
35,1,2493,HAS_LINK_TO
35,1,3826,HAS_LINK_TO
35,1,3577,HAS_LINK_TO
35,1,3493,HAS_LINK_TO
35,1,60,HAS_LINK_TO
35,1,23,HAS_LINK_TO
35,1,3737,HAS_LINK_TO
35,1,2947,HAS_LINK_TO
35,1,2298,HAS_LINK_TO
35,1,2946,HAS_LINK_TO
35,1,3557,HAS_LINK_TO
35,1,37,HAS_LINK_TO
35,1,4639,HAS_LINK_TO
35,1,2576,HAS_LINK_TO
35,1,1743,HAS_LINK_TO
35,1,4233,HAS_LINK_TO
35,1,118,HAS_LINK_TO
35,1,879,HAS_LINK_TO
35,1,3751,HAS_LINK_TO
35,1,4202,HAS_LINK_TO
35,1,929,HAS_LINK_TO
35,1,3115,HAS_LINK_TO
35,1,78,HAS_LINK_TO
35,1,461,HAS_LINK_TO
35,1,1909,HAS_LINK_TO
35,1,2762,HAS_LINK_TO
35,1,41,HAS_LINK_TO
35,1,2104,HAS_LINK_TO
35,1,1210,HAS_LINK_TO
35,1,3761,HAS_LINK_TO
35,1,2259,HAS_LINK_TO
35,1,1567,HAS_LINK_TO
35,1,3057,HAS_LINK_TO
35,1,4062,HAS_LINK_TO
35,1,1000,HAS_LINK_TO
35,1,3613,HAS_LINK_TO
35,1,2540,HAS_LINK_TO
35,1,3075,HAS_LINK_TO
35,1,47,HAS_LINK_TO
35,1,3750,HAS_LINK_TO
35,1,806,HAS_LINK_TO
35,1,1972,HAS_LINK_TO
35,1,2557,HAS_LINK_TO
35,1,3989,HAS_LINK_TO
35,1,17,HAS_LINK_TO
35,1,32,HAS_LINK_TO
35,1,3179,HAS_LINK_TO
35,1,2627,HAS_LINK_TO
35,1,3644,HAS_LINK_TO
35,1,4498,HAS_LINK_TO
35,1,31,HAS_LINK_TO
35,1,43,HAS_LINK_TO
35,1,49,HAS_LINK_TO
35,1,65,HAS_LINK_TO
35,1,4279,HAS_LINK_TO
35,1,2910,HAS_LINK_TO
35,1,67,HAS_LINK_TO
35,1,1381,HAS_LINK_TO
35,1,3641,HAS_LINK_TO
35,1,2130,HAS_LINK_TO
35,1,4540,HAS_LINK_TO
35,1,2,HAS_LINK_TO
35,1,6,HAS_LINK_TO
35,1,2816,HAS_LINK_TO
35,1,3992,HAS_LINK_TO
35,1,3646,HAS_LINK_TO
35,1,844,HAS_LINK_TO
35,1,3745,HAS_LINK_TO
35,1,50,HAS_LINK_TO
35,1,693,HAS_LINK_TO
35,1,1419,HAS_LINK_TO
35,1,3514,HAS_LINK_TO
35,1,27,HAS_LINK_TO
35,1,2397,HAS_LINK_TO
35,1,48,HAS_LINK_TO
35,1,3896,HAS_LINK_TO
35,1,10,HAS_LINK_TO
35,1,1971,HAS_LINK_TO
35,1,2963,HAS_LINK_TO
35,1,634,HAS_LINK_TO
35,1,3080,HAS_LINK_TO
35,1,869,HAS_LINK_TO
35,1,871,HAS_LINK_TO
35,1,2539,HAS_LINK_TO
35,1,1,HAS_LINK_TO
35,1,1506,HAS_LINK_TO
35,1,30,HAS_LINK_TO
35,1,2575,HAS_LINK_TO
35,1,1357,HAS_LINK_TO
35,1,2209,HAS_LINK_TO
35,1,3381,HAS_LINK_TO
35,1,862,HAS_LINK_TO
35,1,395,HAS_LINK_TO
35,1,3694,HAS_LINK_TO
35,1,4289,HAS_LINK_TO
35,1,1471,HAS_LINK_TO
35,1,4,HAS_LINK_TO
35,1,11,HAS_LINK_TO
35,1,61,HAS_LINK_TO
35,1,7,HAS_LINK_TO
35,1,630,HAS_LINK_TO
35,1,1899,HAS_LINK_TO
35,1,4586,HAS_LINK_TO
35,1,0,HAS_LINK_TO
35,1,1345,HAS_LINK_TO
35,1,2409,HAS_LINK_TO
35,1,629,HAS_LINK_TO
35,1,4117,HAS_LINK_TO
35,1,742,HAS_LINK_TO
35,1,845,HAS_LINK_TO
35,1,28,HAS_LINK_TO
35,1,57,HAS_LINK_TO
35,1,1992,HAS_LINK_TO
35,1,40,HAS_LINK_TO
35,1,63,HAS_LINK_TO
35,1,2945,HAS_LINK_TO
35,1,1512,HAS_LINK_TO
36,1,34,HAS_LINK_TO
36,1,18,HAS_LINK_TO
36,1,20,HAS_LINK_TO
36,1,24,HAS_LINK_TO
36,1,3129,HAS_LINK_TO
36,1,42,HAS_LINK_TO
36,1,29,HAS_LINK_TO
36,1,55,HAS_LINK_TO
36,1,4019,HAS_LINK_TO
36,1,53,HAS_LINK_TO
36,1,52,HAS_LINK_TO
36,1,8,HAS_LINK_TO
36,1,26,HAS_LINK_TO
36,1,61,HAS_LINK_TO
36,1,51,HAS_LINK_TO
36,1,21,HAS_LINK_TO
36,1,58,HAS_LINK_TO
36,1,19,HAS_LINK_TO
36,1,28,HAS_LINK_TO
36,1,3,HAS_LINK_TO
36,1,45,HAS_LINK_TO
36,1,13,HAS_LINK_TO
36,1,74,HAS_LINK_TO
36,1,39,HAS_LINK_TO
36,1,69,HAS_LINK_TO
36,1,64,HAS_LINK_TO
36,1,68,HAS_LINK_TO
36,1,46,HAS_LINK_TO
36,1,75,HAS_LINK_TO
36,1,73,HAS_LINK_TO
36,1,2661,HAS_LINK_TO
36,1,12,HAS_LINK_TO
36,1,77,HAS_LINK_TO
36,1,15,HAS_LINK_TO
36,1,14,HAS_LINK_TO
36,1,76,HAS_LINK_TO
36,1,54,HAS_LINK_TO
36,1,16,HAS_LINK_TO
36,1,72,HAS_LINK_TO
36,1,4375,HAS_LINK_TO
36,1,44,HAS_LINK_TO
36,1,5,HAS_LINK_TO
36,1,66,HAS_LINK_TO
36,1,79,HAS_LINK_TO
36,1,70,HAS_LINK_TO
36,1,22,HAS_LINK_TO
36,1,35,HAS_LINK_TO
36,1,62,HAS_LINK_TO
36,1,59,HAS_LINK_TO
36,1,2942,HAS_LINK_TO
36,1,38,HAS_LINK_TO
36,1,71,HAS_LINK_TO
36,1,56,HAS_LINK_TO
36,1,9,HAS_LINK_TO
36,1,25,HAS_LINK_TO
36,1,33,HAS_LINK_TO
36,1,60,HAS_LINK_TO
36,1,23,HAS_LINK_TO
36,1,37,HAS_LINK_TO
36,1,2576,HAS_LINK_TO
36,1,78,HAS_LINK_TO
36,1,41,HAS_LINK_TO
36,1,3761,HAS_LINK_TO
36,1,4062,HAS_LINK_TO
36,1,47,HAS_LINK_TO
36,1,32,HAS_LINK_TO
36,1,17,HAS_LINK_TO
36,1,43,HAS_LINK_TO
36,1,31,HAS_LINK_TO
36,1,49,HAS_LINK_TO
36,1,65,HAS_LINK_TO
36,1,67,HAS_LINK_TO
36,1,2,HAS_LINK_TO
36,1,6,HAS_LINK_TO
36,1,50,HAS_LINK_TO
36,1,27,HAS_LINK_TO
36,1,48,HAS_LINK_TO
36,1,10,HAS_LINK_TO
36,1,869,HAS_LINK_TO
36,1,871,HAS_LINK_TO
36,1,1,HAS_LINK_TO
36,1,30,HAS_LINK_TO
36,1,2575,HAS_LINK_TO
36,1,4,HAS_LINK_TO
36,1,11,HAS_LINK_TO
36,1,7,HAS_LINK_TO
36,1,742,HAS_LINK_TO
36,1,57,HAS_LINK_TO
36,1,40,HAS_LINK_TO
36,1,63,HAS_LINK_TO
37,1,34,HAS_LINK_TO
37,1,18,HAS_LINK_TO
37,1,20,HAS_LINK_TO
37,1,1674,HAS_LINK_TO
37,1,2640,HAS_LINK_TO
37,1,1094,HAS_LINK_TO
37,1,3081,HAS_LINK_TO
37,1,1668,HAS_LINK_TO
37,1,24,HAS_LINK_TO
37,1,42,HAS_LINK_TO
37,1,29,HAS_LINK_TO
37,1,4019,HAS_LINK_TO
37,1,55,HAS_LINK_TO
37,1,53,HAS_LINK_TO
37,1,52,HAS_LINK_TO
37,1,8,HAS_LINK_TO
37,1,4357,HAS_LINK_TO
37,1,26,HAS_LINK_TO
37,1,61,HAS_LINK_TO
37,1,4137,HAS_LINK_TO
37,1,51,HAS_LINK_TO
37,1,2681,HAS_LINK_TO
37,1,21,HAS_LINK_TO
37,1,4405,HAS_LINK_TO
37,1,3489,HAS_LINK_TO
37,1,58,HAS_LINK_TO
37,1,794,HAS_LINK_TO
37,1,19,HAS_LINK_TO
37,1,1008,HAS_LINK_TO
37,1,28,HAS_LINK_TO
37,1,3590,HAS_LINK_TO
37,1,3,HAS_LINK_TO
37,1,45,HAS_LINK_TO
37,1,3488,HAS_LINK_TO
37,1,13,HAS_LINK_TO
37,1,1064,HAS_LINK_TO
37,1,3960,HAS_LINK_TO
37,1,74,HAS_LINK_TO
37,1,356,HAS_LINK_TO
37,1,39,HAS_LINK_TO
37,1,69,HAS_LINK_TO
37,1,64,HAS_LINK_TO
37,1,68,HAS_LINK_TO
37,1,1531,HAS_LINK_TO
37,1,46,HAS_LINK_TO
37,1,1145,HAS_LINK_TO
37,1,75,HAS_LINK_TO
37,1,73,HAS_LINK_TO
37,1,4206,HAS_LINK_TO
37,1,2316,HAS_LINK_TO
37,1,2661,HAS_LINK_TO
37,1,12,HAS_LINK_TO
37,1,3555,HAS_LINK_TO
37,1,1146,HAS_LINK_TO
37,1,3798,HAS_LINK_TO
37,1,77,HAS_LINK_TO
37,1,15,HAS_LINK_TO
37,1,14,HAS_LINK_TO
37,1,3640,HAS_LINK_TO
37,1,76,HAS_LINK_TO
37,1,2686,HAS_LINK_TO
37,1,54,HAS_LINK_TO
37,1,16,HAS_LINK_TO
37,1,72,HAS_LINK_TO
37,1,4375,HAS_LINK_TO
37,1,44,HAS_LINK_TO
37,1,5,HAS_LINK_TO
37,1,66,HAS_LINK_TO
37,1,79,HAS_LINK_TO
37,1,2852,HAS_LINK_TO
37,1,70,HAS_LINK_TO
37,1,22,HAS_LINK_TO
37,1,2289,HAS_LINK_TO
37,1,35,HAS_LINK_TO
37,1,62,HAS_LINK_TO
37,1,59,HAS_LINK_TO
37,1,233,HAS_LINK_TO
37,1,866,HAS_LINK_TO
37,1,38,HAS_LINK_TO
37,1,1478,HAS_LINK_TO
37,1,215,HAS_LINK_TO
37,1,36,HAS_LINK_TO
37,1,2498,HAS_LINK_TO
37,1,3801,HAS_LINK_TO
37,1,71,HAS_LINK_TO
37,1,56,HAS_LINK_TO
37,1,1140,HAS_LINK_TO
37,1,9,HAS_LINK_TO
37,1,25,HAS_LINK_TO
37,1,2543,HAS_LINK_TO
37,1,33,HAS_LINK_TO
37,1,60,HAS_LINK_TO
37,1,23,HAS_LINK_TO
37,1,3693,HAS_LINK_TO
37,1,1182,HAS_LINK_TO
37,1,3737,HAS_LINK_TO
37,1,2407,HAS_LINK_TO
37,1,2576,HAS_LINK_TO
37,1,3487,HAS_LINK_TO
37,1,3094,HAS_LINK_TO
37,1,2198,HAS_LINK_TO
37,1,3751,HAS_LINK_TO
37,1,2438,HAS_LINK_TO
37,1,78,HAS_LINK_TO
37,1,195,HAS_LINK_TO
37,1,41,HAS_LINK_TO
37,1,2444,HAS_LINK_TO
37,1,105,HAS_LINK_TO
37,1,4062,HAS_LINK_TO
37,1,2428,HAS_LINK_TO
37,1,47,HAS_LINK_TO
37,1,17,HAS_LINK_TO
37,1,32,HAS_LINK_TO
37,1,43,HAS_LINK_TO
37,1,31,HAS_LINK_TO
37,1,1231,HAS_LINK_TO
37,1,49,HAS_LINK_TO
37,1,65,HAS_LINK_TO
37,1,363,HAS_LINK_TO
37,1,67,HAS_LINK_TO
37,1,3503,HAS_LINK_TO
37,1,216,HAS_LINK_TO
37,1,2,HAS_LINK_TO
37,1,6,HAS_LINK_TO
37,1,1591,HAS_LINK_TO
37,1,50,HAS_LINK_TO
37,1,27,HAS_LINK_TO
37,1,48,HAS_LINK_TO
37,1,10,HAS_LINK_TO
37,1,2400,HAS_LINK_TO
37,1,354,HAS_LINK_TO
37,1,869,HAS_LINK_TO
37,1,4228,HAS_LINK_TO
37,1,871,HAS_LINK_TO
37,1,1309,HAS_LINK_TO
37,1,1,HAS_LINK_TO
37,1,2199,HAS_LINK_TO
37,1,30,HAS_LINK_TO
37,1,2575,HAS_LINK_TO
37,1,3201,HAS_LINK_TO
37,1,4,HAS_LINK_TO
37,1,11,HAS_LINK_TO
37,1,3863,HAS_LINK_TO
37,1,7,HAS_LINK_TO
37,1,1532,HAS_LINK_TO
37,1,184,HAS_LINK_TO
37,1,1213,HAS_LINK_TO
37,1,1345,HAS_LINK_TO
37,1,2293,HAS_LINK_TO
37,1,170,HAS_LINK_TO
37,1,3622,HAS_LINK_TO
37,1,57,HAS_LINK_TO
37,1,1054,HAS_LINK_TO
37,1,40,HAS_LINK_TO
37,1,63,HAS_LINK_TO
38,1,34,HAS_LINK_TO
38,1,18,HAS_LINK_TO
38,1,20,HAS_LINK_TO
38,1,24,HAS_LINK_TO
38,1,42,HAS_LINK_TO
38,1,29,HAS_LINK_TO
38,1,55,HAS_LINK_TO
38,1,4019,HAS_LINK_TO
38,1,53,HAS_LINK_TO
38,1,52,HAS_LINK_TO
38,1,8,HAS_LINK_TO
38,1,26,HAS_LINK_TO
38,1,61,HAS_LINK_TO
38,1,51,HAS_LINK_TO
38,1,21,HAS_LINK_TO
38,1,58,HAS_LINK_TO
38,1,19,HAS_LINK_TO
38,1,28,HAS_LINK_TO
38,1,3,HAS_LINK_TO
38,1,3961,HAS_LINK_TO
38,1,45,HAS_LINK_TO
38,1,13,HAS_LINK_TO
38,1,74,HAS_LINK_TO
38,1,39,HAS_LINK_TO
38,1,69,HAS_LINK_TO
38,1,64,HAS_LINK_TO
38,1,68,HAS_LINK_TO
38,1,46,HAS_LINK_TO
38,1,75,HAS_LINK_TO
38,1,1089,HAS_LINK_TO
38,1,73,HAS_LINK_TO
38,1,2316,HAS_LINK_TO
38,1,2661,HAS_LINK_TO
38,1,12,HAS_LINK_TO
38,1,77,HAS_LINK_TO
38,1,15,HAS_LINK_TO
38,1,14,HAS_LINK_TO
38,1,76,HAS_LINK_TO
38,1,54,HAS_LINK_TO
38,1,16,HAS_LINK_TO
38,1,72,HAS_LINK_TO
38,1,4375,HAS_LINK_TO
38,1,44,HAS_LINK_TO
38,1,5,HAS_LINK_TO
38,1,66,HAS_LINK_TO
38,1,79,HAS_LINK_TO
38,1,70,HAS_LINK_TO
38,1,22,HAS_LINK_TO
38,1,35,HAS_LINK_TO
38,1,62,HAS_LINK_TO
38,1,59,HAS_LINK_TO
38,1,36,HAS_LINK_TO
38,1,71,HAS_LINK_TO
38,1,56,HAS_LINK_TO
38,1,9,HAS_LINK_TO
38,1,25,HAS_LINK_TO
38,1,33,HAS_LINK_TO
38,1,60,HAS_LINK_TO
38,1,23,HAS_LINK_TO
38,1,3693,HAS_LINK_TO
38,1,37,HAS_LINK_TO
38,1,2576,HAS_LINK_TO
38,1,78,HAS_LINK_TO
38,1,41,HAS_LINK_TO
38,1,4062,HAS_LINK_TO
38,1,47,HAS_LINK_TO
38,1,32,HAS_LINK_TO
38,1,17,HAS_LINK_TO
38,1,43,HAS_LINK_TO
38,1,31,HAS_LINK_TO
38,1,49,HAS_LINK_TO
38,1,65,HAS_LINK_TO
38,1,67,HAS_LINK_TO
38,1,2,HAS_LINK_TO
38,1,6,HAS_LINK_TO
38,1,50,HAS_LINK_TO
38,1,27,HAS_LINK_TO
38,1,48,HAS_LINK_TO
38,1,10,HAS_LINK_TO
38,1,869,HAS_LINK_TO
38,1,871,HAS_LINK_TO
38,1,1,HAS_LINK_TO
38,1,30,HAS_LINK_TO
38,1,2575,HAS_LINK_TO
38,1,4,HAS_LINK_TO
38,1,11,HAS_LINK_TO
38,1,7,HAS_LINK_TO
38,1,2073,HAS_LINK_TO
38,1,2580,HAS_LINK_TO
38,1,57,HAS_LINK_TO
38,1,40,HAS_LINK_TO
38,1,63,HAS_LINK_TO
39,1,34,HAS_LINK_TO
39,1,18,HAS_LINK_TO
39,1,20,HAS_LINK_TO
39,1,3486,HAS_LINK_TO
39,1,24,HAS_LINK_TO
39,1,42,HAS_LINK_TO
39,1,29,HAS_LINK_TO
39,1,55,HAS_LINK_TO
39,1,4019,HAS_LINK_TO
39,1,53,HAS_LINK_TO
39,1,52,HAS_LINK_TO
39,1,8,HAS_LINK_TO
39,1,26,HAS_LINK_TO
39,1,61,HAS_LINK_TO
39,1,51,HAS_LINK_TO
39,1,21,HAS_LINK_TO
39,1,58,HAS_LINK_TO
39,1,19,HAS_LINK_TO
39,1,28,HAS_LINK_TO
39,1,3,HAS_LINK_TO
39,1,45,HAS_LINK_TO
39,1,13,HAS_LINK_TO
39,1,74,HAS_LINK_TO
39,1,69,HAS_LINK_TO
39,1,64,HAS_LINK_TO
39,1,68,HAS_LINK_TO
39,1,46,HAS_LINK_TO
39,1,75,HAS_LINK_TO
39,1,73,HAS_LINK_TO
39,1,12,HAS_LINK_TO
39,1,3555,HAS_LINK_TO
39,1,77,HAS_LINK_TO
39,1,15,HAS_LINK_TO
39,1,14,HAS_LINK_TO
39,1,76,HAS_LINK_TO
39,1,54,HAS_LINK_TO
39,1,16,HAS_LINK_TO
39,1,72,HAS_LINK_TO
39,1,4375,HAS_LINK_TO
39,1,44,HAS_LINK_TO
39,1,5,HAS_LINK_TO
39,1,66,HAS_LINK_TO
39,1,79,HAS_LINK_TO
39,1,70,HAS_LINK_TO
39,1,22,HAS_LINK_TO
39,1,35,HAS_LINK_TO
39,1,62,HAS_LINK_TO
39,1,59,HAS_LINK_TO
39,1,38,HAS_LINK_TO
39,1,36,HAS_LINK_TO
39,1,71,HAS_LINK_TO
39,1,56,HAS_LINK_TO
39,1,1140,HAS_LINK_TO
39,1,9,HAS_LINK_TO
39,1,25,HAS_LINK_TO
39,1,33,HAS_LINK_TO
39,1,60,HAS_LINK_TO
39,1,23,HAS_LINK_TO
39,1,37,HAS_LINK_TO
39,1,2576,HAS_LINK_TO
39,1,2438,HAS_LINK_TO
39,1,78,HAS_LINK_TO
39,1,41,HAS_LINK_TO
39,1,4062,HAS_LINK_TO
39,1,47,HAS_LINK_TO
39,1,32,HAS_LINK_TO
39,1,17,HAS_LINK_TO
39,1,43,HAS_LINK_TO
39,1,31,HAS_LINK_TO
39,1,49,HAS_LINK_TO
39,1,65,HAS_LINK_TO
39,1,67,HAS_LINK_TO
39,1,1381,HAS_LINK_TO
39,1,3503,HAS_LINK_TO
39,1,2,HAS_LINK_TO
39,1,6,HAS_LINK_TO
39,1,50,HAS_LINK_TO
39,1,27,HAS_LINK_TO
39,1,48,HAS_LINK_TO
39,1,10,HAS_LINK_TO
39,1,869,HAS_LINK_TO
39,1,871,HAS_LINK_TO
39,1,1,HAS_LINK_TO
39,1,30,HAS_LINK_TO
39,1,2575,HAS_LINK_TO
39,1,4,HAS_LINK_TO
39,1,11,HAS_LINK_TO
39,1,7,HAS_LINK_TO
39,1,1532,HAS_LINK_TO
39,1,2073,HAS_LINK_TO
39,1,57,HAS_LINK_TO
39,1,40,HAS_LINK_TO
39,1,63,HAS_LINK_TO
40,1,34,HAS_LINK_TO
40,1,18,HAS_LINK_TO
40,1,20,HAS_LINK_TO
40,1,24,HAS_LINK_TO
40,1,42,HAS_LINK_TO
40,1,29,HAS_LINK_TO
40,1,55,HAS_LINK_TO
40,1,4019,HAS_LINK_TO
40,1,53,HAS_LINK_TO
40,1,52,HAS_LINK_TO
40,1,8,HAS_LINK_TO
40,1,26,HAS_LINK_TO
40,1,61,HAS_LINK_TO
40,1,51,HAS_LINK_TO
40,1,21,HAS_LINK_TO
40,1,58,HAS_LINK_TO
40,1,19,HAS_LINK_TO
40,1,28,HAS_LINK_TO
40,1,3,HAS_LINK_TO
40,1,45,HAS_LINK_TO
40,1,13,HAS_LINK_TO
40,1,74,HAS_LINK_TO
40,1,39,HAS_LINK_TO
40,1,69,HAS_LINK_TO
40,1,64,HAS_LINK_TO
40,1,68,HAS_LINK_TO
40,1,46,HAS_LINK_TO
40,1,75,HAS_LINK_TO
40,1,73,HAS_LINK_TO
40,1,12,HAS_LINK_TO
40,1,77,HAS_LINK_TO
40,1,15,HAS_LINK_TO
40,1,14,HAS_LINK_TO
40,1,76,HAS_LINK_TO
40,1,54,HAS_LINK_TO
40,1,16,HAS_LINK_TO
40,1,72,HAS_LINK_TO
40,1,4375,HAS_LINK_TO
40,1,44,HAS_LINK_TO
40,1,5,HAS_LINK_TO
40,1,66,HAS_LINK_TO
40,1,79,HAS_LINK_TO
40,1,70,HAS_LINK_TO
40,1,22,HAS_LINK_TO
40,1,35,HAS_LINK_TO
40,1,62,HAS_LINK_TO
40,1,59,HAS_LINK_TO
40,1,38,HAS_LINK_TO
40,1,36,HAS_LINK_TO
40,1,71,HAS_LINK_TO
40,1,56,HAS_LINK_TO
40,1,9,HAS_LINK_TO
40,1,25,HAS_LINK_TO
40,1,33,HAS_LINK_TO
40,1,60,HAS_LINK_TO
40,1,23,HAS_LINK_TO
40,1,37,HAS_LINK_TO
40,1,2576,HAS_LINK_TO
40,1,78,HAS_LINK_TO
40,1,41,HAS_LINK_TO
40,1,4062,HAS_LINK_TO
40,1,47,HAS_LINK_TO
40,1,32,HAS_LINK_TO
40,1,17,HAS_LINK_TO
40,1,43,HAS_LINK_TO
40,1,31,HAS_LINK_TO
40,1,49,HAS_LINK_TO
40,1,65,HAS_LINK_TO
40,1,67,HAS_LINK_TO
40,1,3503,HAS_LINK_TO
40,1,2,HAS_LINK_TO
40,1,6,HAS_LINK_TO
40,1,50,HAS_LINK_TO
40,1,27,HAS_LINK_TO
40,1,48,HAS_LINK_TO
40,1,10,HAS_LINK_TO
40,1,869,HAS_LINK_TO
40,1,871,HAS_LINK_TO
40,1,1,HAS_LINK_TO
40,1,30,HAS_LINK_TO
40,1,2575,HAS_LINK_TO
40,1,3201,HAS_LINK_TO
40,1,4,HAS_LINK_TO
40,1,11,HAS_LINK_TO
40,1,7,HAS_LINK_TO
40,1,57,HAS_LINK_TO
40,1,63,HAS_LINK_TO
41,1,245,HAS_LINK_TO
41,1,1333,HAS_LINK_TO
41,1,1334,HAS_LINK_TO
41,1,34,HAS_LINK_TO
41,1,2611,HAS_LINK_TO
41,1,18,HAS_LINK_TO
41,1,20,HAS_LINK_TO
41,1,1094,HAS_LINK_TO
41,1,4394,HAS_LINK_TO
41,1,24,HAS_LINK_TO
41,1,3984,HAS_LINK_TO
41,1,42,HAS_LINK_TO
41,1,2610,HAS_LINK_TO
41,1,29,HAS_LINK_TO
41,1,4598,HAS_LINK_TO
41,1,4019,HAS_LINK_TO
41,1,55,HAS_LINK_TO
41,1,262,HAS_LINK_TO
41,1,53,HAS_LINK_TO
41,1,4556,HAS_LINK_TO
41,1,52,HAS_LINK_TO
41,1,2728,HAS_LINK_TO
41,1,8,HAS_LINK_TO
41,1,26,HAS_LINK_TO
41,1,61,HAS_LINK_TO
41,1,3692,HAS_LINK_TO
41,1,1204,HAS_LINK_TO
41,1,51,HAS_LINK_TO
41,1,2681,HAS_LINK_TO
41,1,967,HAS_LINK_TO
41,1,21,HAS_LINK_TO
41,1,1663,HAS_LINK_TO
41,1,574,HAS_LINK_TO
41,1,58,HAS_LINK_TO
41,1,2848,HAS_LINK_TO
41,1,1466,HAS_LINK_TO
41,1,19,HAS_LINK_TO
41,1,4486,HAS_LINK_TO
41,1,28,HAS_LINK_TO
41,1,3,HAS_LINK_TO
41,1,2024,HAS_LINK_TO
41,1,2836,HAS_LINK_TO
41,1,4505,HAS_LINK_TO
41,1,45,HAS_LINK_TO
41,1,3878,HAS_LINK_TO
41,1,13,HAS_LINK_TO
41,1,1989,HAS_LINK_TO
41,1,74,HAS_LINK_TO
41,1,1514,HAS_LINK_TO
41,1,338,HAS_LINK_TO
41,1,2691,HAS_LINK_TO
41,1,356,HAS_LINK_TO
41,1,39,HAS_LINK_TO
41,1,64,HAS_LINK_TO
41,1,68,HAS_LINK_TO
41,1,69,HAS_LINK_TO
41,1,46,HAS_LINK_TO
41,1,1322,HAS_LINK_TO
41,1,3886,HAS_LINK_TO
41,1,75,HAS_LINK_TO
41,1,2025,HAS_LINK_TO
41,1,1714,HAS_LINK_TO
41,1,2188,HAS_LINK_TO
41,1,73,HAS_LINK_TO
41,1,963,HAS_LINK_TO
41,1,2316,HAS_LINK_TO
41,1,1787,HAS_LINK_TO
41,1,2221,HAS_LINK_TO
41,1,12,HAS_LINK_TO
41,1,1335,HAS_LINK_TO
41,1,77,HAS_LINK_TO
41,1,15,HAS_LINK_TO
41,1,1721,HAS_LINK_TO
41,1,587,HAS_LINK_TO
41,1,2190,HAS_LINK_TO
41,1,14,HAS_LINK_TO
41,1,76,HAS_LINK_TO
41,1,2686,HAS_LINK_TO
41,1,3611,HAS_LINK_TO
41,1,3191,HAS_LINK_TO
41,1,16,HAS_LINK_TO
41,1,54,HAS_LINK_TO
41,1,4223,HAS_LINK_TO
41,1,4375,HAS_LINK_TO
41,1,1340,HAS_LINK_TO
41,1,44,HAS_LINK_TO
41,1,72,HAS_LINK_TO
41,1,5,HAS_LINK_TO
41,1,66,HAS_LINK_TO
41,1,79,HAS_LINK_TO
41,1,1338,HAS_LINK_TO
41,1,124,HAS_LINK_TO
41,1,1103,HAS_LINK_TO
41,1,22,HAS_LINK_TO
41,1,70,HAS_LINK_TO
41,1,1341,HAS_LINK_TO
41,1,3389,HAS_LINK_TO
41,1,35,HAS_LINK_TO
41,1,62,HAS_LINK_TO
41,1,59,HAS_LINK_TO
41,1,866,HAS_LINK_TO
41,1,412,HAS_LINK_TO
41,1,38,HAS_LINK_TO
41,1,3877,HAS_LINK_TO
41,1,3962,HAS_LINK_TO
41,1,2189,HAS_LINK_TO
41,1,36,HAS_LINK_TO
41,1,1339,HAS_LINK_TO
41,1,71,HAS_LINK_TO
41,1,2297,HAS_LINK_TO
41,1,3807,HAS_LINK_TO
41,1,56,HAS_LINK_TO
41,1,9,HAS_LINK_TO
41,1,4301,HAS_LINK_TO
41,1,25,HAS_LINK_TO
41,1,33,HAS_LINK_TO
41,1,60,HAS_LINK_TO
41,1,23,HAS_LINK_TO
41,1,1888,HAS_LINK_TO
41,1,2468,HAS_LINK_TO
41,1,3208,HAS_LINK_TO
41,1,1332,HAS_LINK_TO
41,1,37,HAS_LINK_TO
41,1,4038,HAS_LINK_TO
41,1,2576,HAS_LINK_TO
41,1,1596,HAS_LINK_TO
41,1,244,HAS_LINK_TO
41,1,546,HAS_LINK_TO
41,1,2387,HAS_LINK_TO
41,1,78,HAS_LINK_TO
41,1,3600,HAS_LINK_TO
41,1,136,HAS_LINK_TO
41,1,3970,HAS_LINK_TO
41,1,4062,HAS_LINK_TO
41,1,47,HAS_LINK_TO
41,1,2835,HAS_LINK_TO
41,1,2977,HAS_LINK_TO
41,1,17,HAS_LINK_TO
41,1,32,HAS_LINK_TO
41,1,2659,HAS_LINK_TO
41,1,2336,HAS_LINK_TO
41,1,1104,HAS_LINK_TO
41,1,31,HAS_LINK_TO
41,1,43,HAS_LINK_TO
41,1,4371,HAS_LINK_TO
41,1,49,HAS_LINK_TO
41,1,65,HAS_LINK_TO
41,1,67,HAS_LINK_TO
41,1,4481,HAS_LINK_TO
41,1,4480,HAS_LINK_TO
41,1,2845,HAS_LINK_TO
41,1,1337,HAS_LINK_TO
41,1,4540,HAS_LINK_TO
41,1,2,HAS_LINK_TO
41,1,6,HAS_LINK_TO
41,1,50,HAS_LINK_TO
41,1,27,HAS_LINK_TO
41,1,48,HAS_LINK_TO
41,1,339,HAS_LINK_TO
41,1,130,HAS_LINK_TO
41,1,10,HAS_LINK_TO
41,1,1062,HAS_LINK_TO
41,1,869,HAS_LINK_TO
41,1,871,HAS_LINK_TO
41,1,544,HAS_LINK_TO
41,1,1,HAS_LINK_TO
41,1,1625,HAS_LINK_TO
41,1,2575,HAS_LINK_TO
41,1,414,HAS_LINK_TO
41,1,1713,HAS_LINK_TO
41,1,135,HAS_LINK_TO
41,1,30,HAS_LINK_TO
41,1,3201,HAS_LINK_TO
41,1,4,HAS_LINK_TO
41,1,11,HAS_LINK_TO
41,1,2833,HAS_LINK_TO
41,1,1197,HAS_LINK_TO
41,1,7,HAS_LINK_TO
41,1,3698,HAS_LINK_TO
41,1,2970,HAS_LINK_TO
41,1,1345,HAS_LINK_TO
41,1,1055,HAS_LINK_TO
41,1,1336,HAS_LINK_TO
41,1,57,HAS_LINK_TO
41,1,1369,HAS_LINK_TO
41,1,4231,HAS_LINK_TO
41,1,40,HAS_LINK_TO
41,1,63,HAS_LINK_TO
42,1,34,HAS_LINK_TO
42,1,18,HAS_LINK_TO
42,1,20,HAS_LINK_TO
42,1,24,HAS_LINK_TO
42,1,29,HAS_LINK_TO
42,1,55,HAS_LINK_TO
42,1,4019,HAS_LINK_TO
42,1,53,HAS_LINK_TO
42,1,52,HAS_LINK_TO
42,1,8,HAS_LINK_TO
42,1,26,HAS_LINK_TO
42,1,61,HAS_LINK_TO
42,1,51,HAS_LINK_TO
42,1,21,HAS_LINK_TO
42,1,58,HAS_LINK_TO
42,1,19,HAS_LINK_TO
42,1,28,HAS_LINK_TO
42,1,3,HAS_LINK_TO
42,1,45,HAS_LINK_TO
42,1,13,HAS_LINK_TO
42,1,74,HAS_LINK_TO
42,1,39,HAS_LINK_TO
42,1,69,HAS_LINK_TO
42,1,64,HAS_LINK_TO
42,1,68,HAS_LINK_TO
42,1,46,HAS_LINK_TO
42,1,1322,HAS_LINK_TO
42,1,3210,HAS_LINK_TO
42,1,75,HAS_LINK_TO
42,1,1089,HAS_LINK_TO
42,1,73,HAS_LINK_TO
42,1,2661,HAS_LINK_TO
42,1,12,HAS_LINK_TO
42,1,77,HAS_LINK_TO
42,1,15,HAS_LINK_TO
42,1,14,HAS_LINK_TO
42,1,76,HAS_LINK_TO
42,1,54,HAS_LINK_TO
42,1,16,HAS_LINK_TO
42,1,4375,HAS_LINK_TO
42,1,44,HAS_LINK_TO
42,1,72,HAS_LINK_TO
42,1,5,HAS_LINK_TO
42,1,66,HAS_LINK_TO
42,1,79,HAS_LINK_TO
42,1,70,HAS_LINK_TO
42,1,22,HAS_LINK_TO
42,1,35,HAS_LINK_TO
42,1,62,HAS_LINK_TO
42,1,59,HAS_LINK_TO
42,1,38,HAS_LINK_TO
42,1,36,HAS_LINK_TO
42,1,71,HAS_LINK_TO
42,1,56,HAS_LINK_TO
42,1,9,HAS_LINK_TO
42,1,3926,HAS_LINK_TO
42,1,25,HAS_LINK_TO
42,1,33,HAS_LINK_TO
42,1,60,HAS_LINK_TO
42,1,23,HAS_LINK_TO
42,1,1332,HAS_LINK_TO
42,1,37,HAS_LINK_TO
42,1,4038,HAS_LINK_TO
42,1,2576,HAS_LINK_TO
42,1,78,HAS_LINK_TO
42,1,41,HAS_LINK_TO
42,1,3970,HAS_LINK_TO
42,1,4062,HAS_LINK_TO
42,1,47,HAS_LINK_TO
42,1,32,HAS_LINK_TO
42,1,17,HAS_LINK_TO
42,1,43,HAS_LINK_TO
42,1,31,HAS_LINK_TO
42,1,1104,HAS_LINK_TO
42,1,49,HAS_LINK_TO
42,1,65,HAS_LINK_TO
42,1,67,HAS_LINK_TO
42,1,2845,HAS_LINK_TO
42,1,2,HAS_LINK_TO
42,1,6,HAS_LINK_TO
42,1,50,HAS_LINK_TO
42,1,27,HAS_LINK_TO
42,1,48,HAS_LINK_TO
42,1,10,HAS_LINK_TO
42,1,2218,HAS_LINK_TO
42,1,869,HAS_LINK_TO
42,1,871,HAS_LINK_TO
42,1,1,HAS_LINK_TO
42,1,30,HAS_LINK_TO
42,1,2575,HAS_LINK_TO
42,1,4,HAS_LINK_TO
42,1,11,HAS_LINK_TO
42,1,7,HAS_LINK_TO
42,1,57,HAS_LINK_TO
42,1,40,HAS_LINK_TO
42,1,63,HAS_LINK_TO
43,1,34,HAS_LINK_TO
43,1,2611,HAS_LINK_TO
43,1,18,HAS_LINK_TO
43,1,20,HAS_LINK_TO
43,1,24,HAS_LINK_TO
43,1,42,HAS_LINK_TO
43,1,2610,HAS_LINK_TO
43,1,29,HAS_LINK_TO
43,1,55,HAS_LINK_TO
43,1,4019,HAS_LINK_TO
43,1,53,HAS_LINK_TO
43,1,52,HAS_LINK_TO
43,1,8,HAS_LINK_TO
43,1,26,HAS_LINK_TO
43,1,61,HAS_LINK_TO
43,1,51,HAS_LINK_TO
43,1,21,HAS_LINK_TO
43,1,58,HAS_LINK_TO
43,1,19,HAS_LINK_TO
43,1,87,HAS_LINK_TO
43,1,28,HAS_LINK_TO
43,1,3,HAS_LINK_TO
43,1,45,HAS_LINK_TO
43,1,13,HAS_LINK_TO
43,1,3913,HAS_LINK_TO
43,1,74,HAS_LINK_TO
43,1,2691,HAS_LINK_TO
43,1,39,HAS_LINK_TO
43,1,69,HAS_LINK_TO
43,1,64,HAS_LINK_TO
43,1,68,HAS_LINK_TO
43,1,46,HAS_LINK_TO
43,1,75,HAS_LINK_TO
43,1,73,HAS_LINK_TO
43,1,963,HAS_LINK_TO
43,1,12,HAS_LINK_TO
43,1,77,HAS_LINK_TO
43,1,15,HAS_LINK_TO
43,1,14,HAS_LINK_TO
43,1,76,HAS_LINK_TO
43,1,54,HAS_LINK_TO
43,1,16,HAS_LINK_TO
43,1,72,HAS_LINK_TO
43,1,4375,HAS_LINK_TO
43,1,44,HAS_LINK_TO
43,1,5,HAS_LINK_TO
43,1,66,HAS_LINK_TO
43,1,79,HAS_LINK_TO
43,1,3416,HAS_LINK_TO
43,1,1103,HAS_LINK_TO
43,1,22,HAS_LINK_TO
43,1,70,HAS_LINK_TO
43,1,2289,HAS_LINK_TO
43,1,35,HAS_LINK_TO
43,1,62,HAS_LINK_TO
43,1,59,HAS_LINK_TO
43,1,866,HAS_LINK_TO
43,1,38,HAS_LINK_TO
43,1,3153,HAS_LINK_TO
43,1,3918,HAS_LINK_TO
43,1,36,HAS_LINK_TO
43,1,71,HAS_LINK_TO
43,1,56,HAS_LINK_TO
43,1,703,HAS_LINK_TO
43,1,9,HAS_LINK_TO
43,1,25,HAS_LINK_TO
43,1,33,HAS_LINK_TO
43,1,60,HAS_LINK_TO
43,1,23,HAS_LINK_TO
43,1,1332,HAS_LINK_TO
43,1,37,HAS_LINK_TO
43,1,4038,HAS_LINK_TO
43,1,2576,HAS_LINK_TO
43,1,244,HAS_LINK_TO
43,1,78,HAS_LINK_TO
43,1,41,HAS_LINK_TO
43,1,4062,HAS_LINK_TO
43,1,47,HAS_LINK_TO
43,1,198,HAS_LINK_TO
43,1,17,HAS_LINK_TO
43,1,32,HAS_LINK_TO
43,1,31,HAS_LINK_TO
43,1,49,HAS_LINK_TO
43,1,65,HAS_LINK_TO
43,1,67,HAS_LINK_TO
43,1,2845,HAS_LINK_TO
43,1,2,HAS_LINK_TO
43,1,6,HAS_LINK_TO
43,1,50,HAS_LINK_TO
43,1,27,HAS_LINK_TO
43,1,48,HAS_LINK_TO
43,1,10,HAS_LINK_TO
43,1,869,HAS_LINK_TO
43,1,871,HAS_LINK_TO
43,1,1,HAS_LINK_TO
43,1,30,HAS_LINK_TO
43,1,2575,HAS_LINK_TO
43,1,4,HAS_LINK_TO
43,1,11,HAS_LINK_TO
43,1,7,HAS_LINK_TO
43,1,57,HAS_LINK_TO
43,1,1212,HAS_LINK_TO
43,1,40,HAS_LINK_TO
43,1,63,HAS_LINK_TO
44,1,1333,HAS_LINK_TO
44,1,1334,HAS_LINK_TO
44,1,34,HAS_LINK_TO
44,1,18,HAS_LINK_TO
44,1,20,HAS_LINK_TO
44,1,2376,HAS_LINK_TO
44,1,24,HAS_LINK_TO
44,1,42,HAS_LINK_TO
44,1,29,HAS_LINK_TO
44,1,55,HAS_LINK_TO
44,1,4019,HAS_LINK_TO
44,1,53,HAS_LINK_TO
44,1,52,HAS_LINK_TO
44,1,8,HAS_LINK_TO
44,1,3490,HAS_LINK_TO
44,1,26,HAS_LINK_TO
44,1,61,HAS_LINK_TO
44,1,51,HAS_LINK_TO
44,1,21,HAS_LINK_TO
44,1,58,HAS_LINK_TO
44,1,19,HAS_LINK_TO
44,1,28,HAS_LINK_TO
44,1,3,HAS_LINK_TO
44,1,45,HAS_LINK_TO
44,1,3680,HAS_LINK_TO
44,1,13,HAS_LINK_TO
44,1,3158,HAS_LINK_TO
44,1,2361,HAS_LINK_TO
44,1,74,HAS_LINK_TO
44,1,39,HAS_LINK_TO
44,1,69,HAS_LINK_TO
44,1,64,HAS_LINK_TO
44,1,68,HAS_LINK_TO
44,1,46,HAS_LINK_TO
44,1,75,HAS_LINK_TO
44,1,73,HAS_LINK_TO
44,1,2661,HAS_LINK_TO
44,1,12,HAS_LINK_TO
44,1,77,HAS_LINK_TO
44,1,15,HAS_LINK_TO
44,1,14,HAS_LINK_TO
44,1,76,HAS_LINK_TO
44,1,54,HAS_LINK_TO
44,1,16,HAS_LINK_TO
44,1,72,HAS_LINK_TO
44,1,4375,HAS_LINK_TO
44,1,1340,HAS_LINK_TO
44,1,5,HAS_LINK_TO
44,1,66,HAS_LINK_TO
44,1,79,HAS_LINK_TO
44,1,70,HAS_LINK_TO
44,1,22,HAS_LINK_TO
44,1,35,HAS_LINK_TO
44,1,62,HAS_LINK_TO
44,1,59,HAS_LINK_TO
44,1,866,HAS_LINK_TO
44,1,38,HAS_LINK_TO
44,1,3948,HAS_LINK_TO
44,1,36,HAS_LINK_TO
44,1,71,HAS_LINK_TO
44,1,56,HAS_LINK_TO
44,1,9,HAS_LINK_TO
44,1,25,HAS_LINK_TO
44,1,33,HAS_LINK_TO
44,1,60,HAS_LINK_TO
44,1,23,HAS_LINK_TO
44,1,1332,HAS_LINK_TO
44,1,37,HAS_LINK_TO
44,1,2576,HAS_LINK_TO
44,1,78,HAS_LINK_TO
44,1,41,HAS_LINK_TO
44,1,4062,HAS_LINK_TO
44,1,47,HAS_LINK_TO
44,1,32,HAS_LINK_TO
44,1,17,HAS_LINK_TO
44,1,43,HAS_LINK_TO
44,1,31,HAS_LINK_TO
44,1,49,HAS_LINK_TO
44,1,65,HAS_LINK_TO
44,1,67,HAS_LINK_TO
44,1,2845,HAS_LINK_TO
44,1,4540,HAS_LINK_TO
44,1,2,HAS_LINK_TO
44,1,6,HAS_LINK_TO
44,1,50,HAS_LINK_TO
44,1,27,HAS_LINK_TO
44,1,48,HAS_LINK_TO
44,1,10,HAS_LINK_TO
44,1,869,HAS_LINK_TO
44,1,871,HAS_LINK_TO
44,1,1,HAS_LINK_TO
44,1,30,HAS_LINK_TO
44,1,2575,HAS_LINK_TO
44,1,4,HAS_LINK_TO
44,1,11,HAS_LINK_TO
44,1,7,HAS_LINK_TO
44,1,2580,HAS_LINK_TO
44,1,57,HAS_LINK_TO
44,1,40,HAS_LINK_TO
44,1,63,HAS_LINK_TO
45,1,245,HAS_LINK_TO
45,1,34,HAS_LINK_TO
45,1,18,HAS_LINK_TO
45,1,20,HAS_LINK_TO
45,1,4616,HAS_LINK_TO
45,1,24,HAS_LINK_TO
45,1,42,HAS_LINK_TO
45,1,29,HAS_LINK_TO
45,1,3833,HAS_LINK_TO
45,1,4019,HAS_LINK_TO
45,1,4430,HAS_LINK_TO
45,1,55,HAS_LINK_TO
45,1,53,HAS_LINK_TO
45,1,52,HAS_LINK_TO
45,1,8,HAS_LINK_TO
45,1,26,HAS_LINK_TO
45,1,61,HAS_LINK_TO
45,1,51,HAS_LINK_TO
45,1,21,HAS_LINK_TO
45,1,58,HAS_LINK_TO
45,1,1466,HAS_LINK_TO
45,1,19,HAS_LINK_TO
45,1,28,HAS_LINK_TO
45,1,3,HAS_LINK_TO
45,1,1018,HAS_LINK_TO
45,1,2771,HAS_LINK_TO
45,1,13,HAS_LINK_TO
45,1,74,HAS_LINK_TO
45,1,39,HAS_LINK_TO
45,1,69,HAS_LINK_TO
45,1,64,HAS_LINK_TO
45,1,68,HAS_LINK_TO
45,1,46,HAS_LINK_TO
45,1,3886,HAS_LINK_TO
45,1,75,HAS_LINK_TO
45,1,1089,HAS_LINK_TO
45,1,73,HAS_LINK_TO
45,1,2661,HAS_LINK_TO
45,1,12,HAS_LINK_TO
45,1,3382,HAS_LINK_TO
45,1,77,HAS_LINK_TO
45,1,15,HAS_LINK_TO
45,1,14,HAS_LINK_TO
45,1,76,HAS_LINK_TO
45,1,54,HAS_LINK_TO
45,1,3191,HAS_LINK_TO
45,1,16,HAS_LINK_TO
45,1,72,HAS_LINK_TO
45,1,4375,HAS_LINK_TO
45,1,44,HAS_LINK_TO
45,1,5,HAS_LINK_TO
45,1,66,HAS_LINK_TO
45,1,79,HAS_LINK_TO
45,1,1253,HAS_LINK_TO
45,1,2852,HAS_LINK_TO
45,1,70,HAS_LINK_TO
45,1,22,HAS_LINK_TO
45,1,35,HAS_LINK_TO
45,1,62,HAS_LINK_TO
45,1,59,HAS_LINK_TO
45,1,412,HAS_LINK_TO
45,1,38,HAS_LINK_TO
45,1,36,HAS_LINK_TO
45,1,71,HAS_LINK_TO
45,1,2297,HAS_LINK_TO
45,1,56,HAS_LINK_TO
45,1,9,HAS_LINK_TO
45,1,25,HAS_LINK_TO
45,1,33,HAS_LINK_TO
45,1,60,HAS_LINK_TO
45,1,23,HAS_LINK_TO
45,1,37,HAS_LINK_TO
45,1,2576,HAS_LINK_TO
45,1,78,HAS_LINK_TO
45,1,41,HAS_LINK_TO
45,1,4062,HAS_LINK_TO
45,1,47,HAS_LINK_TO
45,1,32,HAS_LINK_TO
45,1,17,HAS_LINK_TO
45,1,43,HAS_LINK_TO
45,1,31,HAS_LINK_TO
45,1,49,HAS_LINK_TO
45,1,65,HAS_LINK_TO
45,1,67,HAS_LINK_TO
45,1,2845,HAS_LINK_TO
45,1,2,HAS_LINK_TO
45,1,6,HAS_LINK_TO
45,1,50,HAS_LINK_TO
45,1,27,HAS_LINK_TO
45,1,48,HAS_LINK_TO
45,1,10,HAS_LINK_TO
45,1,869,HAS_LINK_TO
45,1,871,HAS_LINK_TO
45,1,1,HAS_LINK_TO
45,1,30,HAS_LINK_TO
45,1,2575,HAS_LINK_TO
45,1,4,HAS_LINK_TO
45,1,11,HAS_LINK_TO
45,1,7,HAS_LINK_TO
45,1,57,HAS_LINK_TO
45,1,40,HAS_LINK_TO
45,1,63,HAS_LINK_TO
46,1,2029,HAS_LINK_TO
46,1,383,HAS_LINK_TO
46,1,2014,HAS_LINK_TO
46,1,2302,HAS_LINK_TO
46,1,1139,HAS_LINK_TO
46,1,34,HAS_LINK_TO
46,1,1264,HAS_LINK_TO
46,1,1056,HAS_LINK_TO
46,1,2201,HAS_LINK_TO
46,1,670,HAS_LINK_TO
46,1,18,HAS_LINK_TO
46,1,20,HAS_LINK_TO
46,1,24,HAS_LINK_TO
46,1,4425,HAS_LINK_TO
46,1,42,HAS_LINK_TO
46,1,29,HAS_LINK_TO
46,1,4598,HAS_LINK_TO
46,1,4019,HAS_LINK_TO
46,1,2613,HAS_LINK_TO
46,1,2295,HAS_LINK_TO
46,1,3741,HAS_LINK_TO
46,1,55,HAS_LINK_TO
46,1,4134,HAS_LINK_TO
46,1,53,HAS_LINK_TO
46,1,2038,HAS_LINK_TO
46,1,1233,HAS_LINK_TO
46,1,492,HAS_LINK_TO
46,1,3672,HAS_LINK_TO
46,1,52,HAS_LINK_TO
46,1,2728,HAS_LINK_TO
46,1,1315,HAS_LINK_TO
46,1,4357,HAS_LINK_TO
46,1,8,HAS_LINK_TO
46,1,26,HAS_LINK_TO
46,1,61,HAS_LINK_TO
46,1,2178,HAS_LINK_TO
46,1,51,HAS_LINK_TO
46,1,1265,HAS_LINK_TO
46,1,3385,HAS_LINK_TO
46,1,4594,HAS_LINK_TO
46,1,4405,HAS_LINK_TO
46,1,21,HAS_LINK_TO
46,1,3674,HAS_LINK_TO
46,1,58,HAS_LINK_TO
46,1,794,HAS_LINK_TO
46,1,1009,HAS_LINK_TO
46,1,2635,HAS_LINK_TO
46,1,4338,HAS_LINK_TO
46,1,204,HAS_LINK_TO
46,1,19,HAS_LINK_TO
46,1,1483,HAS_LINK_TO
46,1,28,HAS_LINK_TO
46,1,3777,HAS_LINK_TO
46,1,726,HAS_LINK_TO
46,1,3,HAS_LINK_TO
46,1,1673,HAS_LINK_TO
46,1,1975,HAS_LINK_TO
46,1,1165,HAS_LINK_TO
46,1,45,HAS_LINK_TO
46,1,3488,HAS_LINK_TO
46,1,3680,HAS_LINK_TO
46,1,3766,HAS_LINK_TO
46,1,2798,HAS_LINK_TO
46,1,13,HAS_LINK_TO
46,1,507,HAS_LINK_TO
46,1,439,HAS_LINK_TO
46,1,2205,HAS_LINK_TO
46,1,2267,HAS_LINK_TO
46,1,3960,HAS_LINK_TO
46,1,1034,HAS_LINK_TO
46,1,1582,HAS_LINK_TO
46,1,4466,HAS_LINK_TO
46,1,74,HAS_LINK_TO
46,1,3676,HAS_LINK_TO
46,1,4522,HAS_LINK_TO
46,1,356,HAS_LINK_TO
46,1,39,HAS_LINK_TO
46,1,247,HAS_LINK_TO
46,1,93,HAS_LINK_TO
46,1,2634,HAS_LINK_TO
46,1,64,HAS_LINK_TO
46,1,68,HAS_LINK_TO
46,1,69,HAS_LINK_TO
46,1,799,HAS_LINK_TO
46,1,75,HAS_LINK_TO
46,1,4583,HAS_LINK_TO
46,1,1089,HAS_LINK_TO
46,1,73,HAS_LINK_TO
46,1,2058,HAS_LINK_TO
46,1,2665,HAS_LINK_TO
46,1,450,HAS_LINK_TO
46,1,1807,HAS_LINK_TO
46,1,4011,HAS_LINK_TO
46,1,3712,HAS_LINK_TO
46,1,12,HAS_LINK_TO
46,1,3555,HAS_LINK_TO
46,1,77,HAS_LINK_TO
46,1,3039,HAS_LINK_TO
46,1,15,HAS_LINK_TO
46,1,1721,HAS_LINK_TO
46,1,3640,HAS_LINK_TO
46,1,14,HAS_LINK_TO
46,1,3920,HAS_LINK_TO
46,1,3587,HAS_LINK_TO
46,1,76,HAS_LINK_TO
46,1,1500,HAS_LINK_TO
46,1,54,HAS_LINK_TO
46,1,2573,HAS_LINK_TO
46,1,16,HAS_LINK_TO
46,1,72,HAS_LINK_TO
46,1,4223,HAS_LINK_TO
46,1,3993,HAS_LINK_TO
46,1,4608,HAS_LINK_TO
46,1,4375,HAS_LINK_TO
46,1,1261,HAS_LINK_TO
46,1,5,HAS_LINK_TO
46,1,44,HAS_LINK_TO
46,1,1183,HAS_LINK_TO
46,1,66,HAS_LINK_TO
46,1,79,HAS_LINK_TO
46,1,1155,HAS_LINK_TO
46,1,723,HAS_LINK_TO
46,1,1103,HAS_LINK_TO
46,1,22,HAS_LINK_TO
46,1,971,HAS_LINK_TO
46,1,4612,HAS_LINK_TO
46,1,3470,HAS_LINK_TO
46,1,70,HAS_LINK_TO
46,1,2035,HAS_LINK_TO
46,1,2009,HAS_LINK_TO
46,1,35,HAS_LINK_TO
46,1,62,HAS_LINK_TO
46,1,59,HAS_LINK_TO
46,1,276,HAS_LINK_TO
46,1,866,HAS_LINK_TO
46,1,1678,HAS_LINK_TO
46,1,3696,HAS_LINK_TO
46,1,4024,HAS_LINK_TO
46,1,38,HAS_LINK_TO
46,1,3031,HAS_LINK_TO
46,1,208,HAS_LINK_TO
46,1,2124,HAS_LINK_TO
46,1,2055,HAS_LINK_TO
46,1,215,HAS_LINK_TO
46,1,668,HAS_LINK_TO
46,1,36,HAS_LINK_TO
46,1,71,HAS_LINK_TO
46,1,3857,HAS_LINK_TO
46,1,56,HAS_LINK_TO
46,1,1562,HAS_LINK_TO
46,1,4348,HAS_LINK_TO
46,1,4350,HAS_LINK_TO
46,1,9,HAS_LINK_TO
46,1,25,HAS_LINK_TO
46,1,812,HAS_LINK_TO
46,1,33,HAS_LINK_TO
46,1,1581,HAS_LINK_TO
46,1,60,HAS_LINK_TO
46,1,23,HAS_LINK_TO
46,1,3746,HAS_LINK_TO
46,1,3737,HAS_LINK_TO
46,1,1430,HAS_LINK_TO
46,1,2522,HAS_LINK_TO
46,1,3233,HAS_LINK_TO
46,1,37,HAS_LINK_TO
46,1,4639,HAS_LINK_TO
46,1,2576,HAS_LINK_TO
46,1,1670,HAS_LINK_TO
46,1,1596,HAS_LINK_TO
46,1,4613,HAS_LINK_TO
46,1,526,HAS_LINK_TO
46,1,1391,HAS_LINK_TO
46,1,4398,HAS_LINK_TO
46,1,231,HAS_LINK_TO
46,1,1031,HAS_LINK_TO
46,1,2722,HAS_LINK_TO
46,1,369,HAS_LINK_TO
46,1,1019,HAS_LINK_TO
46,1,929,HAS_LINK_TO
46,1,1191,HAS_LINK_TO
46,1,78,HAS_LINK_TO
46,1,261,HAS_LINK_TO
46,1,41,HAS_LINK_TO
46,1,277,HAS_LINK_TO
46,1,1266,HAS_LINK_TO
46,1,2901,HAS_LINK_TO
46,1,1210,HAS_LINK_TO
46,1,3032,HAS_LINK_TO
46,1,1783,HAS_LINK_TO
46,1,3683,HAS_LINK_TO
46,1,4272,HAS_LINK_TO
46,1,3057,HAS_LINK_TO
46,1,4062,HAS_LINK_TO
46,1,2428,HAS_LINK_TO
46,1,47,HAS_LINK_TO
46,1,2057,HAS_LINK_TO
46,1,3551,HAS_LINK_TO
46,1,944,HAS_LINK_TO
46,1,2224,HAS_LINK_TO
46,1,2548,HAS_LINK_TO
46,1,3214,HAS_LINK_TO
46,1,17,HAS_LINK_TO
46,1,32,HAS_LINK_TO
46,1,43,HAS_LINK_TO
46,1,31,HAS_LINK_TO
46,1,49,HAS_LINK_TO
46,1,65,HAS_LINK_TO
46,1,4371,HAS_LINK_TO
46,1,4279,HAS_LINK_TO
46,1,1260,HAS_LINK_TO
46,1,67,HAS_LINK_TO
46,1,1381,HAS_LINK_TO
46,1,1123,HAS_LINK_TO
46,1,519,HAS_LINK_TO
46,1,2989,HAS_LINK_TO
46,1,4540,HAS_LINK_TO
46,1,2044,HAS_LINK_TO
46,1,2265,HAS_LINK_TO
46,1,721,HAS_LINK_TO
46,1,933,HAS_LINK_TO
46,1,3033,HAS_LINK_TO
46,1,1603,HAS_LINK_TO
46,1,3117,HAS_LINK_TO
46,1,3029,HAS_LINK_TO
46,1,2,HAS_LINK_TO
46,1,6,HAS_LINK_TO
46,1,2763,HAS_LINK_TO
46,1,1622,HAS_LINK_TO
46,1,50,HAS_LINK_TO
46,1,3030,HAS_LINK_TO
46,1,27,HAS_LINK_TO
46,1,48,HAS_LINK_TO
46,1,2043,HAS_LINK_TO
46,1,2304,HAS_LINK_TO
46,1,10,HAS_LINK_TO
46,1,1813,HAS_LINK_TO
46,1,869,HAS_LINK_TO
46,1,871,HAS_LINK_TO
46,1,1,HAS_LINK_TO
46,1,30,HAS_LINK_TO
46,1,2575,HAS_LINK_TO
46,1,2027,HAS_LINK_TO
46,1,4,HAS_LINK_TO
46,1,3694,HAS_LINK_TO
46,1,385,HAS_LINK_TO
46,1,3763,HAS_LINK_TO
46,1,11,HAS_LINK_TO
46,1,1157,HAS_LINK_TO
46,1,4167,HAS_LINK_TO
46,1,7,HAS_LINK_TO
46,1,4586,HAS_LINK_TO
46,1,1679,HAS_LINK_TO
46,1,4530,HAS_LINK_TO
46,1,4463,HAS_LINK_TO
46,1,2660,HAS_LINK_TO
46,1,742,HAS_LINK_TO
46,1,2968,HAS_LINK_TO
46,1,969,HAS_LINK_TO
46,1,1153,HAS_LINK_TO
46,1,248,HAS_LINK_TO
46,1,4121,HAS_LINK_TO
46,1,433,HAS_LINK_TO
46,1,57,HAS_LINK_TO
46,1,40,HAS_LINK_TO
46,1,63,HAS_LINK_TO
47,1,34,HAS_LINK_TO
47,1,18,HAS_LINK_TO
47,1,20,HAS_LINK_TO
47,1,24,HAS_LINK_TO
47,1,42,HAS_LINK_TO
47,1,29,HAS_LINK_TO
47,1,55,HAS_LINK_TO
47,1,4019,HAS_LINK_TO
47,1,53,HAS_LINK_TO
47,1,52,HAS_LINK_TO
47,1,8,HAS_LINK_TO
47,1,26,HAS_LINK_TO
47,1,61,HAS_LINK_TO
47,1,51,HAS_LINK_TO
47,1,21,HAS_LINK_TO
47,1,58,HAS_LINK_TO
47,1,19,HAS_LINK_TO
47,1,28,HAS_LINK_TO
47,1,3,HAS_LINK_TO
47,1,45,HAS_LINK_TO
47,1,13,HAS_LINK_TO
47,1,74,HAS_LINK_TO
47,1,39,HAS_LINK_TO
47,1,69,HAS_LINK_TO
47,1,64,HAS_LINK_TO
47,1,68,HAS_LINK_TO
47,1,46,HAS_LINK_TO
47,1,75,HAS_LINK_TO
47,1,73,HAS_LINK_TO
47,1,12,HAS_LINK_TO
47,1,77,HAS_LINK_TO
47,1,15,HAS_LINK_TO
47,1,14,HAS_LINK_TO
47,1,76,HAS_LINK_TO
47,1,54,HAS_LINK_TO
47,1,16,HAS_LINK_TO
47,1,72,HAS_LINK_TO
47,1,4375,HAS_LINK_TO
47,1,44,HAS_LINK_TO
47,1,5,HAS_LINK_TO
47,1,66,HAS_LINK_TO
47,1,79,HAS_LINK_TO
47,1,70,HAS_LINK_TO
47,1,22,HAS_LINK_TO
47,1,35,HAS_LINK_TO
47,1,62,HAS_LINK_TO
47,1,59,HAS_LINK_TO
47,1,38,HAS_LINK_TO
47,1,36,HAS_LINK_TO
47,1,71,HAS_LINK_TO
47,1,56,HAS_LINK_TO
47,1,9,HAS_LINK_TO
47,1,25,HAS_LINK_TO
47,1,33,HAS_LINK_TO
47,1,60,HAS_LINK_TO
47,1,23,HAS_LINK_TO
47,1,37,HAS_LINK_TO
47,1,2576,HAS_LINK_TO
47,1,78,HAS_LINK_TO
47,1,41,HAS_LINK_TO
47,1,4062,HAS_LINK_TO
47,1,32,HAS_LINK_TO
47,1,17,HAS_LINK_TO
47,1,43,HAS_LINK_TO
47,1,31,HAS_LINK_TO
47,1,49,HAS_LINK_TO
47,1,65,HAS_LINK_TO
47,1,4279,HAS_LINK_TO
47,1,67,HAS_LINK_TO
47,1,2,HAS_LINK_TO
47,1,6,HAS_LINK_TO
47,1,50,HAS_LINK_TO
47,1,48,HAS_LINK_TO
47,1,27,HAS_LINK_TO
47,1,10,HAS_LINK_TO
47,1,869,HAS_LINK_TO
47,1,871,HAS_LINK_TO
47,1,1,HAS_LINK_TO
47,1,30,HAS_LINK_TO
47,1,2575,HAS_LINK_TO
47,1,4,HAS_LINK_TO
47,1,11,HAS_LINK_TO
47,1,7,HAS_LINK_TO
47,1,57,HAS_LINK_TO
47,1,40,HAS_LINK_TO
47,1,63,HAS_LINK_TO
48,1,3555,HAS_LINK_TO
48,1,1162,HAS_LINK_TO
48,1,55,HAS_LINK_TO
48,1,1,HAS_LINK_TO
48,1,33,HAS_LINK_TO
48,1,28,HAS_LINK_TO
48,1,2940,HAS_LINK_TO
48,1,58,HAS_LINK_TO
48,1,77,HAS_LINK_TO
48,1,19,HAS_LINK_TO
48,1,4019,HAS_LINK_TO
48,1,65,HAS_LINK_TO
48,1,20,HAS_LINK_TO
48,1,59,HAS_LINK_TO
48,1,62,HAS_LINK_TO
48,1,13,HAS_LINK_TO
48,1,50,HAS_LINK_TO
48,1,51,HAS_LINK_TO
48,1,44,HAS_LINK_TO
48,1,70,HAS_LINK_TO
48,1,17,HAS_LINK_TO
48,1,27,HAS_LINK_TO
48,1,31,HAS_LINK_TO
48,1,67,HAS_LINK_TO
48,1,3625,HAS_LINK_TO
48,1,4375,HAS_LINK_TO
48,1,32,HAS_LINK_TO
48,1,36,HAS_LINK_TO
48,1,10,HAS_LINK_TO
48,1,61,HAS_LINK_TO
48,1,29,HAS_LINK_TO
48,1,74,HAS_LINK_TO
48,1,6,HAS_LINK_TO
48,1,1663,HAS_LINK_TO
48,1,71,HAS_LINK_TO
48,1,871,HAS_LINK_TO
48,1,49,HAS_LINK_TO
48,1,30,HAS_LINK_TO
48,1,40,HAS_LINK_TO
48,1,53,HAS_LINK_TO
48,1,78,HAS_LINK_TO
48,1,5,HAS_LINK_TO
48,1,76,HAS_LINK_TO
48,1,43,HAS_LINK_TO
48,1,79,HAS_LINK_TO
48,1,8,HAS_LINK_TO
48,1,4062,HAS_LINK_TO
48,1,26,HAS_LINK_TO
48,1,46,HAS_LINK_TO
48,1,63,HAS_LINK_TO
48,1,21,HAS_LINK_TO
48,1,41,HAS_LINK_TO
48,1,9,HAS_LINK_TO
48,1,38,HAS_LINK_TO
48,1,2575,HAS_LINK_TO
48,1,12,HAS_LINK_TO
48,1,4,HAS_LINK_TO
48,1,2576,HAS_LINK_TO
48,1,418,HAS_LINK_TO
48,1,60,HAS_LINK_TO
48,1,52,HAS_LINK_TO
48,1,18,HAS_LINK_TO
48,1,15,HAS_LINK_TO
48,1,69,HAS_LINK_TO
48,1,56,HAS_LINK_TO
48,1,24,HAS_LINK_TO
48,1,68,HAS_LINK_TO
48,1,54,HAS_LINK_TO
48,1,22,HAS_LINK_TO
48,1,73,HAS_LINK_TO
48,1,23,HAS_LINK_TO
48,1,14,HAS_LINK_TO
48,1,3,HAS_LINK_TO
48,1,39,HAS_LINK_TO
48,1,75,HAS_LINK_TO
48,1,45,HAS_LINK_TO
48,1,2,HAS_LINK_TO
48,1,25,HAS_LINK_TO
48,1,35,HAS_LINK_TO
48,1,16,HAS_LINK_TO
48,1,11,HAS_LINK_TO
48,1,869,HAS_LINK_TO
48,1,57,HAS_LINK_TO
48,1,7,HAS_LINK_TO
48,1,37,HAS_LINK_TO
48,1,589,HAS_LINK_TO
48,1,2722,HAS_LINK_TO
48,1,3739,HAS_LINK_TO
48,1,72,HAS_LINK_TO
48,1,34,HAS_LINK_TO
48,1,42,HAS_LINK_TO
48,1,64,HAS_LINK_TO
48,1,66,HAS_LINK_TO
48,1,47,HAS_LINK_TO
49,1,55,HAS_LINK_TO
49,1,1,HAS_LINK_TO
49,1,33,HAS_LINK_TO
49,1,28,HAS_LINK_TO
49,1,58,HAS_LINK_TO
49,1,77,HAS_LINK_TO
49,1,19,HAS_LINK_TO
49,1,4019,HAS_LINK_TO
49,1,65,HAS_LINK_TO
49,1,20,HAS_LINK_TO
49,1,59,HAS_LINK_TO
49,1,62,HAS_LINK_TO
49,1,13,HAS_LINK_TO
49,1,50,HAS_LINK_TO
49,1,51,HAS_LINK_TO
49,1,44,HAS_LINK_TO
49,1,70,HAS_LINK_TO
49,1,17,HAS_LINK_TO
49,1,27,HAS_LINK_TO
49,1,31,HAS_LINK_TO
49,1,67,HAS_LINK_TO
49,1,4375,HAS_LINK_TO
49,1,32,HAS_LINK_TO
49,1,36,HAS_LINK_TO
49,1,10,HAS_LINK_TO
49,1,61,HAS_LINK_TO
49,1,29,HAS_LINK_TO
49,1,74,HAS_LINK_TO
49,1,6,HAS_LINK_TO
49,1,71,HAS_LINK_TO
49,1,871,HAS_LINK_TO
49,1,30,HAS_LINK_TO
49,1,40,HAS_LINK_TO
49,1,53,HAS_LINK_TO
49,1,78,HAS_LINK_TO
49,1,5,HAS_LINK_TO
49,1,76,HAS_LINK_TO
49,1,43,HAS_LINK_TO
49,1,79,HAS_LINK_TO
49,1,8,HAS_LINK_TO
49,1,4062,HAS_LINK_TO
49,1,26,HAS_LINK_TO
49,1,46,HAS_LINK_TO
49,1,63,HAS_LINK_TO
49,1,21,HAS_LINK_TO
49,1,41,HAS_LINK_TO
49,1,9,HAS_LINK_TO
49,1,38,HAS_LINK_TO
49,1,2575,HAS_LINK_TO
49,1,12,HAS_LINK_TO
49,1,4,HAS_LINK_TO
49,1,2576,HAS_LINK_TO
49,1,60,HAS_LINK_TO
49,1,52,HAS_LINK_TO
49,1,18,HAS_LINK_TO
49,1,15,HAS_LINK_TO
49,1,2845,HAS_LINK_TO
49,1,69,HAS_LINK_TO
49,1,56,HAS_LINK_TO
49,1,24,HAS_LINK_TO
49,1,68,HAS_LINK_TO
49,1,48,HAS_LINK_TO
49,1,54,HAS_LINK_TO
49,1,22,HAS_LINK_TO
49,1,73,HAS_LINK_TO
49,1,23,HAS_LINK_TO
49,1,14,HAS_LINK_TO
49,1,3,HAS_LINK_TO
49,1,39,HAS_LINK_TO
49,1,75,HAS_LINK_TO
49,1,866,HAS_LINK_TO
49,1,45,HAS_LINK_TO
49,1,2,HAS_LINK_TO
49,1,25,HAS_LINK_TO
49,1,35,HAS_LINK_TO
49,1,16,HAS_LINK_TO
49,1,11,HAS_LINK_TO
49,1,869,HAS_LINK_TO
49,1,57,HAS_LINK_TO
49,1,7,HAS_LINK_TO
49,1,37,HAS_LINK_TO
49,1,1266,HAS_LINK_TO
49,1,2014,HAS_LINK_TO
49,1,1338,HAS_LINK_TO
49,1,72,HAS_LINK_TO
49,1,34,HAS_LINK_TO
49,1,42,HAS_LINK_TO
49,1,64,HAS_LINK_TO
49,1,66,HAS_LINK_TO
49,1,47,HAS_LINK_TO
50,1,594,HAS_LINK_TO
50,1,2124,HAS_LINK_TO
50,1,1677,HAS_LINK_TO
50,1,3100,HAS_LINK_TO
50,1,3070,HAS_LINK_TO
50,1,1550,HAS_LINK_TO
50,1,253,HAS_LINK_TO
50,1,55,HAS_LINK_TO
50,1,1770,HAS_LINK_TO
50,1,3476,HAS_LINK_TO
50,1,1,HAS_LINK_TO
50,1,1483,HAS_LINK_TO
50,1,1850,HAS_LINK_TO
50,1,2522,HAS_LINK_TO
50,1,1672,HAS_LINK_TO
50,1,3434,HAS_LINK_TO
50,1,388,HAS_LINK_TO
50,1,986,HAS_LINK_TO
50,1,4126,HAS_LINK_TO
50,1,1557,HAS_LINK_TO
50,1,4309,HAS_LINK_TO
50,1,846,HAS_LINK_TO
50,1,2304,HAS_LINK_TO
50,1,2640,HAS_LINK_TO
50,1,742,HAS_LINK_TO
50,1,3558,HAS_LINK_TO
50,1,350,HAS_LINK_TO
50,1,2624,HAS_LINK_TO
50,1,3508,HAS_LINK_TO
50,1,3635,HAS_LINK_TO
50,1,712,HAS_LINK_TO
50,1,17,HAS_LINK_TO
50,1,4437,HAS_LINK_TO
50,1,487,HAS_LINK_TO
50,1,67,HAS_LINK_TO
50,1,1147,HAS_LINK_TO
50,1,4473,HAS_LINK_TO
50,1,1158,HAS_LINK_TO
50,1,3799,HAS_LINK_TO
50,1,2211,HAS_LINK_TO
50,1,1366,HAS_LINK_TO
50,1,1081,HAS_LINK_TO
50,1,184,HAS_LINK_TO
50,1,3944,HAS_LINK_TO
50,1,2743,HAS_LINK_TO
50,1,3529,HAS_LINK_TO
50,1,4391,HAS_LINK_TO
50,1,1746,HAS_LINK_TO
50,1,3872,HAS_LINK_TO
50,1,1749,HAS_LINK_TO
50,1,2797,HAS_LINK_TO
50,1,4039,HAS_LINK_TO
50,1,2665,HAS_LINK_TO
50,1,1213,HAS_LINK_TO
50,1,1218,HAS_LINK_TO
50,1,2944,HAS_LINK_TO
50,1,2877,HAS_LINK_TO
50,1,509,HAS_LINK_TO
50,1,4141,HAS_LINK_TO
50,1,706,HAS_LINK_TO
50,1,2378,HAS_LINK_TO
50,1,1994,HAS_LINK_TO
50,1,41,HAS_LINK_TO
50,1,1706,HAS_LINK_TO
50,1,4226,HAS_LINK_TO
50,1,2910,HAS_LINK_TO
50,1,2576,HAS_LINK_TO
50,1,771,HAS_LINK_TO
50,1,1297,HAS_LINK_TO
50,1,4102,HAS_LINK_TO
50,1,2833,HAS_LINK_TO
50,1,4429,HAS_LINK_TO
50,1,861,HAS_LINK_TO
50,1,2760,HAS_LINK_TO
50,1,2103,HAS_LINK_TO
50,1,2898,HAS_LINK_TO
50,1,4525,HAS_LINK_TO
50,1,2631,HAS_LINK_TO
50,1,501,HAS_LINK_TO
50,1,1445,HAS_LINK_TO
50,1,512,HAS_LINK_TO
50,1,815,HAS_LINK_TO
50,1,3855,HAS_LINK_TO
50,1,69,HAS_LINK_TO
50,1,3229,HAS_LINK_TO
50,1,4056,HAS_LINK_TO
50,1,546,HAS_LINK_TO
50,1,1548,HAS_LINK_TO
50,1,208,HAS_LINK_TO
50,1,2528,HAS_LINK_TO
50,1,1838,HAS_LINK_TO
50,1,2106,HAS_LINK_TO
50,1,1198,HAS_LINK_TO
50,1,4579,HAS_LINK_TO
50,1,3965,HAS_LINK_TO
50,1,1792,HAS_LINK_TO
50,1,1465,HAS_LINK_TO
50,1,1687,HAS_LINK_TO
50,1,4027,HAS_LINK_TO
50,1,612,HAS_LINK_TO
50,1,2754,HAS_LINK_TO
50,1,1047,HAS_LINK_TO
50,1,456,HAS_LINK_TO
50,1,4536,HAS_LINK_TO
50,1,1853,HAS_LINK_TO
50,1,719,HAS_LINK_TO
50,1,2,HAS_LINK_TO
50,1,4108,HAS_LINK_TO
50,1,621,HAS_LINK_TO
50,1,3113,HAS_LINK_TO
50,1,1252,HAS_LINK_TO
50,1,436,HAS_LINK_TO
50,1,3154,HAS_LINK_TO
50,1,1398,HAS_LINK_TO
50,1,3004,HAS_LINK_TO
50,1,975,HAS_LINK_TO
50,1,2465,HAS_LINK_TO
50,1,3079,HAS_LINK_TO
50,1,934,HAS_LINK_TO
50,1,4342,HAS_LINK_TO
50,1,2153,HAS_LINK_TO
50,1,87,HAS_LINK_TO
50,1,3165,HAS_LINK_TO
50,1,2551,HAS_LINK_TO
50,1,1747,HAS_LINK_TO
50,1,1015,HAS_LINK_TO
50,1,3594,HAS_LINK_TO
50,1,2686,HAS_LINK_TO
50,1,1596,HAS_LINK_TO
50,1,3444,HAS_LINK_TO
50,1,480,HAS_LINK_TO
50,1,2875,HAS_LINK_TO
50,1,3150,HAS_LINK_TO
50,1,1836,HAS_LINK_TO
50,1,1397,HAS_LINK_TO
50,1,1507,HAS_LINK_TO
50,1,2726,HAS_LINK_TO
50,1,3652,HAS_LINK_TO
50,1,2634,HAS_LINK_TO
50,1,3087,HAS_LINK_TO
50,1,3853,HAS_LINK_TO
50,1,1025,HAS_LINK_TO
50,1,1245,HAS_LINK_TO
50,1,4307,HAS_LINK_TO
50,1,498,HAS_LINK_TO
50,1,3103,HAS_LINK_TO
50,1,4448,HAS_LINK_TO
50,1,642,HAS_LINK_TO
50,1,1472,HAS_LINK_TO
50,1,3201,HAS_LINK_TO
50,1,245,HAS_LINK_TO
50,1,4019,HAS_LINK_TO
50,1,2045,HAS_LINK_TO
50,1,3841,HAS_LINK_TO
50,1,1253,HAS_LINK_TO
50,1,3957,HAS_LINK_TO
50,1,2878,HAS_LINK_TO
50,1,4260,HAS_LINK_TO
50,1,3115,HAS_LINK_TO
50,1,687,HAS_LINK_TO
50,1,1271,HAS_LINK_TO
50,1,3674,HAS_LINK_TO
50,1,2121,HAS_LINK_TO
50,1,2596,HAS_LINK_TO
50,1,574,HAS_LINK_TO
50,1,3141,HAS_LINK_TO
50,1,492,HAS_LINK_TO
50,1,1886,HAS_LINK_TO
50,1,1554,HAS_LINK_TO
50,1,4405,HAS_LINK_TO
50,1,2923,HAS_LINK_TO
50,1,2208,HAS_LINK_TO
50,1,1940,HAS_LINK_TO
50,1,2022,HAS_LINK_TO
50,1,4302,HAS_LINK_TO
50,1,337,HAS_LINK_TO
50,1,3499,HAS_LINK_TO
50,1,1444,HAS_LINK_TO
50,1,1682,HAS_LINK_TO
50,1,2909,HAS_LINK_TO
50,1,2394,HAS_LINK_TO
50,1,3029,HAS_LINK_TO
50,1,2151,HAS_LINK_TO
50,1,63,HAS_LINK_TO
50,1,3501,HAS_LINK_TO
50,1,2643,HAS_LINK_TO
50,1,2178,HAS_LINK_TO
50,1,941,HAS_LINK_TO
50,1,239,HAS_LINK_TO
50,1,3542,HAS_LINK_TO
50,1,4,HAS_LINK_TO
50,1,2426,HAS_LINK_TO
50,1,1525,HAS_LINK_TO
50,1,2509,HAS_LINK_TO
50,1,530,HAS_LINK_TO
50,1,1885,HAS_LINK_TO
50,1,1888,HAS_LINK_TO
50,1,2448,HAS_LINK_TO
50,1,3226,HAS_LINK_TO
50,1,578,HAS_LINK_TO
50,1,636,HAS_LINK_TO
50,1,1683,HAS_LINK_TO
50,1,1783,HAS_LINK_TO
50,1,275,HAS_LINK_TO
50,1,24,HAS_LINK_TO
50,1,2053,HAS_LINK_TO
50,1,2000,HAS_LINK_TO
50,1,1824,HAS_LINK_TO
50,1,439,HAS_LINK_TO
50,1,644,HAS_LINK_TO
50,1,1560,HAS_LINK_TO
50,1,2444,HAS_LINK_TO
50,1,447,HAS_LINK_TO
50,1,4050,HAS_LINK_TO
50,1,1007,HAS_LINK_TO
50,1,960,HAS_LINK_TO
50,1,4646,HAS_LINK_TO
50,1,1187,HAS_LINK_TO
50,1,3624,HAS_LINK_TO
50,1,1720,HAS_LINK_TO
50,1,4048,HAS_LINK_TO
50,1,1034,HAS_LINK_TO
50,1,2543,HAS_LINK_TO
50,1,1448,HAS_LINK_TO
50,1,1777,HAS_LINK_TO
50,1,1261,HAS_LINK_TO
50,1,2694,HAS_LINK_TO
50,1,1040,HAS_LINK_TO
50,1,962,HAS_LINK_TO
50,1,2820,HAS_LINK_TO
50,1,3628,HAS_LINK_TO
50,1,1318,HAS_LINK_TO
50,1,1239,HAS_LINK_TO
50,1,348,HAS_LINK_TO
50,1,715,HAS_LINK_TO
50,1,4026,HAS_LINK_TO
50,1,842,HAS_LINK_TO
50,1,3480,HAS_LINK_TO
50,1,34,HAS_LINK_TO
50,1,3686,HAS_LINK_TO
50,1,3834,HAS_LINK_TO
50,1,64,HAS_LINK_TO
50,1,1654,HAS_LINK_TO
50,1,3866,HAS_LINK_TO
50,1,1042,HAS_LINK_TO
50,1,1041,HAS_LINK_TO
50,1,260,HAS_LINK_TO
50,1,1684,HAS_LINK_TO
50,1,3878,HAS_LINK_TO
50,1,1571,HAS_LINK_TO
50,1,1414,HAS_LINK_TO
50,1,520,HAS_LINK_TO
50,1,2765,HAS_LINK_TO
50,1,3662,HAS_LINK_TO
50,1,2622,HAS_LINK_TO
50,1,3092,HAS_LINK_TO
50,1,3732,HAS_LINK_TO
50,1,2005,HAS_LINK_TO
50,1,2688,HAS_LINK_TO
50,1,2959,HAS_LINK_TO
50,1,51,HAS_LINK_TO
50,1,1031,HAS_LINK_TO
50,1,3393,HAS_LINK_TO
50,1,2159,HAS_LINK_TO
50,1,3431,HAS_LINK_TO
50,1,1272,HAS_LINK_TO
50,1,684,HAS_LINK_TO
50,1,2453,HAS_LINK_TO
50,1,4229,HAS_LINK_TO
50,1,1030,HAS_LINK_TO
50,1,4643,HAS_LINK_TO
50,1,930,HAS_LINK_TO
50,1,1549,HAS_LINK_TO
50,1,1422,HAS_LINK_TO
50,1,402,HAS_LINK_TO
50,1,2268,HAS_LINK_TO
50,1,2594,HAS_LINK_TO
50,1,1293,HAS_LINK_TO
50,1,3997,HAS_LINK_TO
50,1,4228,HAS_LINK_TO
50,1,1753,HAS_LINK_TO
50,1,590,HAS_LINK_TO
50,1,1881,HAS_LINK_TO
50,1,956,HAS_LINK_TO
50,1,3890,HAS_LINK_TO
50,1,1085,HAS_LINK_TO
50,1,3521,HAS_LINK_TO
50,1,2672,HAS_LINK_TO
50,1,3135,HAS_LINK_TO
50,1,582,HAS_LINK_TO
50,1,1143,HAS_LINK_TO
50,1,689,HAS_LINK_TO
50,1,1093,HAS_LINK_TO
50,1,2395,HAS_LINK_TO
50,1,1062,HAS_LINK_TO
50,1,79,HAS_LINK_TO
50,1,4263,HAS_LINK_TO
50,1,1276,HAS_LINK_TO
50,1,1553,HAS_LINK_TO
50,1,670,HAS_LINK_TO
50,1,4137,HAS_LINK_TO
50,1,3812,HAS_LINK_TO
50,1,1170,HAS_LINK_TO
50,1,2702,HAS_LINK_TO
50,1,2689,HAS_LINK_TO
50,1,1586,HAS_LINK_TO
50,1,3469,HAS_LINK_TO
50,1,2221,HAS_LINK_TO
50,1,3831,HAS_LINK_TO
50,1,2086,HAS_LINK_TO
50,1,1681,HAS_LINK_TO
50,1,2144,HAS_LINK_TO
50,1,132,HAS_LINK_TO
50,1,2139,HAS_LINK_TO
50,1,1798,HAS_LINK_TO
50,1,1564,HAS_LINK_TO
50,1,1718,HAS_LINK_TO
50,1,4196,HAS_LINK_TO
50,1,515,HAS_LINK_TO
50,1,4368,HAS_LINK_TO
50,1,346,HAS_LINK_TO
50,1,4430,HAS_LINK_TO
50,1,759,HAS_LINK_TO
50,1,73,HAS_LINK_TO
50,1,2261,HAS_LINK_TO
50,1,3490,HAS_LINK_TO
50,1,1299,HAS_LINK_TO
50,1,866,HAS_LINK_TO
50,1,2170,HAS_LINK_TO
50,1,785,HAS_LINK_TO
50,1,2994,HAS_LINK_TO
50,1,3530,HAS_LINK_TO
50,1,1449,HAS_LINK_TO
50,1,2952,HAS_LINK_TO
50,1,1936,HAS_LINK_TO
50,1,2240,HAS_LINK_TO
50,1,1902,HAS_LINK_TO
50,1,878,HAS_LINK_TO
50,1,2267,HAS_LINK_TO
50,1,4336,HAS_LINK_TO
50,1,2934,HAS_LINK_TO
50,1,2981,HAS_LINK_TO
