3001,Picksaw,https://terraria.fandom.com/wiki/Picksaw,terraria.fandom.com
3002,Piece of Moon Squid,https://terraria.fandom.com/wiki/Piece_of_Moon_Squid,terraria.fandom.com
3003,Piggy Bank,https://terraria.fandom.com/wiki/Piggy_Bank,terraria.fandom.com
3004,Pigron,https://terraria.fandom.com/wiki/Pigron,terraria.fandom.com
3005,Pigronata,https://terraria.fandom.com/wiki/Pigronata,terraria.fandom.com
3006,Pin Flags,https://terraria.fandom.com/wiki/Pin_Flags,terraria.fandom.com
3007,Pin Wheel,https://terraria.fandom.com/wiki/Pin_Wheel,terraria.fandom.com
3008,Pine Tree Block,https://terraria.fandom.com/wiki/Pine_Tree_Block,terraria.fandom.com
3009,Pineapple,https://terraria.fandom.com/wiki/Pineapple,terraria.fandom.com
3010,Pink,https://terraria.fandom.com/wiki/Pink,terraria.fandom.com
3011,Pink Gel,https://terraria.fandom.com/wiki/Pink_Gel,terraria.fandom.com
3012,Pink Gel Dye,https://terraria.fandom.com/wiki/Pink_Gel_Dye,terraria.fandom.com
3013,Pink Horseshoe Balloon,https://terraria.fandom.com/wiki/Pink_Horseshoe_Balloon,terraria.fandom.com
3014,Pink Horseshoe Balloon/Crafting tree,https://terraria.fandom.com/wiki/Pink_Horseshoe_Balloon/Crafting_tree,terraria.fandom.com
3015,Pink Maid set,https://terraria.fandom.com/wiki/Pink_Maid_set,terraria.fandom.com
3016,Pink Prickly Pear,https://terraria.fandom.com/wiki/Pink_Prickly_Pear,terraria.fandom.com
3017,Pink Slime Block,https://terraria.fandom.com/wiki/Pink_Slime_Block,terraria.fandom.com
3018,Pink Snow armor,https://terraria.fandom.com/wiki/Pink_Snow_armor,terraria.fandom.com
3019,Pink Vase,https://terraria.fandom.com/wiki/Pink_Vase,terraria.fandom.com
3020,Pinky,https://terraria.fandom.com/wiki/Pinky,terraria.fandom.com
3021,Pinky/cs,https://terraria.fandom.com/wiki/Pinky/cs,terraria.fandom.com
3022,Pinky/tr,https://terraria.fandom.com/wiki/Pinky/tr,terraria.fandom.com
3023,Piranha,https://terraria.fandom.com/wiki/Piranha,terraria.fandom.com
3024,Piranha/cs,https://terraria.fandom.com/wiki/Piranha/cs,terraria.fandom.com
3025,Piranha Gun,https://terraria.fandom.com/wiki/Piranha_Gun,terraria.fandom.com
3026,Pirate,https://terraria.fandom.com/wiki/Pirate,terraria.fandom.com
3027,Pirate's Curse,https://terraria.fandom.com/wiki/Pirate%27s_Curse,terraria.fandom.com
3028,Pirate (disambiguation),https://terraria.fandom.com/wiki/Pirate_(disambiguation),terraria.fandom.com
3029,Pirate Captain,https://terraria.fandom.com/wiki/Pirate_Captain,terraria.fandom.com
3030,Pirate Corsair,https://terraria.fandom.com/wiki/Pirate_Corsair,terraria.fandom.com
3031,Pirate Crossbower,https://terraria.fandom.com/wiki/Pirate_Crossbower,terraria.fandom.com
3032,Pirate Deadeye,https://terraria.fandom.com/wiki/Pirate_Deadeye,terraria.fandom.com
3033,Pirate Deckhand,https://terraria.fandom.com/wiki/Pirate_Deckhand,terraria.fandom.com
3034,Pirate Invasion,https://terraria.fandom.com/wiki/Pirate_Invasion,terraria.fandom.com
3035,Pirate Map,https://terraria.fandom.com/wiki/Pirate_Map,terraria.fandom.com
3036,Pirate Staff,https://terraria.fandom.com/wiki/Pirate_Staff,terraria.fandom.com
3037,Pirate set,https://terraria.fandom.com/wiki/Pirate_set,terraria.fandom.com
3038,Pixel Box,https://terraria.fandom.com/wiki/Pixel_Box,terraria.fandom.com
3039,Pixie,https://terraria.fandom.com/wiki/Pixie,terraria.fandom.com
3040,Pixie Dust,https://terraria.fandom.com/wiki/Pixie_Dust,terraria.fandom.com
3041,Pixie Dye,https://terraria.fandom.com/wiki/Pixie_Dye,terraria.fandom.com
3042,Pixie set,https://terraria.fandom.com/wiki/Pixie_set,terraria.fandom.com
3043,Pizza,https://terraria.fandom.com/wiki/Pizza,terraria.fandom.com
3044,Piña Colada,https://terraria.fandom.com/wiki/Pi%C3%B1a_Colada,terraria.fandom.com
3045,Placement,https://terraria.fandom.com/wiki/Placement,terraria.fandom.com
3046,Plaguebringer's set,https://terraria.fandom.com/wiki/Plaguebringer%27s_set,terraria.fandom.com
3047,Planked Wall,https://terraria.fandom.com/wiki/Planked_Wall,terraria.fandom.com
3048,Planter Boxes,https://terraria.fandom.com/wiki/Planter_Boxes,terraria.fandom.com
3049,Plantera,https://terraria.fandom.com/wiki/Plantera,terraria.fandom.com
3050,Plantera's Bulb,https://terraria.fandom.com/wiki/Plantera%27s_Bulb,terraria.fandom.com
3051,Plantera Seedling,https://terraria.fandom.com/wiki/Plantera_Seedling,terraria.fandom.com
3052,Plants,https://terraria.fandom.com/wiki/Plants,terraria.fandom.com
3053,Plants/cs,https://terraria.fandom.com/wiki/Plants/cs,terraria.fandom.com
3054,Plants/tr,https://terraria.fandom.com/wiki/Plants/tr,terraria.fandom.com
3055,Plasma Lamp,https://terraria.fandom.com/wiki/Plasma_Lamp,terraria.fandom.com
3056,Plate,https://terraria.fandom.com/wiki/Plate,terraria.fandom.com
3057,Platforms,https://terraria.fandom.com/wiki/Platforms,terraria.fandom.com
3058,Platforms/resultcell,https://terraria.fandom.com/wiki/Platforms/resultcell,terraria.fandom.com
3059,Plating,https://terraria.fandom.com/wiki/Plating,terraria.fandom.com
3060,Platinum,https://terraria.fandom.com/wiki/Platinum,terraria.fandom.com
3061,Platinum Axe,https://terraria.fandom.com/wiki/Platinum_Axe,terraria.fandom.com
3062,Platinum Bar,https://terraria.fandom.com/wiki/Platinum_Bar,terraria.fandom.com
3063,Platinum Bar/vi,https://terraria.fandom.com/wiki/Platinum_Bar/vi,terraria.fandom.com
3064,Platinum Bow,https://terraria.fandom.com/wiki/Platinum_Bow,terraria.fandom.com
3065,Platinum Brick,https://terraria.fandom.com/wiki/Platinum_Brick,terraria.fandom.com
3066,Platinum Brick Wall,https://terraria.fandom.com/wiki/Platinum_Brick_Wall,terraria.fandom.com
3067,Platinum Broadsword,https://terraria.fandom.com/wiki/Platinum_Broadsword,terraria.fandom.com
3068,Platinum Crown,https://terraria.fandom.com/wiki/Platinum_Crown,terraria.fandom.com
3069,Platinum Hammer,https://terraria.fandom.com/wiki/Platinum_Hammer,terraria.fandom.com
3070,Platinum Ore,https://terraria.fandom.com/wiki/Platinum_Ore,terraria.fandom.com
3071,Platinum Ore/vi,https://terraria.fandom.com/wiki/Platinum_Ore/vi,terraria.fandom.com
3072,Platinum Pickaxe,https://terraria.fandom.com/wiki/Platinum_Pickaxe,terraria.fandom.com
3073,Platinum Shortsword,https://terraria.fandom.com/wiki/Platinum_Shortsword,terraria.fandom.com
3074,Platinum Watch,https://terraria.fandom.com/wiki/Platinum_Watch,terraria.fandom.com
3075,Platinum armor,https://terraria.fandom.com/wiki/Platinum_armor,terraria.fandom.com
3076,Player stats,https://terraria.fandom.com/wiki/Player_stats,terraria.fandom.com
3077,Player stats/cs,https://terraria.fandom.com/wiki/Player_stats/cs,terraria.fandom.com
3078,Player stats/it,https://terraria.fandom.com/wiki/Player_stats/it,terraria.fandom.com
3079,Plum,https://terraria.fandom.com/wiki/Plum,terraria.fandom.com
3080,Plumber's set,https://terraria.fandom.com/wiki/Plumber%27s_set,terraria.fandom.com
3081,Pocket Mirror,https://terraria.fandom.com/wiki/Pocket_Mirror,terraria.fandom.com
3082,Pogo Stick,https://terraria.fandom.com/wiki/Pogo_Stick,terraria.fandom.com
3083,Poison Dart,https://terraria.fandom.com/wiki/Poison_Dart,terraria.fandom.com
3084,Poison Staff,https://terraria.fandom.com/wiki/Poison_Staff,terraria.fandom.com
3085,Poisoned,https://terraria.fandom.com/wiki/Poisoned,terraria.fandom.com
3086,Poisoned/vi,https://terraria.fandom.com/wiki/Poisoned/vi,terraria.fandom.com
3087,Poisoned Knife,https://terraria.fandom.com/wiki/Poisoned_Knife,terraria.fandom.com
3088,Poltergeist,https://terraria.fandom.com/wiki/Poltergeist,terraria.fandom.com
3089,Pomegranate,https://terraria.fandom.com/wiki/Pomegranate,terraria.fandom.com
3090,Poo,https://terraria.fandom.com/wiki/Poo,terraria.fandom.com
3091,Poo Wall,https://terraria.fandom.com/wiki/Poo_Wall,terraria.fandom.com
3092,Pork of the Sea,https://terraria.fandom.com/wiki/Pork_of_the_Sea,terraria.fandom.com
3093,Portable Cement Mixer,https://terraria.fandom.com/wiki/Portable_Cement_Mixer,terraria.fandom.com
3094,Portal Gun,https://terraria.fandom.com/wiki/Portal_Gun,terraria.fandom.com
3095,Portal Gun Station,https://terraria.fandom.com/wiki/Portal_Gun_Station,terraria.fandom.com
3096,Possessed,https://terraria.fandom.com/wiki/Possessed,terraria.fandom.com
3097,Possessed Armor,https://terraria.fandom.com/wiki/Possessed_Armor,terraria.fandom.com
3098,Possessed Armor/cs,https://terraria.fandom.com/wiki/Possessed_Armor/cs,terraria.fandom.com
3099,Possessed Hatchet,https://terraria.fandom.com/wiki/Possessed_Hatchet,terraria.fandom.com
3100,Possessed Skull,https://terraria.fandom.com/wiki/Possessed_Skull,terraria.fandom.com
3101,Pot,https://terraria.fandom.com/wiki/Pot,terraria.fandom.com
3102,Pot o' Gold,https://terraria.fandom.com/wiki/Pot_o%27_Gold,terraria.fandom.com
3103,Potato Chips,https://terraria.fandom.com/wiki/Potato_Chips,terraria.fandom.com
3104,Potion Sickness,https://terraria.fandom.com/wiki/Potion_Sickness,terraria.fandom.com
3105,Potion Sickness/ja,https://terraria.fandom.com/wiki/Potion_Sickness/ja,terraria.fandom.com
3106,Potion of Return,https://terraria.fandom.com/wiki/Potion_of_Return,terraria.fandom.com
3107,Potions,https://terraria.fandom.com/wiki/Potions,terraria.fandom.com
3108,Potions/cs,https://terraria.fandom.com/wiki/Potions/cs,terraria.fandom.com
3109,Potions/th,https://terraria.fandom.com/wiki/Potions/th,terraria.fandom.com
3110,Potions/vi,https://terraria.fandom.com/wiki/Potions/vi,terraria.fandom.com
3111,Potted Crystal Plants,https://terraria.fandom.com/wiki/Potted_Crystal_Plants,terraria.fandom.com
3112,Potted Lava Plants,https://terraria.fandom.com/wiki/Potted_Lava_Plants,terraria.fandom.com
3113,Potted Trees,https://terraria.fandom.com/wiki/Potted_Trees,terraria.fandom.com
3114,Powder,https://terraria.fandom.com/wiki/Powder,terraria.fandom.com
3115,Power Glove,https://terraria.fandom.com/wiki/Power_Glove,terraria.fandom.com
3116,Pre-Hardmode,https://terraria.fandom.com/wiki/Pre-Hardmode,terraria.fandom.com
3117,Pre-Hardmode Anvils,https://terraria.fandom.com/wiki/Pre-Hardmode_Anvils,terraria.fandom.com
3118,Pre-Hardmode Anvils/nl,https://terraria.fandom.com/wiki/Pre-Hardmode_Anvils/nl,terraria.fandom.com
3119,Pre-Hardmode items,https://terraria.fandom.com/wiki/Pre-Hardmode_items,terraria.fandom.com
3120,Predictor,https://terraria.fandom.com/wiki/Predictor,terraria.fandom.com
3121,Prefix IDs,https://terraria.fandom.com/wiki/Prefix_IDs,terraria.fandom.com
3122,Prefix IDs/ja,https://terraria.fandom.com/wiki/Prefix_IDs/ja,terraria.fandom.com
3123,Present (furniture),https://terraria.fandom.com/wiki/Present_(furniture),terraria.fandom.com
3124,Present Mimic,https://terraria.fandom.com/wiki/Present_Mimic,terraria.fandom.com
3125,Presents,https://terraria.fandom.com/wiki/Presents,terraria.fandom.com
3126,Presents/ar,https://terraria.fandom.com/wiki/Presents/ar,terraria.fandom.com
3127,Presserator,https://terraria.fandom.com/wiki/Presserator,terraria.fandom.com
3128,Pressure Plate Track,https://terraria.fandom.com/wiki/Pressure_Plate_Track,terraria.fandom.com
3129,Pressure Plates,https://terraria.fandom.com/wiki/Pressure_Plates,terraria.fandom.com
3130,Pretty Pink set,https://terraria.fandom.com/wiki/Pretty_Pink_set,terraria.fandom.com
3131,Prince set,https://terraria.fandom.com/wiki/Prince_set,terraria.fandom.com
3132,Princess,https://terraria.fandom.com/wiki/Princess,terraria.fandom.com
3133,Princess (disambiguation),https://terraria.fandom.com/wiki/Princess_(disambiguation),terraria.fandom.com
3134,Princess Fish,https://terraria.fandom.com/wiki/Princess_Fish,terraria.fandom.com
3135,Princess set,https://terraria.fandom.com/wiki/Princess_set,terraria.fandom.com
3136,Princess set (Clothier),https://terraria.fandom.com/wiki/Princess_set_(Clothier),terraria.fandom.com
3137,Prismatic Dye,https://terraria.fandom.com/wiki/Prismatic_Dye,terraria.fandom.com
3138,Prismatic Lacewing,https://terraria.fandom.com/wiki/Prismatic_Lacewing,terraria.fandom.com
3139,Prismatic Lacewing/ja,https://terraria.fandom.com/wiki/Prismatic_Lacewing/ja,terraria.fandom.com
3140,Prismatic Lacewing Jar,https://terraria.fandom.com/wiki/Prismatic_Lacewing_Jar,terraria.fandom.com
3141,Prismatic Punch,https://terraria.fandom.com/wiki/Prismatic_Punch,terraria.fandom.com
3142,Prismite,https://terraria.fandom.com/wiki/Prismite,terraria.fandom.com
3143,Probe,https://terraria.fandom.com/wiki/Probe,terraria.fandom.com
3144,Projectile IDs,https://terraria.fandom.com/wiki/Projectile_IDs,terraria.fandom.com
3145,Projectile IDs/row,https://terraria.fandom.com/wiki/Projectile_IDs/row,terraria.fandom.com
3146,Projectile melee weapons,https://terraria.fandom.com/wiki/Projectile_melee_weapons,terraria.fandom.com
3147,Projectile melee weapons/row,https://terraria.fandom.com/wiki/Projectile_melee_weapons/row,terraria.fandom.com
3148,Proximity Mine Launcher,https://terraria.fandom.com/wiki/Proximity_Mine_Launcher,terraria.fandom.com
3149,Psycho,https://terraria.fandom.com/wiki/Psycho,terraria.fandom.com
3150,Psycho Knife,https://terraria.fandom.com/wiki/Psycho_Knife,terraria.fandom.com
3151,Pulse Bow,https://terraria.fandom.com/wiki/Pulse_Bow,terraria.fandom.com
3152,Pululu Frisbee,https://terraria.fandom.com/wiki/Pululu_Frisbee,terraria.fandom.com
3153,Pumpkin,https://terraria.fandom.com/wiki/Pumpkin,terraria.fandom.com
3154,Pumpkin Moon,https://terraria.fandom.com/wiki/Pumpkin_Moon,terraria.fandom.com
3155,Pumpkin Moon Medallion,https://terraria.fandom.com/wiki/Pumpkin_Moon_Medallion,terraria.fandom.com
3156,Pumpkin Pie,https://terraria.fandom.com/wiki/Pumpkin_Pie,terraria.fandom.com
3157,Pumpkin Scented Candle,https://terraria.fandom.com/wiki/Pumpkin_Scented_Candle,terraria.fandom.com
3158,Pumpkin Seed,https://terraria.fandom.com/wiki/Pumpkin_Seed,terraria.fandom.com
3159,Pumpkin Wall,https://terraria.fandom.com/wiki/Pumpkin_Wall,terraria.fandom.com
3160,Pumpkin armor,https://terraria.fandom.com/wiki/Pumpkin_armor,terraria.fandom.com
3161,Pumpkin furniture,https://terraria.fandom.com/wiki/Pumpkin_furniture,terraria.fandom.com
3162,Pumpkin set,https://terraria.fandom.com/wiki/Pumpkin_set,terraria.fandom.com
3163,Pumpking,https://terraria.fandom.com/wiki/Pumpking,terraria.fandom.com
3164,Pumps,https://terraria.fandom.com/wiki/Pumps,terraria.fandom.com
3165,Pupfish,https://terraria.fandom.com/wiki/Pupfish,terraria.fandom.com
3166,Purchased Blocks,https://terraria.fandom.com/wiki/Purchased_Blocks,terraria.fandom.com
3167,Purchased walls,https://terraria.fandom.com/wiki/Purchased_walls,terraria.fandom.com
3168,Purchased walls/row,https://terraria.fandom.com/wiki/Purchased_walls/row,terraria.fandom.com
3169,Purchased walls/vi,https://terraria.fandom.com/wiki/Purchased_walls/vi,terraria.fandom.com
3170,Purchased walls/vi/row,https://terraria.fandom.com/wiki/Purchased_walls/vi/row,terraria.fandom.com
3171,Purple,https://terraria.fandom.com/wiki/Purple,terraria.fandom.com
3172,Purple Clubberfish,https://terraria.fandom.com/wiki/Purple_Clubberfish,terraria.fandom.com
3173,Purple Mucus,https://terraria.fandom.com/wiki/Purple_Mucus,terraria.fandom.com
3174,Purple Ooze Dye,https://terraria.fandom.com/wiki/Purple_Ooze_Dye,terraria.fandom.com
3175,Purple Slime,https://terraria.fandom.com/wiki/Purple_Slime,terraria.fandom.com
3176,Putrid Scent,https://terraria.fandom.com/wiki/Putrid_Scent,terraria.fandom.com
3177,Pwnhammer,https://terraria.fandom.com/wiki/Pwnhammer,terraria.fandom.com
3178,Pwnhammer/it,https://terraria.fandom.com/wiki/Pwnhammer/it,terraria.fandom.com
3179,Pygmy Necklace,https://terraria.fandom.com/wiki/Pygmy_Necklace,terraria.fandom.com
3180,Pygmy Staff,https://terraria.fandom.com/wiki/Pygmy_Staff,terraria.fandom.com
3181,Pylons,https://terraria.fandom.com/wiki/Pylons,terraria.fandom.com
3182,Pylons/Map icon,https://terraria.fandom.com/wiki/Pylons/Map_icon,terraria.fandom.com
3183,Pylons/ja,https://terraria.fandom.com/wiki/Pylons/ja,terraria.fandom.com
3184,Pyramid,https://terraria.fandom.com/wiki/Pyramid,terraria.fandom.com
3185,Quad-Barrel Shotgun,https://terraria.fandom.com/wiki/Quad-Barrel_Shotgun,terraria.fandom.com
3186,Queen,https://terraria.fandom.com/wiki/Queen,terraria.fandom.com
3187,Queen Bee,https://terraria.fandom.com/wiki/Queen_Bee,terraria.fandom.com
3188,Queen Bee/vi,https://terraria.fandom.com/wiki/Queen_Bee/vi,terraria.fandom.com
3189,Queen Slime,https://terraria.fandom.com/wiki/Queen_Slime,terraria.fandom.com
3190,Queen Slime/ja,https://terraria.fandom.com/wiki/Queen_Slime/ja,terraria.fandom.com
3191,Queen Spider Staff,https://terraria.fandom.com/wiki/Queen_Spider_Staff,terraria.fandom.com
3192,Quiver,https://terraria.fandom.com/wiki/Quiver,terraria.fandom.com
3193,R.E.K. 3000,https://terraria.fandom.com/wiki/R.E.K._3000,terraria.fandom.com
3194,Rabbit Perch,https://terraria.fandom.com/wiki/Rabbit_Perch,terraria.fandom.com
3195,Racks,https://terraria.fandom.com/wiki/Racks,terraria.fandom.com
3196,Racks/resultcell,https://terraria.fandom.com/wiki/Racks/resultcell,terraria.fandom.com
3197,Radar,https://terraria.fandom.com/wiki/Radar,terraria.fandom.com
3198,Radio Thing,https://terraria.fandom.com/wiki/Radio_Thing,terraria.fandom.com
3199,Rage Potion,https://terraria.fandom.com/wiki/Rage_Potion,terraria.fandom.com
3200,Ragged Caster,https://terraria.fandom.com/wiki/Ragged_Caster,terraria.fandom.com
3201,Rain,https://terraria.fandom.com/wiki/Rain,terraria.fandom.com
3202,Rain Cloud,https://terraria.fandom.com/wiki/Rain_Cloud,terraria.fandom.com
3203,Rain Song,https://terraria.fandom.com/wiki/Rain_Song,terraria.fandom.com
3204,Rain armor,https://terraria.fandom.com/wiki/Rain_armor,terraria.fandom.com
3205,Rainbow,https://terraria.fandom.com/wiki/Rainbow,terraria.fandom.com
3206,Rainbow Brick,https://terraria.fandom.com/wiki/Rainbow_Brick,terraria.fandom.com
3207,Rainbow Brick Wall,https://terraria.fandom.com/wiki/Rainbow_Brick_Wall,terraria.fandom.com
3208,Rainbow Crystal Staff,https://terraria.fandom.com/wiki/Rainbow_Crystal_Staff,terraria.fandom.com
3209,Rainbow Cursor,https://terraria.fandom.com/wiki/Rainbow_Cursor,terraria.fandom.com
3210,Rainbow Gun,https://terraria.fandom.com/wiki/Rainbow_Gun,terraria.fandom.com
3211,Rainbow Piece,https://terraria.fandom.com/wiki/Rainbow_Piece,terraria.fandom.com
3212,Rainbow Rod,https://terraria.fandom.com/wiki/Rainbow_Rod,terraria.fandom.com
3213,Rainbow Slime,https://terraria.fandom.com/wiki/Rainbow_Slime,terraria.fandom.com
3214,Raincoat Zombie,https://terraria.fandom.com/wiki/Raincoat_Zombie,terraria.fandom.com
3215,Rally,https://terraria.fandom.com/wiki/Rally,terraria.fandom.com
3216,Rambutan,https://terraria.fandom.com/wiki/Rambutan,terraria.fandom.com
3217,Ranged weapons,https://terraria.fandom.com/wiki/Ranged_weapons,terraria.fandom.com
3218,Ranged weapons/armorRow,https://terraria.fandom.com/wiki/Ranged_weapons/armorRow,terraria.fandom.com
3219,Ranged weapons/recipe,https://terraria.fandom.com/wiki/Ranged_weapons/recipe,terraria.fandom.com
3220,Ranged weapons/yue,https://terraria.fandom.com/wiki/Ranged_weapons/yue,terraria.fandom.com
3221,Ranged weapons/yue/recipe,https://terraria.fandom.com/wiki/Ranged_weapons/yue/recipe,terraria.fandom.com
3222,Ranger Emblem,https://terraria.fandom.com/wiki/Ranger_Emblem,terraria.fandom.com
3223,Rarity,https://terraria.fandom.com/wiki/Rarity,terraria.fandom.com
3224,Rarity/it,https://terraria.fandom.com/wiki/Rarity/it,terraria.fandom.com
3225,Rarity/vi,https://terraria.fandom.com/wiki/Rarity/vi,terraria.fandom.com
3226,Rat,https://terraria.fandom.com/wiki/Rat,terraria.fandom.com
3227,Raven,https://terraria.fandom.com/wiki/Raven,terraria.fandom.com
3228,Raven Staff,https://terraria.fandom.com/wiki/Raven_Staff,terraria.fandom.com
3229,Ray Gunner,https://terraria.fandom.com/wiki/Ray_Gunner,terraria.fandom.com
3230,Raynebro's set,https://terraria.fandom.com/wiki/Raynebro%27s_set,terraria.fandom.com
3231,Razorblade Typhoon,https://terraria.fandom.com/wiki/Razorblade_Typhoon,terraria.fandom.com
3232,Razorpine,https://terraria.fandom.com/wiki/Razorpine,terraria.fandom.com
3233,Re-Logic,https://terraria.fandom.com/wiki/Re-Logic,terraria.fandom.com
3234,Re-Logic/cs,https://terraria.fandom.com/wiki/Re-Logic/cs,terraria.fandom.com
3235,Reaper,https://terraria.fandom.com/wiki/Reaper,terraria.fandom.com
3236,Reaper set,https://terraria.fandom.com/wiki/Reaper_set,terraria.fandom.com
3237,Reaver Shark,https://terraria.fandom.com/wiki/Reaver_Shark,terraria.fandom.com
3238,Recall Potion,https://terraria.fandom.com/wiki/Recall_Potion,terraria.fandom.com
3239,Recipes,https://terraria.fandom.com/wiki/Recipes,terraria.fandom.com
3240,Recipes/Altar,https://terraria.fandom.com/wiki/Recipes/Altar,terraria.fandom.com
3241,Recipes/Altar/register,https://terraria.fandom.com/wiki/Recipes/Altar/register,terraria.fandom.com
3242,Recipes/Altar/yue,https://terraria.fandom.com/wiki/Recipes/Altar/yue,terraria.fandom.com
3243,Recipes/Ancient Manipulator,https://terraria.fandom.com/wiki/Recipes/Ancient_Manipulator,terraria.fandom.com
3244,Recipes/Ancient Manipulator/cs,https://terraria.fandom.com/wiki/Recipes/Ancient_Manipulator/cs,terraria.fandom.com
3245,Recipes/Ancient Manipulator/register,https://terraria.fandom.com/wiki/Recipes/Ancient_Manipulator/register,terraria.fandom.com
3246,Recipes/Ancient Manipulator/yue,https://terraria.fandom.com/wiki/Recipes/Ancient_Manipulator/yue,terraria.fandom.com
3247,Recipes/Autohammer,https://terraria.fandom.com/wiki/Recipes/Autohammer,terraria.fandom.com
3248,Recipes/Autohammer/register,https://terraria.fandom.com/wiki/Recipes/Autohammer/register,terraria.fandom.com
3249,Recipes/Autohammer/yue,https://terraria.fandom.com/wiki/Recipes/Autohammer/yue,terraria.fandom.com
3250,Recipes/Blend-O-Matic,https://terraria.fandom.com/wiki/Recipes/Blend-O-Matic,terraria.fandom.com
3251,Recipes/Blend-O-Matic/register,https://terraria.fandom.com/wiki/Recipes/Blend-O-Matic/register,terraria.fandom.com
3252,Recipes/Blend-O-Matic/yue,https://terraria.fandom.com/wiki/Recipes/Blend-O-Matic/yue,terraria.fandom.com
3253,Recipes/Bone Welder,https://terraria.fandom.com/wiki/Recipes/Bone_Welder,terraria.fandom.com
3254,Recipes/Bone Welder/register,https://terraria.fandom.com/wiki/Recipes/Bone_Welder/register,terraria.fandom.com
3255,Recipes/Bone Welder/yue,https://terraria.fandom.com/wiki/Recipes/Bone_Welder/yue,terraria.fandom.com
3256,Recipes/Bookcase,https://terraria.fandom.com/wiki/Recipes/Bookcase,terraria.fandom.com
3257,Recipes/Bookcase/register,https://terraria.fandom.com/wiki/Recipes/Bookcase/register,terraria.fandom.com
3258,Recipes/Bookcase/yue,https://terraria.fandom.com/wiki/Recipes/Bookcase/yue,terraria.fandom.com
3259,Recipes/By Hand,https://terraria.fandom.com/wiki/Recipes/By_Hand,terraria.fandom.com
3260,Recipes/By Hand/register,https://terraria.fandom.com/wiki/Recipes/By_Hand/register,terraria.fandom.com
3261,Recipes/By Hand/yue,https://terraria.fandom.com/wiki/Recipes/By_Hand/yue,terraria.fandom.com
3262,Recipes/Campfire,https://terraria.fandom.com/wiki/Recipes/Campfire,terraria.fandom.com
3263,Recipes/Campfire/register,https://terraria.fandom.com/wiki/Recipes/Campfire/register,terraria.fandom.com
3264,Recipes/Campfire/yue,https://terraria.fandom.com/wiki/Recipes/Campfire/yue,terraria.fandom.com
3265,Recipes/Chlorophyte Extractinator,https://terraria.fandom.com/wiki/Recipes/Chlorophyte_Extractinator,terraria.fandom.com
3266,Recipes/Chlorophyte Extractinator/register,https://terraria.fandom.com/wiki/Recipes/Chlorophyte_Extractinator/register,terraria.fandom.com
3267,Recipes/Cooking Pot,https://terraria.fandom.com/wiki/Recipes/Cooking_Pot,terraria.fandom.com
3268,Recipes/Cooking Pot/register,https://terraria.fandom.com/wiki/Recipes/Cooking_Pot/register,terraria.fandom.com
3269,Recipes/Cooking Pot/yue,https://terraria.fandom.com/wiki/Recipes/Cooking_Pot/yue,terraria.fandom.com
3270,Recipes/Crystal Ball,https://terraria.fandom.com/wiki/Recipes/Crystal_Ball,terraria.fandom.com
3271,Recipes/Crystal Ball/register,https://terraria.fandom.com/wiki/Recipes/Crystal_Ball/register,terraria.fandom.com
3272,Recipes/Crystal Ball/yue,https://terraria.fandom.com/wiki/Recipes/Crystal_Ball/yue,terraria.fandom.com
3273,Recipes/Decay Chamber,https://terraria.fandom.com/wiki/Recipes/Decay_Chamber,terraria.fandom.com
3274,Recipes/Decay Chamber/register,https://terraria.fandom.com/wiki/Recipes/Decay_Chamber/register,terraria.fandom.com
3275,Recipes/Decay Chamber/yue,https://terraria.fandom.com/wiki/Recipes/Decay_Chamber/yue,terraria.fandom.com
3276,Recipes/Dye Vat,https://terraria.fandom.com/wiki/Recipes/Dye_Vat,terraria.fandom.com
3277,Recipes/Dye Vat/register,https://terraria.fandom.com/wiki/Recipes/Dye_Vat/register,terraria.fandom.com
3278,Recipes/Dye Vat/yue,https://terraria.fandom.com/wiki/Recipes/Dye_Vat/yue,terraria.fandom.com
3279,Recipes/Ecto Mist,https://terraria.fandom.com/wiki/Recipes/Ecto_Mist,terraria.fandom.com
3280,Recipes/Ecto Mist/yue,https://terraria.fandom.com/wiki/Recipes/Ecto_Mist/yue,terraria.fandom.com
3281,Recipes/Flesh Cloning Vat,https://terraria.fandom.com/wiki/Recipes/Flesh_Cloning_Vat,terraria.fandom.com
3282,Recipes/Flesh Cloning Vat/register,https://terraria.fandom.com/wiki/Recipes/Flesh_Cloning_Vat/register,terraria.fandom.com
3283,Recipes/Flesh Cloning Vat/yue,https://terraria.fandom.com/wiki/Recipes/Flesh_Cloning_Vat/yue,terraria.fandom.com
3284,Recipes/Furnace,https://terraria.fandom.com/wiki/Recipes/Furnace,terraria.fandom.com
3285,Recipes/Furnace/cs,https://terraria.fandom.com/wiki/Recipes/Furnace/cs,terraria.fandom.com
3286,Recipes/Furnace/register,https://terraria.fandom.com/wiki/Recipes/Furnace/register,terraria.fandom.com
3287,Recipes/Furnace/yue,https://terraria.fandom.com/wiki/Recipes/Furnace/yue,terraria.fandom.com
3288,Recipes/Glass Kiln,https://terraria.fandom.com/wiki/Recipes/Glass_Kiln,terraria.fandom.com
3289,Recipes/Glass Kiln/register,https://terraria.fandom.com/wiki/Recipes/Glass_Kiln/register,terraria.fandom.com
3290,Recipes/Glass Kiln/yue,https://terraria.fandom.com/wiki/Recipes/Glass_Kiln/yue,terraria.fandom.com
3291,Recipes/Hardmode Anvil,https://terraria.fandom.com/wiki/Recipes/Hardmode_Anvil,terraria.fandom.com
3292,Recipes/Hardmode Anvil/register,https://terraria.fandom.com/wiki/Recipes/Hardmode_Anvil/register,terraria.fandom.com
3293,Recipes/Hardmode Anvil/yue,https://terraria.fandom.com/wiki/Recipes/Hardmode_Anvil/yue,terraria.fandom.com
3294,Recipes/Hardmode Forge,https://terraria.fandom.com/wiki/Recipes/Hardmode_Forge,terraria.fandom.com
3295,Recipes/Hardmode Forge/register,https://terraria.fandom.com/wiki/Recipes/Hardmode_Forge/register,terraria.fandom.com
3296,Recipes/Hardmode Forge/yue,https://terraria.fandom.com/wiki/Recipes/Hardmode_Forge/yue,terraria.fandom.com
3297,Recipes/Heavy Work Bench,https://terraria.fandom.com/wiki/Recipes/Heavy_Work_Bench,terraria.fandom.com
3298,Recipes/Heavy Work Bench/register,https://terraria.fandom.com/wiki/Recipes/Heavy_Work_Bench/register,terraria.fandom.com
3299,Recipes/Heavy Work Bench/yue,https://terraria.fandom.com/wiki/Recipes/Heavy_Work_Bench/yue,terraria.fandom.com
3300,Recipes/Hellforge,https://terraria.fandom.com/wiki/Recipes/Hellforge,terraria.fandom.com
3301,Recipes/Hellforge/register,https://terraria.fandom.com/wiki/Recipes/Hellforge/register,terraria.fandom.com
3302,Recipes/Hellforge/yue,https://terraria.fandom.com/wiki/Recipes/Hellforge/yue,terraria.fandom.com
3303,Recipes/Honey,https://terraria.fandom.com/wiki/Recipes/Honey,terraria.fandom.com
3304,Recipes/Honey/register,https://terraria.fandom.com/wiki/Recipes/Honey/register,terraria.fandom.com
3305,Recipes/Honey/yue,https://terraria.fandom.com/wiki/Recipes/Honey/yue,terraria.fandom.com
3306,Recipes/Honey Dispenser,https://terraria.fandom.com/wiki/Recipes/Honey_Dispenser,terraria.fandom.com
3307,Recipes/Honey Dispenser/register,https://terraria.fandom.com/wiki/Recipes/Honey_Dispenser/register,terraria.fandom.com
3308,Recipes/Honey Dispenser/yue,https://terraria.fandom.com/wiki/Recipes/Honey_Dispenser/yue,terraria.fandom.com
3309,Recipes/Ice Machine,https://terraria.fandom.com/wiki/Recipes/Ice_Machine,terraria.fandom.com
3310,Recipes/Ice Machine/register,https://terraria.fandom.com/wiki/Recipes/Ice_Machine/register,terraria.fandom.com
3311,Recipes/Ice Machine/yue,https://terraria.fandom.com/wiki/Recipes/Ice_Machine/yue,terraria.fandom.com
3312,Recipes/Imbuing Station,https://terraria.fandom.com/wiki/Recipes/Imbuing_Station,terraria.fandom.com
3313,Recipes/Imbuing Station/register,https://terraria.fandom.com/wiki/Recipes/Imbuing_Station/register,terraria.fandom.com
3314,Recipes/Imbuing Station/yue,https://terraria.fandom.com/wiki/Recipes/Imbuing_Station/yue,terraria.fandom.com
3315,Recipes/Keg,https://terraria.fandom.com/wiki/Recipes/Keg,terraria.fandom.com
3316,Recipes/Keg/register,https://terraria.fandom.com/wiki/Recipes/Keg/register,terraria.fandom.com
3317,Recipes/Keg/yue,https://terraria.fandom.com/wiki/Recipes/Keg/yue,terraria.fandom.com
3318,Recipes/Lava,https://terraria.fandom.com/wiki/Recipes/Lava,terraria.fandom.com
3319,Recipes/Lava/register,https://terraria.fandom.com/wiki/Recipes/Lava/register,terraria.fandom.com
3320,Recipes/Lava/yue,https://terraria.fandom.com/wiki/Recipes/Lava/yue,terraria.fandom.com
3321,Recipes/Lihzahrd Furnace,https://terraria.fandom.com/wiki/Recipes/Lihzahrd_Furnace,terraria.fandom.com
3322,Recipes/Lihzahrd Furnace/register,https://terraria.fandom.com/wiki/Recipes/Lihzahrd_Furnace/register,terraria.fandom.com
3323,Recipes/Lihzahrd Furnace/yue,https://terraria.fandom.com/wiki/Recipes/Lihzahrd_Furnace/yue,terraria.fandom.com
3324,Recipes/Living Loom,https://terraria.fandom.com/wiki/Recipes/Living_Loom,terraria.fandom.com
3325,Recipes/Living Loom/register,https://terraria.fandom.com/wiki/Recipes/Living_Loom/register,terraria.fandom.com
3326,Recipes/Living Loom/yue,https://terraria.fandom.com/wiki/Recipes/Living_Loom/yue,terraria.fandom.com
3327,Recipes/Loom,https://terraria.fandom.com/wiki/Recipes/Loom,terraria.fandom.com
3328,Recipes/Loom/register,https://terraria.fandom.com/wiki/Recipes/Loom/register,terraria.fandom.com
3329,Recipes/Loom/yue,https://terraria.fandom.com/wiki/Recipes/Loom/yue,terraria.fandom.com
3330,Recipes/Meat Grinder,https://terraria.fandom.com/wiki/Recipes/Meat_Grinder,terraria.fandom.com
3331,Recipes/Meat Grinder/register,https://terraria.fandom.com/wiki/Recipes/Meat_Grinder/register,terraria.fandom.com
3332,Recipes/Meat Grinder/yue,https://terraria.fandom.com/wiki/Recipes/Meat_Grinder/yue,terraria.fandom.com
3333,Recipes/Placed Bottle,https://terraria.fandom.com/wiki/Recipes/Placed_Bottle,terraria.fandom.com
3334,Recipes/Placed Bottle/register,https://terraria.fandom.com/wiki/Recipes/Placed_Bottle/register,terraria.fandom.com
3335,Recipes/Placed Bottle/yue,https://terraria.fandom.com/wiki/Recipes/Placed_Bottle/yue,terraria.fandom.com
3336,Recipes/Pre-Hardmode Anvil,https://terraria.fandom.com/wiki/Recipes/Pre-Hardmode_Anvil,terraria.fandom.com
3337,Recipes/Pre-Hardmode Anvil/register,https://terraria.fandom.com/wiki/Recipes/Pre-Hardmode_Anvil/register,terraria.fandom.com
3338,Recipes/Pre-Hardmode Anvil/yue,https://terraria.fandom.com/wiki/Recipes/Pre-Hardmode_Anvil/yue,terraria.fandom.com
3339,Recipes/Sawmill,https://terraria.fandom.com/wiki/Recipes/Sawmill,terraria.fandom.com
3340,Recipes/Sawmill/register,https://terraria.fandom.com/wiki/Recipes/Sawmill/register,terraria.fandom.com
3341,Recipes/Sawmill/yue,https://terraria.fandom.com/wiki/Recipes/Sawmill/yue,terraria.fandom.com
3342,Recipes/Shimmer,https://terraria.fandom.com/wiki/Recipes/Shimmer,terraria.fandom.com
3343,Recipes/Shimmer/register,https://terraria.fandom.com/wiki/Recipes/Shimmer/register,terraria.fandom.com
3344,Recipes/Sky Mill,https://terraria.fandom.com/wiki/Recipes/Sky_Mill,terraria.fandom.com
3345,Recipes/Sky Mill/register,https://terraria.fandom.com/wiki/Recipes/Sky_Mill/register,terraria.fandom.com
3346,Recipes/Sky Mill/yue,https://terraria.fandom.com/wiki/Recipes/Sky_Mill/yue,terraria.fandom.com
3347,Recipes/Solidifier,https://terraria.fandom.com/wiki/Recipes/Solidifier,terraria.fandom.com
3348,Recipes/Solidifier/register,https://terraria.fandom.com/wiki/Recipes/Solidifier/register,terraria.fandom.com
3349,Recipes/Solidifier/yue,https://terraria.fandom.com/wiki/Recipes/Solidifier/yue,terraria.fandom.com
3350,Recipes/Steampunk Boiler,https://terraria.fandom.com/wiki/Recipes/Steampunk_Boiler,terraria.fandom.com
3351,Recipes/Steampunk Boiler/register,https://terraria.fandom.com/wiki/Recipes/Steampunk_Boiler/register,terraria.fandom.com
3352,Recipes/Steampunk Boiler/yue,https://terraria.fandom.com/wiki/Recipes/Steampunk_Boiler/yue,terraria.fandom.com
3353,Recipes/Table,https://terraria.fandom.com/wiki/Recipes/Table,terraria.fandom.com
3354,Recipes/Table/register,https://terraria.fandom.com/wiki/Recipes/Table/register,terraria.fandom.com
3355,Recipes/Table/yue,https://terraria.fandom.com/wiki/Recipes/Table/yue,terraria.fandom.com
3356,Recipes/Teapot,https://terraria.fandom.com/wiki/Recipes/Teapot,terraria.fandom.com
3357,Recipes/Teapot/register,https://terraria.fandom.com/wiki/Recipes/Teapot/register,terraria.fandom.com
3358,Recipes/Teapot/yue,https://terraria.fandom.com/wiki/Recipes/Teapot/yue,terraria.fandom.com
3359,Recipes/Tinkerer's Workshop,https://terraria.fandom.com/wiki/Recipes/Tinkerer%27s_Workshop,terraria.fandom.com
3360,Recipes/Tinkerer's Workshop/register,https://terraria.fandom.com/wiki/Recipes/Tinkerer%27s_Workshop/register,terraria.fandom.com
3361,Recipes/Tinkerer's Workshop/yue,https://terraria.fandom.com/wiki/Recipes/Tinkerer%27s_Workshop/yue,terraria.fandom.com
3362,Recipes/Water,https://terraria.fandom.com/wiki/Recipes/Water,terraria.fandom.com
3363,Recipes/Water/register,https://terraria.fandom.com/wiki/Recipes/Water/register,terraria.fandom.com
3364,Recipes/Water/yue,https://terraria.fandom.com/wiki/Recipes/Water/yue,terraria.fandom.com
3365,Recipes/Work Bench,https://terraria.fandom.com/wiki/Recipes/Work_Bench,terraria.fandom.com
3366,Recipes/Work Bench/register,https://terraria.fandom.com/wiki/Recipes/Work_Bench/register,terraria.fandom.com
3367,Recipes/Work Bench/yue,https://terraria.fandom.com/wiki/Recipes/Work_Bench/yue,terraria.fandom.com
3368,Recipes/cs,https://terraria.fandom.com/wiki/Recipes/cs,terraria.fandom.com
3369,Recipes/it,https://terraria.fandom.com/wiki/Recipes/it,terraria.fandom.com
3370,Recipes/ja,https://terraria.fandom.com/wiki/Recipes/ja,terraria.fandom.com
3371,Recipes/nl,https://terraria.fandom.com/wiki/Recipes/nl,terraria.fandom.com
3372,Recipes/no,https://terraria.fandom.com/wiki/Recipes/no,terraria.fandom.com
3373,Recipes/register,https://terraria.fandom.com/wiki/Recipes/register,terraria.fandom.com
3374,Recipes/tr,https://terraria.fandom.com/wiki/Recipes/tr,terraria.fandom.com
3375,Recipes/yue,https://terraria.fandom.com/wiki/Recipes/yue,terraria.fandom.com
3376,Recon Scope,https://terraria.fandom.com/wiki/Recon_Scope,terraria.fandom.com
3377,Recon Scope/Crafting tree,https://terraria.fandom.com/wiki/Recon_Scope/Crafting_tree,terraria.fandom.com
3378,Recovery potions,https://terraria.fandom.com/wiki/Recovery_potions,terraria.fandom.com
3379,Red,https://terraria.fandom.com/wiki/Red,terraria.fandom.com
3380,Red's Throw,https://terraria.fandom.com/wiki/Red%27s_Throw,terraria.fandom.com
3381,Red's set,https://terraria.fandom.com/wiki/Red%27s_set,terraria.fandom.com
3382,Red Acid Dye,https://terraria.fandom.com/wiki/Red_Acid_Dye,terraria.fandom.com
3383,Red Brick,https://terraria.fandom.com/wiki/Red_Brick,terraria.fandom.com
3384,Red Brick Wall,https://terraria.fandom.com/wiki/Red_Brick_Wall,terraria.fandom.com
3385,Red Devil,https://terraria.fandom.com/wiki/Red_Devil,terraria.fandom.com
3386,Red Envelope,https://terraria.fandom.com/wiki/Red_Envelope,terraria.fandom.com
3387,Red Husk,https://terraria.fandom.com/wiki/Red_Husk,terraria.fandom.com
3388,Red Potion,https://terraria.fandom.com/wiki/Red_Potion,terraria.fandom.com
3389,Red Riding armor,https://terraria.fandom.com/wiki/Red_Riding_armor,terraria.fandom.com
3390,Red Ryder,https://terraria.fandom.com/wiki/Red_Ryder,terraria.fandom.com
3391,Red Slime,https://terraria.fandom.com/wiki/Red_Slime,terraria.fandom.com
3392,Red Snapper,https://terraria.fandom.com/wiki/Red_Snapper,terraria.fandom.com
3393,Red Squirrel,https://terraria.fandom.com/wiki/Red_Squirrel,terraria.fandom.com
3394,Reef Block,https://terraria.fandom.com/wiki/Reef_Block,terraria.fandom.com
3395,Reef Wall,https://terraria.fandom.com/wiki/Reef_Wall,terraria.fandom.com
3396,Reef furniture,https://terraria.fandom.com/wiki/Reef_furniture,terraria.fandom.com
3397,Reflective Copper Dye,https://terraria.fandom.com/wiki/Reflective_Copper_Dye,terraria.fandom.com
3398,Reflective Dye,https://terraria.fandom.com/wiki/Reflective_Dye,terraria.fandom.com
3399,Reflective Gold Dye,https://terraria.fandom.com/wiki/Reflective_Gold_Dye,terraria.fandom.com
3400,Reflective Metal Dye,https://terraria.fandom.com/wiki/Reflective_Metal_Dye,terraria.fandom.com
3401,Reflective Obsidian Dye,https://terraria.fandom.com/wiki/Reflective_Obsidian_Dye,terraria.fandom.com
3402,Reflective Shades,https://terraria.fandom.com/wiki/Reflective_Shades,terraria.fandom.com
3403,Reflective Silver Dye,https://terraria.fandom.com/wiki/Reflective_Silver_Dye,terraria.fandom.com
3404,Regal Delicacy,https://terraria.fandom.com/wiki/Regal_Delicacy,terraria.fandom.com
3405,Regeneration Potion,https://terraria.fandom.com/wiki/Regeneration_Potion,terraria.fandom.com
3406,Reindeer Antlers,https://terraria.fandom.com/wiki/Reindeer_Antlers,terraria.fandom.com
3407,Reindeer Bells,https://terraria.fandom.com/wiki/Reindeer_Bells,terraria.fandom.com
3408,Release Doves,https://terraria.fandom.com/wiki/Release_Doves,terraria.fandom.com
3409,Release Lantern,https://terraria.fandom.com/wiki/Release_Lantern,terraria.fandom.com
3410,Relics,https://terraria.fandom.com/wiki/Relics,terraria.fandom.com
3411,Repaired Life Crystal,https://terraria.fandom.com/wiki/Repaired_Life_Crystal,terraria.fandom.com
3412,Repaired Mana Crystal,https://terraria.fandom.com/wiki/Repaired_Mana_Crystal,terraria.fandom.com
3413,Repeaters,https://terraria.fandom.com/wiki/Repeaters,terraria.fandom.com
3414,Repeaters/row,https://terraria.fandom.com/wiki/Repeaters/row,terraria.fandom.com
3415,Resonance Scepter,https://terraria.fandom.com/wiki/Resonance_Scepter,terraria.fandom.com
3416,Resource Pack,https://terraria.fandom.com/wiki/Resource_Pack,terraria.fandom.com
3417,Resplendent Dessert,https://terraria.fandom.com/wiki/Resplendent_Dessert,terraria.fandom.com
3418,Restoration Potion,https://terraria.fandom.com/wiki/Restoration_Potion,terraria.fandom.com
3419,Restoration potion,https://terraria.fandom.com/wiki/Restoration_potion,terraria.fandom.com
3420,Resurrection Potion,https://terraria.fandom.com/wiki/Resurrection_Potion,terraria.fandom.com
3421,Revolver,https://terraria.fandom.com/wiki/Revolver,terraria.fandom.com
3422,Rich Mahogany,https://terraria.fandom.com/wiki/Rich_Mahogany,terraria.fandom.com
3423,Rich Mahogany/cs,https://terraria.fandom.com/wiki/Rich_Mahogany/cs,terraria.fandom.com
3424,Rich Mahogany Bow,https://terraria.fandom.com/wiki/Rich_Mahogany_Bow,terraria.fandom.com
3425,Rich Mahogany Chest,https://terraria.fandom.com/wiki/Rich_Mahogany_Chest,terraria.fandom.com
3426,Rich Mahogany Hammer,https://terraria.fandom.com/wiki/Rich_Mahogany_Hammer,terraria.fandom.com
3427,Rich Mahogany Sword,https://terraria.fandom.com/wiki/Rich_Mahogany_Sword,terraria.fandom.com
3428,Rich Mahogany Wall,https://terraria.fandom.com/wiki/Rich_Mahogany_Wall,terraria.fandom.com
3429,Rich Mahogany armor,https://terraria.fandom.com/wiki/Rich_Mahogany_armor,terraria.fandom.com
3430,Rich Mahogany armor/cs,https://terraria.fandom.com/wiki/Rich_Mahogany_armor/cs,terraria.fandom.com
3431,Rich Mahogany furniture,https://terraria.fandom.com/wiki/Rich_Mahogany_furniture,terraria.fandom.com
3432,Rifle Scope,https://terraria.fandom.com/wiki/Rifle_Scope,terraria.fandom.com
3433,Roasted Bird,https://terraria.fandom.com/wiki/Roasted_Bird,terraria.fandom.com
3434,Roasted Duck,https://terraria.fandom.com/wiki/Roasted_Duck,terraria.fandom.com
3435,Robe,https://terraria.fandom.com/wiki/Robe,terraria.fandom.com
3436,Robot Hat,https://terraria.fandom.com/wiki/Robot_Hat,terraria.fandom.com
3437,Robot set,https://terraria.fandom.com/wiki/Robot_set,terraria.fandom.com
3438,Robotic Skull,https://terraria.fandom.com/wiki/Robotic_Skull,terraria.fandom.com
3439,Rock Golem,https://terraria.fandom.com/wiki/Rock_Golem,terraria.fandom.com
3440,Rock Golem Head,https://terraria.fandom.com/wiki/Rock_Golem_Head,terraria.fandom.com
3441,Rock Lobster,https://terraria.fandom.com/wiki/Rock_Lobster,terraria.fandom.com
3442,Rocket Boots,https://terraria.fandom.com/wiki/Rocket_Boots,terraria.fandom.com
3443,Rocket Launcher,https://terraria.fandom.com/wiki/Rocket_Launcher,terraria.fandom.com
3444,Rockets,https://terraria.fandom.com/wiki/Rockets,terraria.fandom.com
3445,Rockets/behavior,https://terraria.fandom.com/wiki/Rockets/behavior,terraria.fandom.com
3446,Rockets/behavior/vi,https://terraria.fandom.com/wiki/Rockets/behavior/vi,terraria.fandom.com
3447,Rockets/vi,https://terraria.fandom.com/wiki/Rockets/vi,terraria.fandom.com
3448,Rockfish,https://terraria.fandom.com/wiki/Rockfish,terraria.fandom.com
3449,Rod (disambiguation),https://terraria.fandom.com/wiki/Rod_(disambiguation),terraria.fandom.com
3450,Rod of Discord,https://terraria.fandom.com/wiki/Rod_of_Discord,terraria.fandom.com
3451,Rod of Harmony,https://terraria.fandom.com/wiki/Rod_of_Harmony,terraria.fandom.com
3452,Rolling Cactus,https://terraria.fandom.com/wiki/Rolling_Cactus,terraria.fandom.com
3453,Roman candle,https://terraria.fandom.com/wiki/Roman_candle,terraria.fandom.com
3454,Rope Coils,https://terraria.fandom.com/wiki/Rope_Coils,terraria.fandom.com
3455,Rope Coils/resultcell,https://terraria.fandom.com/wiki/Rope_Coils/resultcell,terraria.fandom.com
3456,Ropes,https://terraria.fandom.com/wiki/Ropes,terraria.fandom.com
3457,Rose,https://terraria.fandom.com/wiki/Rose,terraria.fandom.com
3458,Rotten Chunk,https://terraria.fandom.com/wiki/Rotten_Chunk,terraria.fandom.com
3459,Rotten Egg,https://terraria.fandom.com/wiki/Rotten_Egg,terraria.fandom.com
3460,Royal Delight,https://terraria.fandom.com/wiki/Royal_Delight,terraria.fandom.com
3461,Royal Gel,https://terraria.fandom.com/wiki/Royal_Gel,terraria.fandom.com
3462,Royal Scepter,https://terraria.fandom.com/wiki/Royal_Scepter,terraria.fandom.com
3463,Royal set,https://terraria.fandom.com/wiki/Royal_set,terraria.fandom.com
3464,Rubblemaker,https://terraria.fandom.com/wiki/Rubblemaker,terraria.fandom.com
3465,Ruby,https://terraria.fandom.com/wiki/Ruby,terraria.fandom.com
3466,Ruby Robe,https://terraria.fandom.com/wiki/Ruby_Robe,terraria.fandom.com
3467,Ruby Staff,https://terraria.fandom.com/wiki/Ruby_Staff,terraria.fandom.com
3468,Ruined House,https://terraria.fandom.com/wiki/Ruined_House,terraria.fandom.com
3469,Ruler,https://terraria.fandom.com/wiki/Ruler,terraria.fandom.com
3470,Rune Wizard,https://terraria.fandom.com/wiki/Rune_Wizard,terraria.fandom.com
3471,Rune set,https://terraria.fandom.com/wiki/Rune_set,terraria.fandom.com
3472,Rusty Armored Bones,https://terraria.fandom.com/wiki/Rusty_Armored_Bones,terraria.fandom.com
3473,S.D.M.G.,https://terraria.fandom.com/wiki/S.D.M.G.,terraria.fandom.com
3474,SWAT Helmet,https://terraria.fandom.com/wiki/SWAT_Helmet,terraria.fandom.com
3475,Saddle,https://terraria.fandom.com/wiki/Saddle,terraria.fandom.com
3476,Saddles,https://terraria.fandom.com/wiki/Saddles,terraria.fandom.com
3477,Safe,https://terraria.fandom.com/wiki/Safe,terraria.fandom.com
3478,Safeman's set,https://terraria.fandom.com/wiki/Safeman%27s_set,terraria.fandom.com
3479,Sail,https://terraria.fandom.com/wiki/Sail,terraria.fandom.com
3480,Sailfish Boots,https://terraria.fandom.com/wiki/Sailfish_Boots,terraria.fandom.com
3481,Sailor set,https://terraria.fandom.com/wiki/Sailor_set,terraria.fandom.com
3482,Sake,https://terraria.fandom.com/wiki/Sake,terraria.fandom.com
3483,Sakura Sapling,https://terraria.fandom.com/wiki/Sakura_Sapling,terraria.fandom.com
3484,Salamander,https://terraria.fandom.com/wiki/Salamander,terraria.fandom.com
3485,Salmon,https://terraria.fandom.com/wiki/Salmon,terraria.fandom.com
3486,Sand Blocks,https://terraria.fandom.com/wiki/Sand_Blocks,terraria.fandom.com
3487,Sand Elemental,https://terraria.fandom.com/wiki/Sand_Elemental,terraria.fandom.com
3488,Sand Poacher,https://terraria.fandom.com/wiki/Sand_Poacher,terraria.fandom.com
3489,Sand Sharks,https://terraria.fandom.com/wiki/Sand_Sharks,terraria.fandom.com
3490,Sand Slime,https://terraria.fandom.com/wiki/Sand_Slime,terraria.fandom.com
3491,Sandcastle Bucket,https://terraria.fandom.com/wiki/Sandcastle_Bucket,terraria.fandom.com
3492,Sandfall Block,https://terraria.fandom.com/wiki/Sandfall_Block,terraria.fandom.com
3493,Sandfall Wall,https://terraria.fandom.com/wiki/Sandfall_Wall,terraria.fandom.com
3494,Sandgun,https://terraria.fandom.com/wiki/Sandgun,terraria.fandom.com
3495,Sandstone,https://terraria.fandom.com/wiki/Sandstone,terraria.fandom.com
3496,Sandstone Blocks,https://terraria.fandom.com/wiki/Sandstone_Blocks,terraria.fandom.com
3497,Sandstone Brick,https://terraria.fandom.com/wiki/Sandstone_Brick,terraria.fandom.com
3498,Sandstone Brick Wall,https://terraria.fandom.com/wiki/Sandstone_Brick_Wall,terraria.fandom.com
3499,Sandstone Chest,https://terraria.fandom.com/wiki/Sandstone_Chest,terraria.fandom.com
3500,Sandstone Slab,https://terraria.fandom.com/wiki/Sandstone_Slab,terraria.fandom.com
3501,Sandstone Walls,https://terraria.fandom.com/wiki/Sandstone_Walls,terraria.fandom.com
3502,Sandstone furniture,https://terraria.fandom.com/wiki/Sandstone_furniture,terraria.fandom.com
3503,Sandstorm,https://terraria.fandom.com/wiki/Sandstorm,terraria.fandom.com
3504,Sandstorm/cs,https://terraria.fandom.com/wiki/Sandstorm/cs,terraria.fandom.com
3505,Sandstorm/ja,https://terraria.fandom.com/wiki/Sandstorm/ja,terraria.fandom.com
3506,Sandstorm in a Balloon,https://terraria.fandom.com/wiki/Sandstorm_in_a_Balloon,terraria.fandom.com
3507,Sandstorm in a Bottle,https://terraria.fandom.com/wiki/Sandstorm_in_a_Bottle,terraria.fandom.com
3508,Sanguine Staff,https://terraria.fandom.com/wiki/Sanguine_Staff,terraria.fandom.com
3509,Santa-NK1,https://terraria.fandom.com/wiki/Santa-NK1,terraria.fandom.com
3510,Santa Claus,https://terraria.fandom.com/wiki/Santa_Claus,terraria.fandom.com
3511,Santa Claus/nl,https://terraria.fandom.com/wiki/Santa_Claus/nl,terraria.fandom.com
3512,Santa set,https://terraria.fandom.com/wiki/Santa_set,terraria.fandom.com
3513,Sapling,https://terraria.fandom.com/wiki/Sapling,terraria.fandom.com
3514,Sapphire,https://terraria.fandom.com/wiki/Sapphire,terraria.fandom.com
3515,Sapphire Robe,https://terraria.fandom.com/wiki/Sapphire_Robe,terraria.fandom.com
3516,Sapphire Staff,https://terraria.fandom.com/wiki/Sapphire_Staff,terraria.fandom.com
3517,Sauteed Frog Legs,https://terraria.fandom.com/wiki/Sauteed_Frog_Legs,terraria.fandom.com
3518,Sawmill,https://terraria.fandom.com/wiki/Sawmill,terraria.fandom.com
3519,Sawtooth Shark,https://terraria.fandom.com/wiki/Sawtooth_Shark,terraria.fandom.com
3520,Scaly Truffle,https://terraria.fandom.com/wiki/Scaly_Truffle,terraria.fandom.com
3521,Scarab Bomb,https://terraria.fandom.com/wiki/Scarab_Bomb,terraria.fandom.com
3522,Scarecrow,https://terraria.fandom.com/wiki/Scarecrow,terraria.fandom.com
3523,Scarecrow set,https://terraria.fandom.com/wiki/Scarecrow_set,terraria.fandom.com
3524,Scorpion,https://terraria.fandom.com/wiki/Scorpion,terraria.fandom.com
3525,Scourge of the Corruptor,https://terraria.fandom.com/wiki/Scourge_of_the_Corruptor,terraria.fandom.com
3526,Scutlix,https://terraria.fandom.com/wiki/Scutlix,terraria.fandom.com
3527,Scythe,https://terraria.fandom.com/wiki/Scythe,terraria.fandom.com
3528,Sea Snail,https://terraria.fandom.com/wiki/Sea_Snail,terraria.fandom.com
3529,Sea Turtle,https://terraria.fandom.com/wiki/Sea_Turtle,terraria.fandom.com
3530,Seagull,https://terraria.fandom.com/wiki/Seagull,terraria.fandom.com
3531,Seahorse,https://terraria.fandom.com/wiki/Seahorse,terraria.fandom.com
3532,Seashells,https://terraria.fandom.com/wiki/Seashells,terraria.fandom.com
3533,Seaside Crate,https://terraria.fandom.com/wiki/Seaside_Crate,terraria.fandom.com
3534,Seasonal events,https://terraria.fandom.com/wiki/Seasonal_events,terraria.fandom.com
3535,Seaweed,https://terraria.fandom.com/wiki/Seaweed,terraria.fandom.com
3536,Seaweed (disambiguation),https://terraria.fandom.com/wiki/Seaweed_(disambiguation),terraria.fandom.com
3537,Seaweed Planter,https://terraria.fandom.com/wiki/Seaweed_Planter,terraria.fandom.com
3538,Secret world seeds,https://terraria.fandom.com/wiki/Secret_world_seeds,terraria.fandom.com
3539,Seed,https://terraria.fandom.com/wiki/Seed,terraria.fandom.com
3540,Seed/vi,https://terraria.fandom.com/wiki/Seed/vi,terraria.fandom.com
3541,Seedler,https://terraria.fandom.com/wiki/Seedler,terraria.fandom.com
3542,Seedling,https://terraria.fandom.com/wiki/Seedling,terraria.fandom.com
3543,Seeds,https://terraria.fandom.com/wiki/Seeds,terraria.fandom.com
3544,Seeds/cs,https://terraria.fandom.com/wiki/Seeds/cs,terraria.fandom.com
3545,Seeds/vi,https://terraria.fandom.com/wiki/Seeds/vi,terraria.fandom.com
3546,Selenian,https://terraria.fandom.com/wiki/Selenian,terraria.fandom.com
3547,Sensors,https://terraria.fandom.com/wiki/Sensors,terraria.fandom.com
3548,Sentry Summon Items,https://terraria.fandom.com/wiki/Sentry_Summon_Items,terraria.fandom.com
3549,Sentry Summon Items/row,https://terraria.fandom.com/wiki/Sentry_Summon_Items/row,terraria.fandom.com
3550,Sergeant United Shield,https://terraria.fandom.com/wiki/Sergeant_United_Shield,terraria.fandom.com
3551,Servant of Cthulhu,https://terraria.fandom.com/wiki/Servant_of_Cthulhu,terraria.fandom.com
3552,Servant of Ocram,https://terraria.fandom.com/wiki/Servant_of_Ocram,terraria.fandom.com
3553,Server,https://terraria.fandom.com/wiki/Server,terraria.fandom.com
3554,Server/yue,https://terraria.fandom.com/wiki/Server/yue,terraria.fandom.com
3555,Settings,https://terraria.fandom.com/wiki/Settings,terraria.fandom.com
3556,Sextant,https://terraria.fandom.com/wiki/Sextant,terraria.fandom.com
3557,Shackle,https://terraria.fandom.com/wiki/Shackle,terraria.fandom.com
3558,Shadewood,https://terraria.fandom.com/wiki/Shadewood,terraria.fandom.com
3559,Shadewood/cs,https://terraria.fandom.com/wiki/Shadewood/cs,terraria.fandom.com
3560,Shadewood Bow,https://terraria.fandom.com/wiki/Shadewood_Bow,terraria.fandom.com
3561,Shadewood Hammer,https://terraria.fandom.com/wiki/Shadewood_Hammer,terraria.fandom.com
3562,Shadewood Palm tree,https://terraria.fandom.com/wiki/Shadewood_Palm_tree,terraria.fandom.com
3563,Shadewood Sword,https://terraria.fandom.com/wiki/Shadewood_Sword,terraria.fandom.com
3564,Shadewood Wall,https://terraria.fandom.com/wiki/Shadewood_Wall,terraria.fandom.com
3565,Shadewood armor,https://terraria.fandom.com/wiki/Shadewood_armor,terraria.fandom.com
3566,Shadewood furniture,https://terraria.fandom.com/wiki/Shadewood_furniture,terraria.fandom.com
3567,Shadow,https://terraria.fandom.com/wiki/Shadow,terraria.fandom.com
3568,Shadow Candle,https://terraria.fandom.com/wiki/Shadow_Candle,terraria.fandom.com
3569,Shadow Chest,https://terraria.fandom.com/wiki/Shadow_Chest,terraria.fandom.com
3570,Shadow Dye,https://terraria.fandom.com/wiki/Shadow_Dye,terraria.fandom.com
3571,Shadow Jousting Lance,https://terraria.fandom.com/wiki/Shadow_Jousting_Lance,terraria.fandom.com
3572,Shadow Key,https://terraria.fandom.com/wiki/Shadow_Key,terraria.fandom.com
3573,Shadow Orb,https://terraria.fandom.com/wiki/Shadow_Orb,terraria.fandom.com
3574,Shadow Orb (item),https://terraria.fandom.com/wiki/Shadow_Orb_(item),terraria.fandom.com
3575,Shadow Scale,https://terraria.fandom.com/wiki/Shadow_Scale,terraria.fandom.com
3576,Shadow Scale/ja,https://terraria.fandom.com/wiki/Shadow_Scale/ja,terraria.fandom.com
3577,Shadow armor,https://terraria.fandom.com/wiki/Shadow_armor,terraria.fandom.com
3578,Shadowbeam Staff,https://terraria.fandom.com/wiki/Shadowbeam_Staff,terraria.fandom.com
3579,Shadowflame,https://terraria.fandom.com/wiki/Shadowflame,terraria.fandom.com
3580,Shadowflame Apparition,https://terraria.fandom.com/wiki/Shadowflame_Apparition,terraria.fandom.com
3581,Shadowflame Bow,https://terraria.fandom.com/wiki/Shadowflame_Bow,terraria.fandom.com
3582,Shadowflame Hades Dye,https://terraria.fandom.com/wiki/Shadowflame_Hades_Dye,terraria.fandom.com
3583,Shadowflame Hex Doll,https://terraria.fandom.com/wiki/Shadowflame_Hex_Doll,terraria.fandom.com
3584,Shadowflame Knife,https://terraria.fandom.com/wiki/Shadowflame_Knife,terraria.fandom.com
3585,Sharanga,https://terraria.fandom.com/wiki/Sharanga,terraria.fandom.com
3586,Shard,https://terraria.fandom.com/wiki/Shard,terraria.fandom.com
3587,Shark,https://terraria.fandom.com/wiki/Shark,terraria.fandom.com
3588,Shark/cs,https://terraria.fandom.com/wiki/Shark/cs,terraria.fandom.com
3589,Shark Bait,https://terraria.fandom.com/wiki/Shark_Bait,terraria.fandom.com
3590,Shark Fin,https://terraria.fandom.com/wiki/Shark_Fin,terraria.fandom.com
3591,Shark Tooth Necklace,https://terraria.fandom.com/wiki/Shark_Tooth_Necklace,terraria.fandom.com
3592,Sharkron,https://terraria.fandom.com/wiki/Sharkron,terraria.fandom.com
3593,Sharkron Balloon,https://terraria.fandom.com/wiki/Sharkron_Balloon,terraria.fandom.com
3594,Sharpening Station,https://terraria.fandom.com/wiki/Sharpening_Station,terraria.fandom.com
3595,Shell Pile,https://terraria.fandom.com/wiki/Shell_Pile,terraria.fandom.com
3596,Shell Pile/ja,https://terraria.fandom.com/wiki/Shell_Pile/ja,terraria.fandom.com
3597,Shellphone,https://terraria.fandom.com/wiki/Shellphone,terraria.fandom.com
3598,Shellphone/Crafting tree,https://terraria.fandom.com/wiki/Shellphone/Crafting_tree,terraria.fandom.com
3599,Shield of Cthulhu,https://terraria.fandom.com/wiki/Shield_of_Cthulhu,terraria.fandom.com
3600,Shields,https://terraria.fandom.com/wiki/Shields,terraria.fandom.com
3601,Shields/row,https://terraria.fandom.com/wiki/Shields/row,terraria.fandom.com
3602,Shifting Pearlsands Dye,https://terraria.fandom.com/wiki/Shifting_Pearlsands_Dye,terraria.fandom.com
3603,Shifting Sands Dye,https://terraria.fandom.com/wiki/Shifting_Sands_Dye,terraria.fandom.com
3604,Shimmer,https://terraria.fandom.com/wiki/Shimmer,terraria.fandom.com
3605,Shimmer/row,https://terraria.fandom.com/wiki/Shimmer/row,terraria.fandom.com
3606,Shimmer Arrow,https://terraria.fandom.com/wiki/Shimmer_Arrow,terraria.fandom.com
3607,Shimmer Flare,https://terraria.fandom.com/wiki/Shimmer_Flare,terraria.fandom.com
3608,Shimmer Slime,https://terraria.fandom.com/wiki/Shimmer_Slime,terraria.fandom.com
3609,Shimmering,https://terraria.fandom.com/wiki/Shimmering,terraria.fandom.com
3610,Shine Potion,https://terraria.fandom.com/wiki/Shine_Potion,terraria.fandom.com
3611,Shinobi Infiltrator armor,https://terraria.fandom.com/wiki/Shinobi_Infiltrator_armor,terraria.fandom.com
3612,Shiny Black Slab,https://terraria.fandom.com/wiki/Shiny_Black_Slab,terraria.fandom.com
3613,Shiny Red Balloon,https://terraria.fandom.com/wiki/Shiny_Red_Balloon,terraria.fandom.com
3614,Shiny Stone,https://terraria.fandom.com/wiki/Shiny_Stone,terraria.fandom.com
3615,Ship's Wheel,https://terraria.fandom.com/wiki/Ship%27s_Wheel,terraria.fandom.com
3616,Ship in a Bottle,https://terraria.fandom.com/wiki/Ship_in_a_Bottle,terraria.fandom.com
3617,Shiren set,https://terraria.fandom.com/wiki/Shiren_set,terraria.fandom.com
3618,Shiverthorn,https://terraria.fandom.com/wiki/Shiverthorn,terraria.fandom.com
3619,Shiverthorn Seeds,https://terraria.fandom.com/wiki/Shiverthorn_Seeds,terraria.fandom.com
3620,Shoe Spikes,https://terraria.fandom.com/wiki/Shoe_Spikes,terraria.fandom.com
3621,Shoe Spikes/cs,https://terraria.fandom.com/wiki/Shoe_Spikes/cs,terraria.fandom.com
3622,Shotgun,https://terraria.fandom.com/wiki/Shotgun,terraria.fandom.com
3623,Shrimp,https://terraria.fandom.com/wiki/Shrimp,terraria.fandom.com
3624,Shrimp Po' Boy,https://terraria.fandom.com/wiki/Shrimp_Po%27_Boy,terraria.fandom.com
3625,Shrimpy Truffle,https://terraria.fandom.com/wiki/Shrimpy_Truffle,terraria.fandom.com
3626,Shroomerang,https://terraria.fandom.com/wiki/Shroomerang,terraria.fandom.com
3627,Shroomite,https://terraria.fandom.com/wiki/Shroomite,terraria.fandom.com
3628,Shroomite Bar,https://terraria.fandom.com/wiki/Shroomite_Bar,terraria.fandom.com
3629,Shroomite Bar/vi,https://terraria.fandom.com/wiki/Shroomite_Bar/vi,terraria.fandom.com
3630,Shroomite Digging Claw,https://terraria.fandom.com/wiki/Shroomite_Digging_Claw,terraria.fandom.com
3631,Shroomite Plating,https://terraria.fandom.com/wiki/Shroomite_Plating,terraria.fandom.com
3632,Shroomite Plating Wall,https://terraria.fandom.com/wiki/Shroomite_Plating_Wall,terraria.fandom.com
3633,Shroomite armor,https://terraria.fandom.com/wiki/Shroomite_armor,terraria.fandom.com
3634,Shrub Star,https://terraria.fandom.com/wiki/Shrub_Star,terraria.fandom.com
3635,Shuriken,https://terraria.fandom.com/wiki/Shuriken,terraria.fandom.com
3636,Sickle,https://terraria.fandom.com/wiki/Sickle,terraria.fandom.com
3637,Sickle (disambiguation),https://terraria.fandom.com/wiki/Sickle_(disambiguation),terraria.fandom.com
3638,Sign,https://terraria.fandom.com/wiki/Sign,terraria.fandom.com
3639,Silenced,https://terraria.fandom.com/wiki/Silenced,terraria.fandom.com
3640,Silk,https://terraria.fandom.com/wiki/Silk,terraria.fandom.com
3641,Silly Balloon Machine,https://terraria.fandom.com/wiki/Silly_Balloon_Machine,terraria.fandom.com
3642,Silly Balloon Walls,https://terraria.fandom.com/wiki/Silly_Balloon_Walls,terraria.fandom.com
3643,Silly Balloons,https://terraria.fandom.com/wiki/Silly_Balloons,terraria.fandom.com
3644,Silly Sunflower set,https://terraria.fandom.com/wiki/Silly_Sunflower_set,terraria.fandom.com
3645,Silly Tied Balloons,https://terraria.fandom.com/wiki/Silly_Tied_Balloons,terraria.fandom.com
3646,Silly Tied Bundle of Balloons,https://terraria.fandom.com/wiki/Silly_Tied_Bundle_of_Balloons,terraria.fandom.com
3647,Silt Block,https://terraria.fandom.com/wiki/Silt_Block,terraria.fandom.com
3648,Silver,https://terraria.fandom.com/wiki/Silver,terraria.fandom.com
3649,Silver Axe,https://terraria.fandom.com/wiki/Silver_Axe,terraria.fandom.com
3650,Silver Axe/it,https://terraria.fandom.com/wiki/Silver_Axe/it,terraria.fandom.com
3651,Silver Axe/nl,https://terraria.fandom.com/wiki/Silver_Axe/nl,terraria.fandom.com
3652,Silver Bar,https://terraria.fandom.com/wiki/Silver_Bar,terraria.fandom.com
3653,Silver Bar/vi,https://terraria.fandom.com/wiki/Silver_Bar/vi,terraria.fandom.com
3654,Silver Bow,https://terraria.fandom.com/wiki/Silver_Bow,terraria.fandom.com
3655,Silver Brick,https://terraria.fandom.com/wiki/Silver_Brick,terraria.fandom.com
3656,Silver Brick Wall,https://terraria.fandom.com/wiki/Silver_Brick_Wall,terraria.fandom.com
3657,Silver Broadsword,https://terraria.fandom.com/wiki/Silver_Broadsword,terraria.fandom.com
3658,Silver Bullet,https://terraria.fandom.com/wiki/Silver_Bullet,terraria.fandom.com
3659,Silver Hammer,https://terraria.fandom.com/wiki/Silver_Hammer,terraria.fandom.com
3660,Silver Hammer/it,https://terraria.fandom.com/wiki/Silver_Hammer/it,terraria.fandom.com
3661,Silver Hammer/nl,https://terraria.fandom.com/wiki/Silver_Hammer/nl,terraria.fandom.com
3662,Silver Ore,https://terraria.fandom.com/wiki/Silver_Ore,terraria.fandom.com
3663,Silver Ore/vi,https://terraria.fandom.com/wiki/Silver_Ore/vi,terraria.fandom.com
3664,Silver Pickaxe,https://terraria.fandom.com/wiki/Silver_Pickaxe,terraria.fandom.com
3665,Silver Pickaxe/it,https://terraria.fandom.com/wiki/Silver_Pickaxe/it,terraria.fandom.com
3666,Silver Pickaxe/nl,https://terraria.fandom.com/wiki/Silver_Pickaxe/nl,terraria.fandom.com
3667,Silver Pickaxe/no,https://terraria.fandom.com/wiki/Silver_Pickaxe/no,terraria.fandom.com
3668,Silver Pickaxe/tr,https://terraria.fandom.com/wiki/Silver_Pickaxe/tr,terraria.fandom.com
3669,Silver Shortsword,https://terraria.fandom.com/wiki/Silver_Shortsword,terraria.fandom.com
3670,Silver Watch,https://terraria.fandom.com/wiki/Silver_Watch,terraria.fandom.com
3671,Silver armor,https://terraria.fandom.com/wiki/Silver_armor,terraria.fandom.com
3672,Sinks,https://terraria.fandom.com/wiki/Sinks,terraria.fandom.com
3673,Sinks/resultcell,https://terraria.fandom.com/wiki/Sinks/resultcell,terraria.fandom.com
3674,Skeleton,https://terraria.fandom.com/wiki/Skeleton,terraria.fandom.com
3675,Skeleton/cs,https://terraria.fandom.com/wiki/Skeleton/cs,terraria.fandom.com
3676,Skeleton Archer,https://terraria.fandom.com/wiki/Skeleton_Archer,terraria.fandom.com
3677,Skeleton Commando,https://terraria.fandom.com/wiki/Skeleton_Commando,terraria.fandom.com
3678,Skeleton Merchant,https://terraria.fandom.com/wiki/Skeleton_Merchant,terraria.fandom.com
3679,Skeleton Sniper,https://terraria.fandom.com/wiki/Skeleton_Sniper,terraria.fandom.com
3680,Skeletron,https://terraria.fandom.com/wiki/Skeletron,terraria.fandom.com
3681,Skeletron/cs,https://terraria.fandom.com/wiki/Skeletron/cs,terraria.fandom.com
3682,Skeletron/nl,https://terraria.fandom.com/wiki/Skeletron/nl,terraria.fandom.com
3683,Skeletron Prime,https://terraria.fandom.com/wiki/Skeletron_Prime,terraria.fandom.com
3684,Skeletron Prime/nl,https://terraria.fandom.com/wiki/Skeletron_Prime/nl,terraria.fandom.com
3685,Skiphs' Blood,https://terraria.fandom.com/wiki/Skiphs%27_Blood,terraria.fandom.com
3686,Skiphs' set,https://terraria.fandom.com/wiki/Skiphs%27_set,terraria.fandom.com
3687,Skull,https://terraria.fandom.com/wiki/Skull,terraria.fandom.com
3688,Skull Bow,https://terraria.fandom.com/wiki/Skull_Bow,terraria.fandom.com
3689,Skull Lantern,https://terraria.fandom.com/wiki/Skull_Lantern,terraria.fandom.com
3690,Sky Blue Flower,https://terraria.fandom.com/wiki/Sky_Blue_Flower,terraria.fandom.com
3691,Sky Crate,https://terraria.fandom.com/wiki/Sky_Crate,terraria.fandom.com
3692,Sky Dragon's Fury,https://terraria.fandom.com/wiki/Sky_Dragon%27s_Fury,terraria.fandom.com
3693,Sky Fracture,https://terraria.fandom.com/wiki/Sky_Fracture,terraria.fandom.com
3694,Sky Mill,https://terraria.fandom.com/wiki/Sky_Mill,terraria.fandom.com
3695,Skyware Chest,https://terraria.fandom.com/wiki/Skyware_Chest,terraria.fandom.com
3696,Skyware furniture,https://terraria.fandom.com/wiki/Skyware_furniture,terraria.fandom.com
3697,Slap Hand,https://terraria.fandom.com/wiki/Slap_Hand,terraria.fandom.com
3698,Sleepy Octopod,https://terraria.fandom.com/wiki/Sleepy_Octopod,terraria.fandom.com
3699,Slice of Cake,https://terraria.fandom.com/wiki/Slice_of_Cake,terraria.fandom.com
3700,Slice of Hell Cake,https://terraria.fandom.com/wiki/Slice_of_Hell_Cake,terraria.fandom.com
3701,Slime AI,https://terraria.fandom.com/wiki/Slime_AI,terraria.fandom.com
3702,Slime Banner,https://terraria.fandom.com/wiki/Slime_Banner,terraria.fandom.com
3703,Slime Block,https://terraria.fandom.com/wiki/Slime_Block,terraria.fandom.com
3704,Slime Block Wall,https://terraria.fandom.com/wiki/Slime_Block_Wall,terraria.fandom.com
3705,Slime Crown,https://terraria.fandom.com/wiki/Slime_Crown,terraria.fandom.com
3706,Slime Gun,https://terraria.fandom.com/wiki/Slime_Gun,terraria.fandom.com
3707,Slime Rain,https://terraria.fandom.com/wiki/Slime_Rain,terraria.fandom.com
3708,Slime Rain/ja,https://terraria.fandom.com/wiki/Slime_Rain/ja,terraria.fandom.com
3709,Slime Staff,https://terraria.fandom.com/wiki/Slime_Staff,terraria.fandom.com
3710,Slime furniture,https://terraria.fandom.com/wiki/Slime_furniture,terraria.fandom.com
3711,Slimeling,https://terraria.fandom.com/wiki/Slimeling,terraria.fandom.com
3712,Slimer,https://terraria.fandom.com/wiki/Slimer,terraria.fandom.com
3713,Slimes,https://terraria.fandom.com/wiki/Slimes,terraria.fandom.com
3714,Slimes/cs,https://terraria.fandom.com/wiki/Slimes/cs,terraria.fandom.com
3715,Slimes/row,https://terraria.fandom.com/wiki/Slimes/row,terraria.fandom.com
3716,Slimes/row0,https://terraria.fandom.com/wiki/Slimes/row0,terraria.fandom.com
3717,Slimes/row1,https://terraria.fandom.com/wiki/Slimes/row1,terraria.fandom.com
3718,Slimy Saddle,https://terraria.fandom.com/wiki/Slimy_Saddle,terraria.fandom.com
3719,Slow,https://terraria.fandom.com/wiki/Slow,terraria.fandom.com
3720,Sluggy,https://terraria.fandom.com/wiki/Sluggy,terraria.fandom.com
3721,Slush Block,https://terraria.fandom.com/wiki/Slush_Block,terraria.fandom.com
3722,Smoke,https://terraria.fandom.com/wiki/Smoke,terraria.fandom.com
3723,Smoke Block,https://terraria.fandom.com/wiki/Smoke_Block,terraria.fandom.com
3724,Smoke Bomb,https://terraria.fandom.com/wiki/Smoke_Bomb,terraria.fandom.com
3725,Smooth Granite Block,https://terraria.fandom.com/wiki/Smooth_Granite_Block,terraria.fandom.com
3726,Smooth Granite Block/it,https://terraria.fandom.com/wiki/Smooth_Granite_Block/it,terraria.fandom.com
3727,Smooth Granite Wall,https://terraria.fandom.com/wiki/Smooth_Granite_Wall,terraria.fandom.com
3728,Smooth Granite Wall/it,https://terraria.fandom.com/wiki/Smooth_Granite_Wall/it,terraria.fandom.com
3729,Smooth Marble Block,https://terraria.fandom.com/wiki/Smooth_Marble_Block,terraria.fandom.com
3730,Smooth Marble Wall,https://terraria.fandom.com/wiki/Smooth_Marble_Wall,terraria.fandom.com
3731,Smooth Sandstone,https://terraria.fandom.com/wiki/Smooth_Sandstone,terraria.fandom.com
3732,Smooth Sandstone Wall,https://terraria.fandom.com/wiki/Smooth_Sandstone_Wall,terraria.fandom.com
3733,Smoothie of Darkness,https://terraria.fandom.com/wiki/Smoothie_of_Darkness,terraria.fandom.com
3734,Snail,https://terraria.fandom.com/wiki/Snail,terraria.fandom.com
3735,Snake Charmer's Flute,https://terraria.fandom.com/wiki/Snake_Charmer%27s_Flute,terraria.fandom.com
3736,Snapthorn,https://terraria.fandom.com/wiki/Snapthorn,terraria.fandom.com
3737,Snatcher,https://terraria.fandom.com/wiki/Snatcher,terraria.fandom.com
3738,Sniper Rifle,https://terraria.fandom.com/wiki/Sniper_Rifle,terraria.fandom.com
3739,Sniper Scope,https://terraria.fandom.com/wiki/Sniper_Scope,terraria.fandom.com
3740,Sniper Scope/Crafting tree,https://terraria.fandom.com/wiki/Sniper_Scope/Crafting_tree,terraria.fandom.com
3741,Snow Balla,https://terraria.fandom.com/wiki/Snow_Balla,terraria.fandom.com
3742,Snow Block,https://terraria.fandom.com/wiki/Snow_Block,terraria.fandom.com
3743,Snow Brick,https://terraria.fandom.com/wiki/Snow_Brick,terraria.fandom.com
3744,Snow Brick Wall,https://terraria.fandom.com/wiki/Snow_Brick_Wall,terraria.fandom.com
3745,Snow Cloud,https://terraria.fandom.com/wiki/Snow_Cloud,terraria.fandom.com
3746,Snow Flinx,https://terraria.fandom.com/wiki/Snow_Flinx,terraria.fandom.com
3747,Snow Globe,https://terraria.fandom.com/wiki/Snow_Globe,terraria.fandom.com
3748,Snow Hat,https://terraria.fandom.com/wiki/Snow_Hat,terraria.fandom.com
3749,Snow Wall,https://terraria.fandom.com/wiki/Snow_Wall,terraria.fandom.com
3750,Snow armor,https://terraria.fandom.com/wiki/Snow_armor,terraria.fandom.com
3751,Snow biome,https://terraria.fandom.com/wiki/Snow_biome,terraria.fandom.com
3752,Snow biome/cs,https://terraria.fandom.com/wiki/Snow_biome/cs,terraria.fandom.com
3753,Snow biome/lv,https://terraria.fandom.com/wiki/Snow_biome/lv,terraria.fandom.com
3754,Snow biome/tr,https://terraria.fandom.com/wiki/Snow_biome/tr,terraria.fandom.com
3755,Snow biome/vi,https://terraria.fandom.com/wiki/Snow_biome/vi,terraria.fandom.com
3756,Snowball,https://terraria.fandom.com/wiki/Snowball,terraria.fandom.com
3757,Snowball/tr,https://terraria.fandom.com/wiki/Snowball/tr,terraria.fandom.com
3758,Snowball Cannon,https://terraria.fandom.com/wiki/Snowball_Cannon,terraria.fandom.com
3759,Snowball Launcher,https://terraria.fandom.com/wiki/Snowball_Launcher,terraria.fandom.com
3760,Snowfall Block,https://terraria.fandom.com/wiki/Snowfall_Block,terraria.fandom.com
3761,Snowfall Wall,https://terraria.fandom.com/wiki/Snowfall_Wall,terraria.fandom.com
3762,Snowman Cannon,https://terraria.fandom.com/wiki/Snowman_Cannon,terraria.fandom.com
3763,Snowman Gangsta,https://terraria.fandom.com/wiki/Snowman_Gangsta,terraria.fandom.com
3764,Soaring Insignia,https://terraria.fandom.com/wiki/Soaring_Insignia,terraria.fandom.com
3765,Social slots,https://terraria.fandom.com/wiki/Social_slots,terraria.fandom.com
3766,Sofas,https://terraria.fandom.com/wiki/Sofas,terraria.fandom.com
3767,Sofas/resultcell,https://terraria.fandom.com/wiki/Sofas/resultcell,terraria.fandom.com
3768,Soils,https://terraria.fandom.com/wiki/Soils,terraria.fandom.com
3769,Soils/cs,https://terraria.fandom.com/wiki/Soils/cs,terraria.fandom.com
3770,Soils/nl,https://terraria.fandom.com/wiki/Soils/nl,terraria.fandom.com
3771,Soils/tr,https://terraria.fandom.com/wiki/Soils/tr,terraria.fandom.com
3772,Soils/vi,https://terraria.fandom.com/wiki/Soils/vi,terraria.fandom.com
3773,Solar,https://terraria.fandom.com/wiki/Solar,terraria.fandom.com
3774,Solar Brick,https://terraria.fandom.com/wiki/Solar_Brick,terraria.fandom.com
3775,Solar Brick Wall,https://terraria.fandom.com/wiki/Solar_Brick_Wall,terraria.fandom.com
3776,Solar Dye,https://terraria.fandom.com/wiki/Solar_Dye,terraria.fandom.com
3777,Solar Eclipse,https://terraria.fandom.com/wiki/Solar_Eclipse,terraria.fandom.com
3778,Solar Eclipse/ar,https://terraria.fandom.com/wiki/Solar_Eclipse/ar,terraria.fandom.com
3779,Solar Eclipse/cs,https://terraria.fandom.com/wiki/Solar_Eclipse/cs,terraria.fandom.com
3780,Solar Eclipse/lt,https://terraria.fandom.com/wiki/Solar_Eclipse/lt,terraria.fandom.com
3781,Solar Eruption,https://terraria.fandom.com/wiki/Solar_Eruption,terraria.fandom.com
3782,Solar Flare,https://terraria.fandom.com/wiki/Solar_Flare,terraria.fandom.com
3783,Solar Flare armor,https://terraria.fandom.com/wiki/Solar_Flare_armor,terraria.fandom.com
3784,Solar Fragment,https://terraria.fandom.com/wiki/Solar_Fragment,terraria.fandom.com
3785,Solar Fragment (NPC),https://terraria.fandom.com/wiki/Solar_Fragment_(NPC),terraria.fandom.com
3786,Solar Fragment Block,https://terraria.fandom.com/wiki/Solar_Fragment_Block,terraria.fandom.com
3787,Solar Tablet,https://terraria.fandom.com/wiki/Solar_Tablet,terraria.fandom.com
3788,Solar Tablet Fragment,https://terraria.fandom.com/wiki/Solar_Tablet_Fragment,terraria.fandom.com
3789,Solar furniture,https://terraria.fandom.com/wiki/Solar_furniture,terraria.fandom.com
3790,Solidifier,https://terraria.fandom.com/wiki/Solidifier,terraria.fandom.com
3791,Solutions,https://terraria.fandom.com/wiki/Solutions,terraria.fandom.com
3792,Sonar Potion,https://terraria.fandom.com/wiki/Sonar_Potion,terraria.fandom.com
3793,Sorcerer Emblem,https://terraria.fandom.com/wiki/Sorcerer_Emblem,terraria.fandom.com
3794,Soul Scythe,https://terraria.fandom.com/wiki/Soul_Scythe,terraria.fandom.com
3795,Soul of Blight,https://terraria.fandom.com/wiki/Soul_of_Blight,terraria.fandom.com
3796,Soul of Flight,https://terraria.fandom.com/wiki/Soul_of_Flight,terraria.fandom.com
3797,Soul of Fright,https://terraria.fandom.com/wiki/Soul_of_Fright,terraria.fandom.com
3798,Soul of Light,https://terraria.fandom.com/wiki/Soul_of_Light,terraria.fandom.com
3799,Soul of Might,https://terraria.fandom.com/wiki/Soul_of_Might,terraria.fandom.com
3800,Soul of Might/nl,https://terraria.fandom.com/wiki/Soul_of_Might/nl,terraria.fandom.com
3801,Soul of Night,https://terraria.fandom.com/wiki/Soul_of_Night,terraria.fandom.com
3802,Soul of Sight,https://terraria.fandom.com/wiki/Soul_of_Sight,terraria.fandom.com
3803,Souls,https://terraria.fandom.com/wiki/Souls,terraria.fandom.com
3804,Sound IDs,https://terraria.fandom.com/wiki/Sound_IDs,terraria.fandom.com
3805,Sound IDs/row,https://terraria.fandom.com/wiki/Sound_IDs/row,terraria.fandom.com
3806,Soup,https://terraria.fandom.com/wiki/Soup,terraria.fandom.com
3807,Space,https://terraria.fandom.com/wiki/Space,terraria.fandom.com
3808,Space Creature set,https://terraria.fandom.com/wiki/Space_Creature_set,terraria.fandom.com
3809,Space Gun,https://terraria.fandom.com/wiki/Space_Gun,terraria.fandom.com
3810,Spaghetti,https://terraria.fandom.com/wiki/Spaghetti,terraria.fandom.com
3811,Sparkle Slime Balloon,https://terraria.fandom.com/wiki/Sparkle_Slime_Balloon,terraria.fandom.com
3812,Sparkling Honey,https://terraria.fandom.com/wiki/Sparkling_Honey,terraria.fandom.com
3813,Spawn,https://terraria.fandom.com/wiki/Spawn,terraria.fandom.com
3814,Spawn/bg,https://terraria.fandom.com/wiki/Spawn/bg,terraria.fandom.com
3815,Spawn/ja,https://terraria.fandom.com/wiki/Spawn/ja,terraria.fandom.com
3816,Spear,https://terraria.fandom.com/wiki/Spear,terraria.fandom.com
3817,Spear Trap,https://terraria.fandom.com/wiki/Spear_Trap,terraria.fandom.com
3818,Spears,https://terraria.fandom.com/wiki/Spears,terraria.fandom.com
3819,Spears/row,https://terraria.fandom.com/wiki/Spears/row,terraria.fandom.com
3820,Spectral,https://terraria.fandom.com/wiki/Spectral,terraria.fandom.com
3821,Spectral Arrow,https://terraria.fandom.com/wiki/Spectral_Arrow,terraria.fandom.com
3822,Spectral armor,https://terraria.fandom.com/wiki/Spectral_armor,terraria.fandom.com
3823,Spectre,https://terraria.fandom.com/wiki/Spectre,terraria.fandom.com
3824,Spectre Bar,https://terraria.fandom.com/wiki/Spectre_Bar,terraria.fandom.com
3825,Spectre Bar/vi,https://terraria.fandom.com/wiki/Spectre_Bar/vi,terraria.fandom.com
3826,Spectre Boots,https://terraria.fandom.com/wiki/Spectre_Boots,terraria.fandom.com
3827,Spectre Goggles,https://terraria.fandom.com/wiki/Spectre_Goggles,terraria.fandom.com
3828,Spectre Hamaxe,https://terraria.fandom.com/wiki/Spectre_Hamaxe,terraria.fandom.com
3829,Spectre Paint Roller,https://terraria.fandom.com/wiki/Spectre_Paint_Roller,terraria.fandom.com
3830,Spectre Paint Scraper,https://terraria.fandom.com/wiki/Spectre_Paint_Scraper,terraria.fandom.com
3831,Spectre Paintbrush,https://terraria.fandom.com/wiki/Spectre_Paintbrush,terraria.fandom.com
3832,Spectre Pickaxe,https://terraria.fandom.com/wiki/Spectre_Pickaxe,terraria.fandom.com
3833,Spectre Staff,https://terraria.fandom.com/wiki/Spectre_Staff,terraria.fandom.com
3834,Spectre armor,https://terraria.fandom.com/wiki/Spectre_armor,terraria.fandom.com
3835,Spectre tools,https://terraria.fandom.com/wiki/Spectre_tools,terraria.fandom.com
3836,Specular Fish,https://terraria.fandom.com/wiki/Specular_Fish,terraria.fandom.com
3837,Speed,https://terraria.fandom.com/wiki/Speed,terraria.fandom.com
3838,Spell Books,https://terraria.fandom.com/wiki/Spell_Books,terraria.fandom.com
3839,Spell Books/row,https://terraria.fandom.com/wiki/Spell_Books/row,terraria.fandom.com
3840,Spell Tome,https://terraria.fandom.com/wiki/Spell_Tome,terraria.fandom.com
3841,Spelunker Glowstick,https://terraria.fandom.com/wiki/Spelunker_Glowstick,terraria.fandom.com
3842,Spelunker Potion,https://terraria.fandom.com/wiki/Spelunker_Potion,terraria.fandom.com
3843,Spicy Pepper,https://terraria.fandom.com/wiki/Spicy_Pepper,terraria.fandom.com
3844,Spider,https://terraria.fandom.com/wiki/Spider,terraria.fandom.com
3845,Spider Egg,https://terraria.fandom.com/wiki/Spider_Egg,terraria.fandom.com
3846,Spider Fang,https://terraria.fandom.com/wiki/Spider_Fang,terraria.fandom.com
3847,Spider Nest,https://terraria.fandom.com/wiki/Spider_Nest,terraria.fandom.com
3848,Spider Nest Block,https://terraria.fandom.com/wiki/Spider_Nest_Block,terraria.fandom.com
3849,Spider Nest Wall,https://terraria.fandom.com/wiki/Spider_Nest_Wall,terraria.fandom.com
3850,Spider Staff,https://terraria.fandom.com/wiki/Spider_Staff,terraria.fandom.com
3851,Spider Wall,https://terraria.fandom.com/wiki/Spider_Wall,terraria.fandom.com
3852,Spider armor,https://terraria.fandom.com/wiki/Spider_armor,terraria.fandom.com
3853,Spider furniture,https://terraria.fandom.com/wiki/Spider_furniture,terraria.fandom.com
3854,Spiffo Plush,https://terraria.fandom.com/wiki/Spiffo_Plush,terraria.fandom.com
3855,Spike,https://terraria.fandom.com/wiki/Spike,terraria.fandom.com
3856,Spike Ball,https://terraria.fandom.com/wiki/Spike_Ball,terraria.fandom.com
3857,Spiked Ice Slime,https://terraria.fandom.com/wiki/Spiked_Ice_Slime,terraria.fandom.com
3858,Spiked Jungle Slime,https://terraria.fandom.com/wiki/Spiked_Jungle_Slime,terraria.fandom.com
3859,Spiked Slime,https://terraria.fandom.com/wiki/Spiked_Slime,terraria.fandom.com
3860,Spiky Ball,https://terraria.fandom.com/wiki/Spiky_Ball,terraria.fandom.com
3861,Spiky Ball Trap,https://terraria.fandom.com/wiki/Spiky_Ball_Trap,terraria.fandom.com
3862,Spinal Tap,https://terraria.fandom.com/wiki/Spinal_Tap,terraria.fandom.com
3863,Spirit Flame,https://terraria.fandom.com/wiki/Spirit_Flame,terraria.fandom.com
3864,Splinterling,https://terraria.fandom.com/wiki/Splinterling,terraria.fandom.com
3865,Spooky Twig,https://terraria.fandom.com/wiki/Spooky_Twig,terraria.fandom.com
3866,Spooky Wood,https://terraria.fandom.com/wiki/Spooky_Wood,terraria.fandom.com
3867,Spooky Wood Wall,https://terraria.fandom.com/wiki/Spooky_Wood_Wall,terraria.fandom.com
3868,Spooky armor,https://terraria.fandom.com/wiki/Spooky_armor,terraria.fandom.com
3869,Spooky furniture,https://terraria.fandom.com/wiki/Spooky_furniture,terraria.fandom.com
3870,Spore Bat,https://terraria.fandom.com/wiki/Spore_Bat,terraria.fandom.com
3871,Spore Sac,https://terraria.fandom.com/wiki/Spore_Sac,terraria.fandom.com
3872,Spore Skeleton,https://terraria.fandom.com/wiki/Spore_Skeleton,terraria.fandom.com
3873,Spore Zombie,https://terraria.fandom.com/wiki/Spore_Zombie,terraria.fandom.com
3874,Sports,https://terraria.fandom.com/wiki/Sports,terraria.fandom.com
3875,Sprinting accessories,https://terraria.fandom.com/wiki/Sprinting_accessories,terraria.fandom.com
3876,Squid,https://terraria.fandom.com/wiki/Squid,terraria.fandom.com
3877,Squire's Shield,https://terraria.fandom.com/wiki/Squire%27s_Shield,terraria.fandom.com
3878,Squire armor,https://terraria.fandom.com/wiki/Squire_armor,terraria.fandom.com
3879,Squirrel,https://terraria.fandom.com/wiki/Squirrel,terraria.fandom.com
3880,Squirrel Hook,https://terraria.fandom.com/wiki/Squirrel_Hook,terraria.fandom.com
3881,Sroller,https://terraria.fandom.com/wiki/Sroller,terraria.fandom.com
3882,St. Patrick's Day,https://terraria.fandom.com/wiki/St._Patrick%27s_Day,terraria.fandom.com
3883,Staff,https://terraria.fandom.com/wiki/Staff,terraria.fandom.com
3884,Staff of Earth,https://terraria.fandom.com/wiki/Staff_of_Earth,terraria.fandom.com
3885,Staff of Regrowth,https://terraria.fandom.com/wiki/Staff_of_Regrowth,terraria.fandom.com
3886,Staff of the Frost Hydra,https://terraria.fandom.com/wiki/Staff_of_the_Frost_Hydra,terraria.fandom.com
3887,Stained Glass,https://terraria.fandom.com/wiki/Stained_Glass,terraria.fandom.com
3888,Stake,https://terraria.fandom.com/wiki/Stake,terraria.fandom.com
3889,Stake Launcher,https://terraria.fandom.com/wiki/Stake_Launcher,terraria.fandom.com
3890,Stalker's Quiver,https://terraria.fandom.com/wiki/Stalker%27s_Quiver,terraria.fandom.com
3891,Star,https://terraria.fandom.com/wiki/Star,terraria.fandom.com
3892,Star/cs,https://terraria.fandom.com/wiki/Star/cs,terraria.fandom.com
3893,Star Anise,https://terraria.fandom.com/wiki/Star_Anise,terraria.fandom.com
3894,Star Cannon,https://terraria.fandom.com/wiki/Star_Cannon,terraria.fandom.com
3895,Star Cell,https://terraria.fandom.com/wiki/Star_Cell,terraria.fandom.com
3896,Star Cloak,https://terraria.fandom.com/wiki/Star_Cloak,terraria.fandom.com
3897,Star Fruit,https://terraria.fandom.com/wiki/Star_Fruit,terraria.fandom.com
3898,Star Hairpin,https://terraria.fandom.com/wiki/Star_Hairpin,terraria.fandom.com
3899,Star Merchant,https://terraria.fandom.com/wiki/Star_Merchant,terraria.fandom.com
3900,Star Merchant/sandbox,https://terraria.fandom.com/wiki/Star_Merchant/sandbox,terraria.fandom.com
3901,Star Princess set,https://terraria.fandom.com/wiki/Star_Princess_set,terraria.fandom.com
3902,Star Royale Brick,https://terraria.fandom.com/wiki/Star_Royale_Brick,terraria.fandom.com
3903,Star Royale Brick Wall,https://terraria.fandom.com/wiki/Star_Royale_Brick_Wall,terraria.fandom.com
3904,Star Veil,https://terraria.fandom.com/wiki/Star_Veil,terraria.fandom.com
3905,Star Warden,https://terraria.fandom.com/wiki/Star_Warden,terraria.fandom.com
3906,Star Wrath,https://terraria.fandom.com/wiki/Star_Wrath,terraria.fandom.com
3907,Star Wrath/tr,https://terraria.fandom.com/wiki/Star_Wrath/tr,terraria.fandom.com
3908,Star in a Bottle,https://terraria.fandom.com/wiki/Star_in_a_Bottle,terraria.fandom.com
3909,Stardrop,https://terraria.fandom.com/wiki/Stardrop,terraria.fandom.com
3910,Stardust,https://terraria.fandom.com/wiki/Stardust,terraria.fandom.com
3911,Stardust Brick,https://terraria.fandom.com/wiki/Stardust_Brick,terraria.fandom.com
3912,Stardust Brick Wall,https://terraria.fandom.com/wiki/Stardust_Brick_Wall,terraria.fandom.com
3913,Stardust Cell Staff,https://terraria.fandom.com/wiki/Stardust_Cell_Staff,terraria.fandom.com
3914,Stardust Dragon Staff,https://terraria.fandom.com/wiki/Stardust_Dragon_Staff,terraria.fandom.com
3915,Stardust Dye,https://terraria.fandom.com/wiki/Stardust_Dye,terraria.fandom.com
3916,Stardust Fragment,https://terraria.fandom.com/wiki/Stardust_Fragment,terraria.fandom.com
3917,Stardust Fragment Block,https://terraria.fandom.com/wiki/Stardust_Fragment_Block,terraria.fandom.com
3918,Stardust armor,https://terraria.fandom.com/wiki/Stardust_armor,terraria.fandom.com
3919,Stardust furniture,https://terraria.fandom.com/wiki/Stardust_furniture,terraria.fandom.com
3920,Starfury,https://terraria.fandom.com/wiki/Starfury,terraria.fandom.com
3921,Stargazer,https://terraria.fandom.com/wiki/Stargazer,terraria.fandom.com
3922,Starlight,https://terraria.fandom.com/wiki/Starlight,terraria.fandom.com
3923,Starlight/ja,https://terraria.fandom.com/wiki/Starlight/ja,terraria.fandom.com
3924,Static Hook,https://terraria.fandom.com/wiki/Static_Hook,terraria.fandom.com
3925,Station,https://terraria.fandom.com/wiki/Station,terraria.fandom.com
3926,Statues,https://terraria.fandom.com/wiki/Statues,terraria.fandom.com
3927,Statues/critter statue recipe,https://terraria.fandom.com/wiki/Statues/critter_statue_recipe,terraria.fandom.com
3928,Statues/cs,https://terraria.fandom.com/wiki/Statues/cs,terraria.fandom.com
3929,Statues/statue,https://terraria.fandom.com/wiki/Statues/statue,terraria.fandom.com
3930,Status messages,https://terraria.fandom.com/wiki/Status_messages,terraria.fandom.com
3931,Steak,https://terraria.fandom.com/wiki/Steak,terraria.fandom.com
3932,Steam Trading Cards,https://terraria.fandom.com/wiki/Steam_Trading_Cards,terraria.fandom.com
3933,Steampunk,https://terraria.fandom.com/wiki/Steampunk,terraria.fandom.com
3934,Steampunk Boiler,https://terraria.fandom.com/wiki/Steampunk_Boiler,terraria.fandom.com
3935,Steampunk Goggles,https://terraria.fandom.com/wiki/Steampunk_Goggles,terraria.fandom.com
3936,Steampunk furniture,https://terraria.fandom.com/wiki/Steampunk_furniture,terraria.fandom.com
3937,Steampunk set,https://terraria.fandom.com/wiki/Steampunk_set,terraria.fandom.com
3938,Steampunker,https://terraria.fandom.com/wiki/Steampunker,terraria.fandom.com
3939,Stellar Tune,https://terraria.fandom.com/wiki/Stellar_Tune,terraria.fandom.com
3940,Step Stool,https://terraria.fandom.com/wiki/Step_Stool,terraria.fandom.com
3941,Sticky Bomb,https://terraria.fandom.com/wiki/Sticky_Bomb,terraria.fandom.com
3942,Sticky Dirt Bomb,https://terraria.fandom.com/wiki/Sticky_Dirt_Bomb,terraria.fandom.com
3943,Sticky Dynamite,https://terraria.fandom.com/wiki/Sticky_Dynamite,terraria.fandom.com
3944,Sticky Glowstick,https://terraria.fandom.com/wiki/Sticky_Glowstick,terraria.fandom.com
3945,Sticky Grenade,https://terraria.fandom.com/wiki/Sticky_Grenade,terraria.fandom.com
3946,Stinger,https://terraria.fandom.com/wiki/Stinger,terraria.fandom.com
3947,Stinger Necklace,https://terraria.fandom.com/wiki/Stinger_Necklace,terraria.fandom.com
3948,Stink Potion,https://terraria.fandom.com/wiki/Stink_Potion,terraria.fandom.com
3949,Stinkbug,https://terraria.fandom.com/wiki/Stinkbug,terraria.fandom.com
3950,Stinkbug Blocker,https://terraria.fandom.com/wiki/Stinkbug_Blocker,terraria.fandom.com
3951,Stinkfish,https://terraria.fandom.com/wiki/Stinkfish,terraria.fandom.com
3952,Stockade Crate,https://terraria.fandom.com/wiki/Stockade_Crate,terraria.fandom.com
3953,Stone (disambiguation),https://terraria.fandom.com/wiki/Stone_(disambiguation),terraria.fandom.com
3954,Stone Accent Slab,https://terraria.fandom.com/wiki/Stone_Accent_Slab,terraria.fandom.com
3955,Stone Block,https://terraria.fandom.com/wiki/Stone_Block,terraria.fandom.com
3956,Stone Block/cs,https://terraria.fandom.com/wiki/Stone_Block/cs,terraria.fandom.com
3957,Stone Slab,https://terraria.fandom.com/wiki/Stone_Slab,terraria.fandom.com
3958,Stone Slab Wall,https://terraria.fandom.com/wiki/Stone_Slab_Wall,terraria.fandom.com
3959,Stone Wall,https://terraria.fandom.com/wiki/Stone_Wall,terraria.fandom.com
3960,Stoned,https://terraria.fandom.com/wiki/Stoned,terraria.fandom.com
3961,Stopwatch,https://terraria.fandom.com/wiki/Stopwatch,terraria.fandom.com
3962,Storage items,https://terraria.fandom.com/wiki/Storage_items,terraria.fandom.com
3963,Storm Diver,https://terraria.fandom.com/wiki/Storm_Diver,terraria.fandom.com
3964,Storm Spear,https://terraria.fandom.com/wiki/Storm_Spear,terraria.fandom.com
3965,Strange Brew,https://terraria.fandom.com/wiki/Strange_Brew,terraria.fandom.com
3966,Strange Glowing Mushroom,https://terraria.fandom.com/wiki/Strange_Glowing_Mushroom,terraria.fandom.com
3967,Strange Plant,https://terraria.fandom.com/wiki/Strange_Plant,terraria.fandom.com
3968,Streamer items,https://terraria.fandom.com/wiki/Streamer_items,terraria.fandom.com
3969,Streamers,https://terraria.fandom.com/wiki/Streamers,terraria.fandom.com
3970,Striking Moment,https://terraria.fandom.com/wiki/Striking_Moment,terraria.fandom.com
3971,Strings,https://terraria.fandom.com/wiki/Strings,terraria.fandom.com
3972,Strings/resultcell,https://terraria.fandom.com/wiki/Strings/resultcell,terraria.fandom.com
3973,Stucco,https://terraria.fandom.com/wiki/Stucco,terraria.fandom.com
3974,Stucco Walls,https://terraria.fandom.com/wiki/Stucco_Walls,terraria.fandom.com
3975,Sturdy Fossil,https://terraria.fandom.com/wiki/Sturdy_Fossil,terraria.fandom.com
3976,Styles,https://terraria.fandom.com/wiki/Styles,terraria.fandom.com
3977,Stylish Scissors,https://terraria.fandom.com/wiki/Stylish_Scissors,terraria.fandom.com
3978,Stylist,https://terraria.fandom.com/wiki/Stylist,terraria.fandom.com
3979,Stynger,https://terraria.fandom.com/wiki/Stynger,terraria.fandom.com
3980,Stynger Bolt,https://terraria.fandom.com/wiki/Stynger_Bolt,terraria.fandom.com
3981,Suffocation,https://terraria.fandom.com/wiki/Suffocation,terraria.fandom.com
3982,Sugar Cookie,https://terraria.fandom.com/wiki/Sugar_Cookie,terraria.fandom.com
3983,Summer Hat,https://terraria.fandom.com/wiki/Summer_Hat,terraria.fandom.com
3984,Summon weapons,https://terraria.fandom.com/wiki/Summon_weapons,terraria.fandom.com
3985,Summoned Blocks,https://terraria.fandom.com/wiki/Summoned_Blocks,terraria.fandom.com
3986,Summoner Emblem,https://terraria.fandom.com/wiki/Summoner_Emblem,terraria.fandom.com
3987,Summoning Potion,https://terraria.fandom.com/wiki/Summoning_Potion,terraria.fandom.com
3988,Sun Mask,https://terraria.fandom.com/wiki/Sun_Mask,terraria.fandom.com
3989,Sun Stone,https://terraria.fandom.com/wiki/Sun_Stone,terraria.fandom.com
3990,Sunflower,https://terraria.fandom.com/wiki/Sunflower,terraria.fandom.com
3991,Sunfury,https://terraria.fandom.com/wiki/Sunfury,terraria.fandom.com
3992,Sunglasses,https://terraria.fandom.com/wiki/Sunglasses,terraria.fandom.com
3993,Sunplate Block,https://terraria.fandom.com/wiki/Sunplate_Block,terraria.fandom.com
3994,Super,https://terraria.fandom.com/wiki/Super,terraria.fandom.com
3995,Super Absorbant Sponge,https://terraria.fandom.com/wiki/Super_Absorbant_Sponge,terraria.fandom.com
3996,Super Dart Trap,https://terraria.fandom.com/wiki/Super_Dart_Trap,terraria.fandom.com
3997,Super Healing Potion,https://terraria.fandom.com/wiki/Super_Healing_Potion,terraria.fandom.com
3998,Super Mana Potion,https://terraria.fandom.com/wiki/Super_Mana_Potion,terraria.fandom.com
3999,Super Star Shooter,https://terraria.fandom.com/wiki/Super_Star_Shooter,terraria.fandom.com
4000,Superheated Blood,https://terraria.fandom.com/wiki/Superheated_Blood,terraria.fandom.com
4001,Superhero set,https://terraria.fandom.com/wiki/Superhero_set,terraria.fandom.com
4002,Suspicious,https://terraria.fandom.com/wiki/Suspicious,terraria.fandom.com
4003,Suspicious Grinning Eye,https://terraria.fandom.com/wiki/Suspicious_Grinning_Eye,terraria.fandom.com
4004,Suspicious Looking Apple,https://terraria.fandom.com/wiki/Suspicious_Looking_Apple,terraria.fandom.com
4005,Suspicious Looking Egg,https://terraria.fandom.com/wiki/Suspicious_Looking_Egg,terraria.fandom.com
4006,Suspicious Looking Eye,https://terraria.fandom.com/wiki/Suspicious_Looking_Eye,terraria.fandom.com
4007,Suspicious Looking Eye/it,https://terraria.fandom.com/wiki/Suspicious_Looking_Eye/it,terraria.fandom.com
4008,Suspicious Looking Skull,https://terraria.fandom.com/wiki/Suspicious_Looking_Skull,terraria.fandom.com
4009,Suspicious Looking Skull/Crafting tree,https://terraria.fandom.com/wiki/Suspicious_Looking_Skull/Crafting_tree,terraria.fandom.com
4010,Suspicious Looking Tentacle,https://terraria.fandom.com/wiki/Suspicious_Looking_Tentacle,terraria.fandom.com
4011,Swamp Thing,https://terraria.fandom.com/wiki/Swamp_Thing,terraria.fandom.com
4012,Sweetheart Necklace,https://terraria.fandom.com/wiki/Sweetheart_Necklace,terraria.fandom.com
4013,Swiftness Potion,https://terraria.fandom.com/wiki/Swiftness_Potion,terraria.fandom.com
4014,Swimming,https://terraria.fandom.com/wiki/Swimming,terraria.fandom.com
4015,Switch,https://terraria.fandom.com/wiki/Switch,terraria.fandom.com
4016,Swordfish,https://terraria.fandom.com/wiki/Swordfish,terraria.fandom.com
4017,Swords,https://terraria.fandom.com/wiki/Swords,terraria.fandom.com
4018,Swords/row,https://terraria.fandom.com/wiki/Swords/row,terraria.fandom.com
4019,TModLoader,https://terraria.fandom.com/wiki/TModLoader,terraria.fandom.com
4020,TNT Barrel,https://terraria.fandom.com/wiki/TNT_Barrel,terraria.fandom.com
4021,TShock,https://terraria.fandom.com/wiki/TShock,terraria.fandom.com
4022,TV Head set,https://terraria.fandom.com/wiki/TV_Head_set,terraria.fandom.com
4023,Tabi,https://terraria.fandom.com/wiki/Tabi,terraria.fandom.com
4024,Tables,https://terraria.fandom.com/wiki/Tables,terraria.fandom.com
4025,Tables/resultcell,https://terraria.fandom.com/wiki/Tables/resultcell,terraria.fandom.com
4026,Tablet Fragment,https://terraria.fandom.com/wiki/Tablet_Fragment,terraria.fandom.com
4027,Tackle Box,https://terraria.fandom.com/wiki/Tackle_Box,terraria.fandom.com
4028,Tactical Shotgun,https://terraria.fandom.com/wiki/Tactical_Shotgun,terraria.fandom.com
4029,Tactical Skeleton,https://terraria.fandom.com/wiki/Tactical_Skeleton,terraria.fandom.com
4030,Tall Gate,https://terraria.fandom.com/wiki/Tall_Gate,terraria.fandom.com
4031,Tally Counter,https://terraria.fandom.com/wiki/Tally_Counter,terraria.fandom.com
4032,Tam O' Shanter,https://terraria.fandom.com/wiki/Tam_O%27_Shanter,terraria.fandom.com
4033,Target Dummy,https://terraria.fandom.com/wiki/Target_Dummy,terraria.fandom.com
4034,Tartar Sauce,https://terraria.fandom.com/wiki/Tartar_Sauce,terraria.fandom.com
4035,Tattered Bee Wing,https://terraria.fandom.com/wiki/Tattered_Bee_Wing,terraria.fandom.com
4036,Tattered Cloth,https://terraria.fandom.com/wiki/Tattered_Cloth,terraria.fandom.com
4037,Tattered Wood Sign,https://terraria.fandom.com/wiki/Tattered_Wood_Sign,terraria.fandom.com
4038,Tavernkeep,https://terraria.fandom.com/wiki/Tavernkeep,terraria.fandom.com
4039,Tax Collector,https://terraria.fandom.com/wiki/Tax_Collector,terraria.fandom.com
4040,Tax Collector's set,https://terraria.fandom.com/wiki/Tax_Collector%27s_set,terraria.fandom.com
4041,Teacup,https://terraria.fandom.com/wiki/Teacup,terraria.fandom.com
4042,Teal,https://terraria.fandom.com/wiki/Teal,terraria.fandom.com
4043,Teal Mushroom,https://terraria.fandom.com/wiki/Teal_Mushroom,terraria.fandom.com
4044,Team,https://terraria.fandom.com/wiki/Team,terraria.fandom.com
4045,Team Blocks,https://terraria.fandom.com/wiki/Team_Blocks,terraria.fandom.com
4046,Team Dye,https://terraria.fandom.com/wiki/Team_Dye,terraria.fandom.com
4047,Team Platforms,https://terraria.fandom.com/wiki/Team_Platforms,terraria.fandom.com
4048,Teapot,https://terraria.fandom.com/wiki/Teapot,terraria.fandom.com
4049,Teleportation,https://terraria.fandom.com/wiki/Teleportation,terraria.fandom.com
4050,Teleportation Potion,https://terraria.fandom.com/wiki/Teleportation_Potion,terraria.fandom.com
4051,Teleporter,https://terraria.fandom.com/wiki/Teleporter,terraria.fandom.com
4052,Tempest Staff,https://terraria.fandom.com/wiki/Tempest_Staff,terraria.fandom.com
4053,Temple Key,https://terraria.fandom.com/wiki/Temple_Key,terraria.fandom.com
4054,Tendon Bow,https://terraria.fandom.com/wiki/Tendon_Bow,terraria.fandom.com
4055,Tentacle Spike,https://terraria.fandom.com/wiki/Tentacle_Spike,terraria.fandom.com
4056,Terra Blade,https://terraria.fandom.com/wiki/Terra_Blade,terraria.fandom.com
4057,Terra Blade/Crafting tree,https://terraria.fandom.com/wiki/Terra_Blade/Crafting_tree,terraria.fandom.com
4058,Terraformer,https://terraria.fandom.com/wiki/Terraformer,terraria.fandom.com
4059,Terragrim,https://terraria.fandom.com/wiki/Terragrim,terraria.fandom.com
4060,Terraprisma,https://terraria.fandom.com/wiki/Terraprisma,terraria.fandom.com
4061,Terraprisma/vi,https://terraria.fandom.com/wiki/Terraprisma/vi,terraria.fandom.com
4062,Terraria,https://terraria.fandom.com/wiki/Terraria,terraria.fandom.com
4063,Terraria/cs,https://terraria.fandom.com/wiki/Terraria/cs,terraria.fandom.com
4064,Terraria/tr,https://terraria.fandom.com/wiki/Terraria/tr,terraria.fandom.com
4065,Terraria/vi,https://terraria.fandom.com/wiki/Terraria/vi,terraria.fandom.com
4066,Terraria/yue,https://terraria.fandom.com/wiki/Terraria/yue,terraria.fandom.com
4067,Terraria: Otherworld,https://terraria.fandom.com/wiki/Terraria:_Otherworld,terraria.fandom.com
4068,Terraria 2,https://terraria.fandom.com/wiki/Terraria_2,terraria.fandom.com
4069,Terraria Collector's Edition,https://terraria.fandom.com/wiki/Terraria_Collector%27s_Edition,terraria.fandom.com
4070,Terraria News,https://terraria.fandom.com/wiki/Terraria_News,terraria.fandom.com
4071,Terraria News/lv,https://terraria.fandom.com/wiki/Terraria_News/lv,terraria.fandom.com
4072,Terraria News/vi,https://terraria.fandom.com/wiki/Terraria_News/vi,terraria.fandom.com
4073,Terraria News/yue,https://terraria.fandom.com/wiki/Terraria_News/yue,terraria.fandom.com
4074,Terraria Special Edition,https://terraria.fandom.com/wiki/Terraria_Special_Edition,terraria.fandom.com
4075,Terraria Wiki,https://terraria.fandom.com/wiki/Terraria_Wiki,terraria.fandom.com
4076,Terraria Wiki/cs,https://terraria.fandom.com/wiki/Terraria_Wiki/cs,terraria.fandom.com
4077,Terraria Wiki/editcopy,https://terraria.fandom.com/wiki/Terraria_Wiki/editcopy,terraria.fandom.com
4078,Terraria Wiki/el,https://terraria.fandom.com/wiki/Terraria_Wiki/el,terraria.fandom.com
4079,Terraria Wiki/fi,https://terraria.fandom.com/wiki/Terraria_Wiki/fi,terraria.fandom.com
4080,Terraria Wiki/id,https://terraria.fandom.com/wiki/Terraria_Wiki/id,terraria.fandom.com
4081,Terraria Wiki/it,https://terraria.fandom.com/wiki/Terraria_Wiki/it,terraria.fandom.com
4082,Terraria Wiki/ja,https://terraria.fandom.com/wiki/Terraria_Wiki/ja,terraria.fandom.com
4083,Terraria Wiki/lt,https://terraria.fandom.com/wiki/Terraria_Wiki/lt,terraria.fandom.com
4084,Terraria Wiki/lv,https://terraria.fandom.com/wiki/Terraria_Wiki/lv,terraria.fandom.com
4085,Terraria Wiki/nl,https://terraria.fandom.com/wiki/Terraria_Wiki/nl,terraria.fandom.com
4086,Terraria Wiki/no,https://terraria.fandom.com/wiki/Terraria_Wiki/no,terraria.fandom.com
4087,Terraria Wiki/sv,https://terraria.fandom.com/wiki/Terraria_Wiki/sv,terraria.fandom.com
4088,Terraria Wiki/th,https://terraria.fandom.com/wiki/Terraria_Wiki/th,terraria.fandom.com
4089,Terraria Wiki/tr,https://terraria.fandom.com/wiki/Terraria_Wiki/tr,terraria.fandom.com
4090,Terraria Wiki/vi,https://terraria.fandom.com/wiki/Terraria_Wiki/vi,terraria.fandom.com
4091,Terraria Wiki/yue,https://terraria.fandom.com/wiki/Terraria_Wiki/yue,terraria.fandom.com
4092,Terrarian,https://terraria.fandom.com/wiki/Terrarian,terraria.fandom.com
4093,Terrarium,https://terraria.fandom.com/wiki/Terrarium,terraria.fandom.com
4094,Terraspark Boots,https://terraria.fandom.com/wiki/Terraspark_Boots,terraria.fandom.com
4095,Terraspark Boots/Crafting tree,https://terraria.fandom.com/wiki/Terraspark_Boots/Crafting_tree,terraria.fandom.com
4096,Terraspark Boots/ja,https://terraria.fandom.com/wiki/Terraspark_Boots/ja,terraria.fandom.com
4097,Terraspark Boots/ja/Crafting tree,https://terraria.fandom.com/wiki/Terraspark_Boots/ja/Crafting_tree,terraria.fandom.com
4098,Tesla Turret,https://terraria.fandom.com/wiki/Tesla_Turret,terraria.fandom.com
4099,Thanksgiving,https://terraria.fandom.com/wiki/Thanksgiving,terraria.fandom.com
4100,The Axe,https://terraria.fandom.com/wiki/The_Axe,terraria.fandom.com
4101,The Bee's Knees,https://terraria.fandom.com/wiki/The_Bee%27s_Knees,terraria.fandom.com
4102,The Black Spot,https://terraria.fandom.com/wiki/The_Black_Spot,terraria.fandom.com
4103,The Breaker,https://terraria.fandom.com/wiki/The_Breaker,terraria.fandom.com
4104,The Breaker/it,https://terraria.fandom.com/wiki/The_Breaker/it,terraria.fandom.com
4105,The Breaker/nl,https://terraria.fandom.com/wiki/The_Breaker/nl,terraria.fandom.com
4106,The Bride,https://terraria.fandom.com/wiki/The_Bride,terraria.fandom.com
4107,The Constant,https://terraria.fandom.com/wiki/The_Constant,terraria.fandom.com
4108,The Corruption,https://terraria.fandom.com/wiki/The_Corruption,terraria.fandom.com
4109,The Corruption/it,https://terraria.fandom.com/wiki/The_Corruption/it,terraria.fandom.com
4110,The Corruption/tr,https://terraria.fandom.com/wiki/The_Corruption/tr,terraria.fandom.com
4111,The Crimson,https://terraria.fandom.com/wiki/The_Crimson,terraria.fandom.com
4112,The Crimson/tr,https://terraria.fandom.com/wiki/The_Crimson/tr,terraria.fandom.com
4113,The Destroyer,https://terraria.fandom.com/wiki/The_Destroyer,terraria.fandom.com
4114,The Destroyer/cs,https://terraria.fandom.com/wiki/The_Destroyer/cs,terraria.fandom.com
4115,The Destroyer/nl,https://terraria.fandom.com/wiki/The_Destroyer/nl,terraria.fandom.com
4116,The Dirtiest Block,https://terraria.fandom.com/wiki/The_Dirtiest_Block,terraria.fandom.com
4117,The Doctor's set,https://terraria.fandom.com/wiki/The_Doctor%27s_set,terraria.fandom.com
4118,The Eye of Cthulhu,https://terraria.fandom.com/wiki/The_Eye_of_Cthulhu,terraria.fandom.com
4119,The Grand Design,https://terraria.fandom.com/wiki/The_Grand_Design,terraria.fandom.com
4120,The Grand Design/Crafting tree,https://terraria.fandom.com/wiki/The_Grand_Design/Crafting_tree,terraria.fandom.com
4121,The Groom,https://terraria.fandom.com/wiki/The_Groom,terraria.fandom.com
4122,The Hallow,https://terraria.fandom.com/wiki/The_Hallow,terraria.fandom.com
4123,The Hallow/cs,https://terraria.fandom.com/wiki/The_Hallow/cs,terraria.fandom.com
4124,The Hallow/ja,https://terraria.fandom.com/wiki/The_Hallow/ja,terraria.fandom.com
4125,The Horseman's Blade,https://terraria.fandom.com/wiki/The_Horseman%27s_Blade,terraria.fandom.com
4126,The Meatball,https://terraria.fandom.com/wiki/The_Meatball,terraria.fandom.com
4127,The Plan,https://terraria.fandom.com/wiki/The_Plan,terraria.fandom.com
4128,The Plan/nl,https://terraria.fandom.com/wiki/The_Plan/nl,terraria.fandom.com
4129,The Possessed,https://terraria.fandom.com/wiki/The_Possessed,terraria.fandom.com
4130,The Rotted Fork,https://terraria.fandom.com/wiki/The_Rotted_Fork,terraria.fandom.com
4131,The Rubblemaker,https://terraria.fandom.com/wiki/The_Rubblemaker,terraria.fandom.com
4132,The Tongue,https://terraria.fandom.com/wiki/The_Tongue,terraria.fandom.com
4133,The Torch God,https://terraria.fandom.com/wiki/The_Torch_God,terraria.fandom.com
4134,The Twins,https://terraria.fandom.com/wiki/The_Twins,terraria.fandom.com
4135,The Twins/cs,https://terraria.fandom.com/wiki/The_Twins/cs,terraria.fandom.com
4136,The Undertaker,https://terraria.fandom.com/wiki/The_Undertaker,terraria.fandom.com
4137,The Underworld,https://terraria.fandom.com/wiki/The_Underworld,terraria.fandom.com
4138,Thin Ice,https://terraria.fandom.com/wiki/Thin_Ice,terraria.fandom.com
4139,Thorn Chakram,https://terraria.fandom.com/wiki/Thorn_Chakram,terraria.fandom.com
4140,Thorns Potion,https://terraria.fandom.com/wiki/Thorns_Potion,terraria.fandom.com
4141,Threads,https://terraria.fandom.com/wiki/Threads,terraria.fandom.com
4142,Threads/vi,https://terraria.fandom.com/wiki/Threads/vi,terraria.fandom.com
4143,Throne,https://terraria.fandom.com/wiki/Throne,terraria.fandom.com
4144,Throw,https://terraria.fandom.com/wiki/Throw,terraria.fandom.com
4145,Throwing Knife,https://terraria.fandom.com/wiki/Throwing_Knife,terraria.fandom.com
4146,Throwing weapons,https://terraria.fandom.com/wiki/Throwing_weapons,terraria.fandom.com
4147,Throwing weapons/nl,https://terraria.fandom.com/wiki/Throwing_weapons/nl,terraria.fandom.com
4148,Thrown Powder,https://terraria.fandom.com/wiki/Thrown_Powder,terraria.fandom.com
4149,Thrown Water,https://terraria.fandom.com/wiki/Thrown_Water,terraria.fandom.com
4150,Thunder Zapper,https://terraria.fandom.com/wiki/Thunder_Zapper,terraria.fandom.com
4151,Thunderstorm,https://terraria.fandom.com/wiki/Thunderstorm,terraria.fandom.com
4152,Tiger Climbing Gear,https://terraria.fandom.com/wiki/Tiger_Climbing_Gear,terraria.fandom.com
4153,Tiger Climbing Gear/cs,https://terraria.fandom.com/wiki/Tiger_Climbing_Gear/cs,terraria.fandom.com
4154,Tiki,https://terraria.fandom.com/wiki/Tiki,terraria.fandom.com
4155,Tiki Torch,https://terraria.fandom.com/wiki/Tiki_Torch,terraria.fandom.com
4156,Tiki Totem,https://terraria.fandom.com/wiki/Tiki_Totem,terraria.fandom.com
4157,Tiki armor,https://terraria.fandom.com/wiki/Tiki_armor,terraria.fandom.com
4158,Tile IDs,https://terraria.fandom.com/wiki/Tile_IDs,terraria.fandom.com
4159,Tile IDs Part1,https://terraria.fandom.com/wiki/Tile_IDs_Part1,terraria.fandom.com
4160,Tile IDs Part2,https://terraria.fandom.com/wiki/Tile_IDs_Part2,terraria.fandom.com
4161,Tile IDs Part3,https://terraria.fandom.com/wiki/Tile_IDs_Part3,terraria.fandom.com
4162,Tile IDs Part4,https://terraria.fandom.com/wiki/Tile_IDs_Part4,terraria.fandom.com
4163,Tile IDs Part5,https://terraria.fandom.com/wiki/Tile_IDs_Part5,terraria.fandom.com
4164,Tile IDs Part6,https://terraria.fandom.com/wiki/Tile_IDs_Part6,terraria.fandom.com
4165,Tile IDs Part7,https://terraria.fandom.com/wiki/Tile_IDs_Part7,terraria.fandom.com
4166,Tile IDs Part8,https://terraria.fandom.com/wiki/Tile_IDs_Part8,terraria.fandom.com
4167,Tim,https://terraria.fandom.com/wiki/Tim,terraria.fandom.com
4168,Tim/id,https://terraria.fandom.com/wiki/Tim/id,terraria.fandom.com
4169,Tim/it,https://terraria.fandom.com/wiki/Tim/it,terraria.fandom.com
4170,Timeless Traveler's set,https://terraria.fandom.com/wiki/Timeless_Traveler%27s_set,terraria.fandom.com
4171,Timers,https://terraria.fandom.com/wiki/Timers,terraria.fandom.com
4172,Timers/cs,https://terraria.fandom.com/wiki/Timers/cs,terraria.fandom.com
4173,Tin,https://terraria.fandom.com/wiki/Tin,terraria.fandom.com
4174,Tin/vi,https://terraria.fandom.com/wiki/Tin/vi,terraria.fandom.com
4175,Tin Axe,https://terraria.fandom.com/wiki/Tin_Axe,terraria.fandom.com
4176,Tin Bar,https://terraria.fandom.com/wiki/Tin_Bar,terraria.fandom.com
4177,Tin Bar/vi,https://terraria.fandom.com/wiki/Tin_Bar/vi,terraria.fandom.com
4178,Tin Bow,https://terraria.fandom.com/wiki/Tin_Bow,terraria.fandom.com
4179,Tin Brick,https://terraria.fandom.com/wiki/Tin_Brick,terraria.fandom.com
4180,Tin Brick/vi,https://terraria.fandom.com/wiki/Tin_Brick/vi,terraria.fandom.com
4181,Tin Brick Wall,https://terraria.fandom.com/wiki/Tin_Brick_Wall,terraria.fandom.com
4182,Tin Brick Wall/vi,https://terraria.fandom.com/wiki/Tin_Brick_Wall/vi,terraria.fandom.com
4183,Tin Broadsword,https://terraria.fandom.com/wiki/Tin_Broadsword,terraria.fandom.com
4184,Tin Hammer,https://terraria.fandom.com/wiki/Tin_Hammer,terraria.fandom.com
4185,Tin Ore,https://terraria.fandom.com/wiki/Tin_Ore,terraria.fandom.com
4186,Tin Ore/vi,https://terraria.fandom.com/wiki/Tin_Ore/vi,terraria.fandom.com
4187,Tin Pickaxe,https://terraria.fandom.com/wiki/Tin_Pickaxe,terraria.fandom.com
4188,Tin Pickaxe/cs,https://terraria.fandom.com/wiki/Tin_Pickaxe/cs,terraria.fandom.com
4189,Tin Pickaxe/lt,https://terraria.fandom.com/wiki/Tin_Pickaxe/lt,terraria.fandom.com
4190,Tin Pickaxe/tr,https://terraria.fandom.com/wiki/Tin_Pickaxe/tr,terraria.fandom.com
4191,Tin Plating,https://terraria.fandom.com/wiki/Tin_Plating,terraria.fandom.com
4192,Tin Plating Wall,https://terraria.fandom.com/wiki/Tin_Plating_Wall,terraria.fandom.com
4193,Tin Shortsword,https://terraria.fandom.com/wiki/Tin_Shortsword,terraria.fandom.com
4194,Tin Shortsword/vi,https://terraria.fandom.com/wiki/Tin_Shortsword/vi,terraria.fandom.com
4195,Tin Watch,https://terraria.fandom.com/wiki/Tin_Watch,terraria.fandom.com
4196,Tin armor,https://terraria.fandom.com/wiki/Tin_armor,terraria.fandom.com
4197,Tin armor/vi,https://terraria.fandom.com/wiki/Tin_armor/vi,terraria.fandom.com
4198,Tinkerer's Workshop,https://terraria.fandom.com/wiki/Tinkerer%27s_Workshop,terraria.fandom.com
4199,Tips,https://terraria.fandom.com/wiki/Tips,terraria.fandom.com
4200,Tipsy,https://terraria.fandom.com/wiki/Tipsy,terraria.fandom.com
4201,Tissue Sample,https://terraria.fandom.com/wiki/Tissue_Sample,terraria.fandom.com
4202,Titan Glove,https://terraria.fandom.com/wiki/Titan_Glove,terraria.fandom.com
4203,Titan Potion,https://terraria.fandom.com/wiki/Titan_Potion,terraria.fandom.com
4204,Titan armor,https://terraria.fandom.com/wiki/Titan_armor,terraria.fandom.com
4205,Titanium,https://terraria.fandom.com/wiki/Titanium,terraria.fandom.com
4206,Titanium Bar,https://terraria.fandom.com/wiki/Titanium_Bar,terraria.fandom.com
4207,Titanium Bar/lt,https://terraria.fandom.com/wiki/Titanium_Bar/lt,terraria.fandom.com
4208,Titanium Bar/vi,https://terraria.fandom.com/wiki/Titanium_Bar/vi,terraria.fandom.com
4209,Titanium Chainsaw,https://terraria.fandom.com/wiki/Titanium_Chainsaw,terraria.fandom.com
4210,Titanium Crate,https://terraria.fandom.com/wiki/Titanium_Crate,terraria.fandom.com
4211,Titanium Drill,https://terraria.fandom.com/wiki/Titanium_Drill,terraria.fandom.com
4212,Titanium Drill/lt,https://terraria.fandom.com/wiki/Titanium_Drill/lt,terraria.fandom.com
4213,Titanium Ore,https://terraria.fandom.com/wiki/Titanium_Ore,terraria.fandom.com
4214,Titanium Pickaxe,https://terraria.fandom.com/wiki/Titanium_Pickaxe,terraria.fandom.com
4215,Titanium Pickaxe/lt,https://terraria.fandom.com/wiki/Titanium_Pickaxe/lt,terraria.fandom.com
4216,Titanium Repeater,https://terraria.fandom.com/wiki/Titanium_Repeater,terraria.fandom.com
4217,Titanium Sword,https://terraria.fandom.com/wiki/Titanium_Sword,terraria.fandom.com
4218,Titanium Trident,https://terraria.fandom.com/wiki/Titanium_Trident,terraria.fandom.com
4219,Titanium Waraxe,https://terraria.fandom.com/wiki/Titanium_Waraxe,terraria.fandom.com
4220,Titanium armor,https://terraria.fandom.com/wiki/Titanium_armor,terraria.fandom.com
4221,Titanstone Block,https://terraria.fandom.com/wiki/Titanstone_Block,terraria.fandom.com
4222,Titanstone Block Wall,https://terraria.fandom.com/wiki/Titanstone_Block_Wall,terraria.fandom.com
4223,Title messages,https://terraria.fandom.com/wiki/Title_messages,terraria.fandom.com
4224,Title messages/row,https://terraria.fandom.com/wiki/Title_messages/row,terraria.fandom.com
4225,Tizona,https://terraria.fandom.com/wiki/Tizona,terraria.fandom.com
4226,Toilets,https://terraria.fandom.com/wiki/Toilets,terraria.fandom.com
4227,Toilets/resultcell,https://terraria.fandom.com/wiki/Toilets/resultcell,terraria.fandom.com
4228,Tomb Crawler,https://terraria.fandom.com/wiki/Tomb_Crawler,terraria.fandom.com
4229,Tombstones,https://terraria.fandom.com/wiki/Tombstones,terraria.fandom.com
4230,Tombstones/ja,https://terraria.fandom.com/wiki/Tombstones/ja,terraria.fandom.com
4231,Tome of Infinite Wisdom,https://terraria.fandom.com/wiki/Tome_of_Infinite_Wisdom,terraria.fandom.com
4232,Tonbogiri,https://terraria.fandom.com/wiki/Tonbogiri,terraria.fandom.com
4233,Toolbelt,https://terraria.fandom.com/wiki/Toolbelt,terraria.fandom.com
4234,Toolbox,https://terraria.fandom.com/wiki/Toolbox,terraria.fandom.com
4235,Tools,https://terraria.fandom.com/wiki/Tools,terraria.fandom.com
4236,Tools/cs,https://terraria.fandom.com/wiki/Tools/cs,terraria.fandom.com
4237,Tools/it,https://terraria.fandom.com/wiki/Tools/it,terraria.fandom.com
4238,Tools/ja,https://terraria.fandom.com/wiki/Tools/ja,terraria.fandom.com
4239,Tools/lt,https://terraria.fandom.com/wiki/Tools/lt,terraria.fandom.com
4240,Tools/nl,https://terraria.fandom.com/wiki/Tools/nl,terraria.fandom.com
4241,Tools/no,https://terraria.fandom.com/wiki/Tools/no,terraria.fandom.com
4242,Tools/static,https://terraria.fandom.com/wiki/Tools/static,terraria.fandom.com
4243,Tools/static/gen,https://terraria.fandom.com/wiki/Tools/static/gen,terraria.fandom.com
4244,Tools/tr,https://terraria.fandom.com/wiki/Tools/tr,terraria.fandom.com
4245,Tools/vi,https://terraria.fandom.com/wiki/Tools/vi,terraria.fandom.com
4246,Tooltips,https://terraria.fandom.com/wiki/Tooltips,terraria.fandom.com
4247,Topaz,https://terraria.fandom.com/wiki/Topaz,terraria.fandom.com
4248,Topaz Robe,https://terraria.fandom.com/wiki/Topaz_Robe,terraria.fandom.com
4249,Topaz Staff,https://terraria.fandom.com/wiki/Topaz_Staff,terraria.fandom.com
4250,Torch/no,https://terraria.fandom.com/wiki/Torch/no,terraria.fandom.com
4251,Torch God's Favor,https://terraria.fandom.com/wiki/Torch_God%27s_Favor,terraria.fandom.com
4252,Torches,https://terraria.fandom.com/wiki/Torches,terraria.fandom.com
4253,Torches/color,https://terraria.fandom.com/wiki/Torches/color,terraria.fandom.com
4254,Torches/nl,https://terraria.fandom.com/wiki/Torches/nl,terraria.fandom.com
4255,Toro's set,https://terraria.fandom.com/wiki/Toro%27s_set,terraria.fandom.com
4256,Tortured Soul,https://terraria.fandom.com/wiki/Tortured_Soul,terraria.fandom.com
4257,Toucan,https://terraria.fandom.com/wiki/Toucan,terraria.fandom.com
4258,Town,https://terraria.fandom.com/wiki/Town,terraria.fandom.com
4259,Town Bunny,https://terraria.fandom.com/wiki/Town_Bunny,terraria.fandom.com
4260,Town Cat,https://terraria.fandom.com/wiki/Town_Cat,terraria.fandom.com
4261,Town Dog,https://terraria.fandom.com/wiki/Town_Dog,terraria.fandom.com
4262,Town Slimes,https://terraria.fandom.com/wiki/Town_Slimes,terraria.fandom.com
4263,Toxic Flask,https://terraria.fandom.com/wiki/Toxic_Flask,terraria.fandom.com
4264,Toxic Sludge,https://terraria.fandom.com/wiki/Toxic_Sludge,terraria.fandom.com
4265,Toxikarp,https://terraria.fandom.com/wiki/Toxikarp,terraria.fandom.com
4266,Toy Sled,https://terraria.fandom.com/wiki/Toy_Sled,terraria.fandom.com
4267,Toy Tank,https://terraria.fandom.com/wiki/Toy_Tank,terraria.fandom.com
4268,Track,https://terraria.fandom.com/wiki/Track,terraria.fandom.com
4269,Tragic Umbrella,https://terraria.fandom.com/wiki/Tragic_Umbrella,terraria.fandom.com
4270,Trap Blocks,https://terraria.fandom.com/wiki/Trap_Blocks,terraria.fandom.com
4271,Trap Door,https://terraria.fandom.com/wiki/Trap_Door,terraria.fandom.com
4272,Trapped Chests,https://terraria.fandom.com/wiki/Trapped_Chests,terraria.fandom.com
4273,Trapped Chests/resultcell,https://terraria.fandom.com/wiki/Trapped_Chests/resultcell,terraria.fandom.com
4274,Traps,https://terraria.fandom.com/wiki/Traps,terraria.fandom.com
4275,Trash,https://terraria.fandom.com/wiki/Trash,terraria.fandom.com
4276,Trash Can,https://terraria.fandom.com/wiki/Trash_Can,terraria.fandom.com
4277,Traveling Merchant,https://terraria.fandom.com/wiki/Traveling_Merchant,terraria.fandom.com
4278,Traveling Merchant/cs,https://terraria.fandom.com/wiki/Traveling_Merchant/cs,terraria.fandom.com
4279,Treasure Bag,https://terraria.fandom.com/wiki/Treasure_Bag,terraria.fandom.com
4280,Treasure Bag/nav,https://terraria.fandom.com/wiki/Treasure_Bag/nav,terraria.fandom.com
4281,Treasure Bag/vi,https://terraria.fandom.com/wiki/Treasure_Bag/vi,terraria.fandom.com
4282,Treasure Hunter set,https://terraria.fandom.com/wiki/Treasure_Hunter_set,terraria.fandom.com
4283,Treasure Magnet,https://terraria.fandom.com/wiki/Treasure_Magnet,terraria.fandom.com
4284,Treasure Map,https://terraria.fandom.com/wiki/Treasure_Map,terraria.fandom.com
4285,Tree Globe,https://terraria.fandom.com/wiki/Tree_Globe,terraria.fandom.com
4286,Tree Globe/ja,https://terraria.fandom.com/wiki/Tree_Globe/ja,terraria.fandom.com
4287,Tree Globe/tree styles,https://terraria.fandom.com/wiki/Tree_Globe/tree_styles,terraria.fandom.com
4288,Tree set,https://terraria.fandom.com/wiki/Tree_set,terraria.fandom.com
4289,Trees,https://terraria.fandom.com/wiki/Trees,terraria.fandom.com
4290,Trees/Shaking,https://terraria.fandom.com/wiki/Trees/Shaking,terraria.fandom.com
4291,Trees/Shaking/draft,https://terraria.fandom.com/wiki/Trees/Shaking/draft,terraria.fandom.com
4292,Trees/Shaking/row,https://terraria.fandom.com/wiki/Trees/Shaking/row,terraria.fandom.com
4293,Trees/Shaking/vi,https://terraria.fandom.com/wiki/Trees/Shaking/vi,terraria.fandom.com
4294,Trees/cs,https://terraria.fandom.com/wiki/Trees/cs,terraria.fandom.com
4295,Trees/nl,https://terraria.fandom.com/wiki/Trees/nl,terraria.fandom.com
4296,Trees/vi,https://terraria.fandom.com/wiki/Trees/vi,terraria.fandom.com
4297,Trident,https://terraria.fandom.com/wiki/Trident,terraria.fandom.com
4298,Trifold Map,https://terraria.fandom.com/wiki/Trifold_Map,terraria.fandom.com
4299,Trifold Map/nl,https://terraria.fandom.com/wiki/Trifold_Map/nl,terraria.fandom.com
4300,Trimarang,https://terraria.fandom.com/wiki/Trimarang,terraria.fandom.com
4301,Trophies,https://terraria.fandom.com/wiki/Trophies,terraria.fandom.com
4302,Tropical Smoothie,https://terraria.fandom.com/wiki/Tropical_Smoothie,terraria.fandom.com
4303,Trout,https://terraria.fandom.com/wiki/Trout,terraria.fandom.com
4304,True Excalibur,https://terraria.fandom.com/wiki/True_Excalibur,terraria.fandom.com
4305,True Excalibur/Crafting tree,https://terraria.fandom.com/wiki/True_Excalibur/Crafting_tree,terraria.fandom.com
4306,True Eye of Cthulhu,https://terraria.fandom.com/wiki/True_Eye_of_Cthulhu,terraria.fandom.com
4307,True Night's Edge,https://terraria.fandom.com/wiki/True_Night%27s_Edge,terraria.fandom.com
4308,True Night's Edge/Crafting tree,https://terraria.fandom.com/wiki/True_Night%27s_Edge/Crafting_tree,terraria.fandom.com
4309,Truffle,https://terraria.fandom.com/wiki/Truffle,terraria.fandom.com
4310,Truffle (disambiguation),https://terraria.fandom.com/wiki/Truffle_(disambiguation),terraria.fandom.com
4311,Truffle Worm,https://terraria.fandom.com/wiki/Truffle_Worm,terraria.fandom.com
4312,Tsunami,https://terraria.fandom.com/wiki/Tsunami,terraria.fandom.com
4313,Tsunami in a Bottle,https://terraria.fandom.com/wiki/Tsunami_in_a_Bottle,terraria.fandom.com
4314,Tuna,https://terraria.fandom.com/wiki/Tuna,terraria.fandom.com
4315,Tungsten,https://terraria.fandom.com/wiki/Tungsten,terraria.fandom.com
4316,Tungsten Axe,https://terraria.fandom.com/wiki/Tungsten_Axe,terraria.fandom.com
4317,Tungsten Bar,https://terraria.fandom.com/wiki/Tungsten_Bar,terraria.fandom.com
4318,Tungsten Bar/vi,https://terraria.fandom.com/wiki/Tungsten_Bar/vi,terraria.fandom.com
4319,Tungsten Bow,https://terraria.fandom.com/wiki/Tungsten_Bow,terraria.fandom.com
4320,Tungsten Brick,https://terraria.fandom.com/wiki/Tungsten_Brick,terraria.fandom.com
4321,Tungsten Brick Wall,https://terraria.fandom.com/wiki/Tungsten_Brick_Wall,terraria.fandom.com
4322,Tungsten Broadsword,https://terraria.fandom.com/wiki/Tungsten_Broadsword,terraria.fandom.com
4323,Tungsten Bullet,https://terraria.fandom.com/wiki/Tungsten_Bullet,terraria.fandom.com
4324,Tungsten Hammer,https://terraria.fandom.com/wiki/Tungsten_Hammer,terraria.fandom.com
4325,Tungsten Ore,https://terraria.fandom.com/wiki/Tungsten_Ore,terraria.fandom.com
4326,Tungsten Ore/vi,https://terraria.fandom.com/wiki/Tungsten_Ore/vi,terraria.fandom.com
4327,Tungsten Pickaxe,https://terraria.fandom.com/wiki/Tungsten_Pickaxe,terraria.fandom.com
4328,Tungsten Shortsword,https://terraria.fandom.com/wiki/Tungsten_Shortsword,terraria.fandom.com
4329,Tungsten Watch,https://terraria.fandom.com/wiki/Tungsten_Watch,terraria.fandom.com
4330,Tungsten armor,https://terraria.fandom.com/wiki/Tungsten_armor,terraria.fandom.com
4331,Turkey feather,https://terraria.fandom.com/wiki/Turkey_feather,terraria.fandom.com
4332,Turkor the Ungrateful,https://terraria.fandom.com/wiki/Turkor_the_Ungrateful,terraria.fandom.com
4333,Turtle,https://terraria.fandom.com/wiki/Turtle,terraria.fandom.com
4334,Turtle (disambiguation),https://terraria.fandom.com/wiki/Turtle_(disambiguation),terraria.fandom.com
4335,Turtle Shell,https://terraria.fandom.com/wiki/Turtle_Shell,terraria.fandom.com
4336,Turtle armor,https://terraria.fandom.com/wiki/Turtle_armor,terraria.fandom.com
4337,Tutorial,https://terraria.fandom.com/wiki/Tutorial,terraria.fandom.com
4338,Tuxedo set,https://terraria.fandom.com/wiki/Tuxedo_set,terraria.fandom.com
4339,Twilight Dye,https://terraria.fandom.com/wiki/Twilight_Dye,terraria.fandom.com
4340,Twinkle Popper,https://terraria.fandom.com/wiki/Twinkle_Popper,terraria.fandom.com
4341,Twisted Slag,https://terraria.fandom.com/wiki/Twisted_Slag,terraria.fandom.com
4342,Ugly Sweater,https://terraria.fandom.com/wiki/Ugly_Sweater,terraria.fandom.com
4343,Ultra Absorbant Sponge,https://terraria.fandom.com/wiki/Ultra_Absorbant_Sponge,terraria.fandom.com
4344,Ultrabright Helmet,https://terraria.fandom.com/wiki/Ultrabright_Helmet,terraria.fandom.com
4345,Umbrella,https://terraria.fandom.com/wiki/Umbrella,terraria.fandom.com
4346,Umbrella Hat,https://terraria.fandom.com/wiki/Umbrella_Hat,terraria.fandom.com
4347,Umbrella Slime,https://terraria.fandom.com/wiki/Umbrella_Slime,terraria.fandom.com
4348,Undead Miner,https://terraria.fandom.com/wiki/Undead_Miner,terraria.fandom.com
4349,Undead Miner/cs,https://terraria.fandom.com/wiki/Undead_Miner/cs,terraria.fandom.com
4350,Undead Viking,https://terraria.fandom.com/wiki/Undead_Viking,terraria.fandom.com
4351,Underground,https://terraria.fandom.com/wiki/Underground,terraria.fandom.com
4352,Underground/it,https://terraria.fandom.com/wiki/Underground/it,terraria.fandom.com
4353,Underground/lv,https://terraria.fandom.com/wiki/Underground/lv,terraria.fandom.com
4354,Underground Cabin,https://terraria.fandom.com/wiki/Underground_Cabin,terraria.fandom.com
4355,Underground Corruption,https://terraria.fandom.com/wiki/Underground_Corruption,terraria.fandom.com
4356,Underground Crimson,https://terraria.fandom.com/wiki/Underground_Crimson,terraria.fandom.com
4357,Underground Desert,https://terraria.fandom.com/wiki/Underground_Desert,terraria.fandom.com
4358,Underground Desert/ja,https://terraria.fandom.com/wiki/Underground_Desert/ja,terraria.fandom.com
4359,Underground Hallow,https://terraria.fandom.com/wiki/Underground_Hallow,terraria.fandom.com
4360,Underground Jungle,https://terraria.fandom.com/wiki/Underground_Jungle,terraria.fandom.com
4361,Unholy Arrow,https://terraria.fandom.com/wiki/Unholy_Arrow,terraria.fandom.com
4362,Unholy Trident,https://terraria.fandom.com/wiki/Unholy_Trident,terraria.fandom.com
4363,Unicorn,https://terraria.fandom.com/wiki/Unicorn,terraria.fandom.com
4364,Unicorn/cs,https://terraria.fandom.com/wiki/Unicorn/cs,terraria.fandom.com
4365,Unicorn Horn,https://terraria.fandom.com/wiki/Unicorn_Horn,terraria.fandom.com
4366,Unicorn Wisp Dye,https://terraria.fandom.com/wiki/Unicorn_Wisp_Dye,terraria.fandom.com
4367,Unicorn on a Stick,https://terraria.fandom.com/wiki/Unicorn_on_a_Stick,terraria.fandom.com
4368,Unicorn set,https://terraria.fandom.com/wiki/Unicorn_set,terraria.fandom.com
4369,Universal Pylon,https://terraria.fandom.com/wiki/Universal_Pylon,terraria.fandom.com
4370,Unlucky Yarn,https://terraria.fandom.com/wiki/Unlucky_Yarn,terraria.fandom.com
4371,Unobtainable features,https://terraria.fandom.com/wiki/Unobtainable_features,terraria.fandom.com
4372,Unused NPCs,https://terraria.fandom.com/wiki/Unused_NPCs,terraria.fandom.com
4373,Upcoming Features/header/id,https://terraria.fandom.com/wiki/Upcoming_Features/header/id,terraria.fandom.com
4374,Upcoming Features/id,https://terraria.fandom.com/wiki/Upcoming_Features/id,terraria.fandom.com
4375,Upcoming features,https://terraria.fandom.com/wiki/Upcoming_features,terraria.fandom.com
4376,Upcoming features/Archive 1.3.0.1,https://terraria.fandom.com/wiki/Upcoming_features/Archive_1.3.0.1,terraria.fandom.com
4377,Upcoming features/Archive 1.3.1,https://terraria.fandom.com/wiki/Upcoming_features/Archive_1.3.1,terraria.fandom.com
4378,Upcoming features/Archive 1.3.2,https://terraria.fandom.com/wiki/Upcoming_features/Archive_1.3.2,terraria.fandom.com
4379,Upcoming features/Archive 1.3.3,https://terraria.fandom.com/wiki/Upcoming_features/Archive_1.3.3,terraria.fandom.com
4380,Upcoming features/Archive 1.3.4,https://terraria.fandom.com/wiki/Upcoming_features/Archive_1.3.4,terraria.fandom.com
4381,Upcoming features/Archive 1.3.5,https://terraria.fandom.com/wiki/Upcoming_features/Archive_1.3.5,terraria.fandom.com
4382,Upcoming features/Archive 1.4.0.1,https://terraria.fandom.com/wiki/Upcoming_features/Archive_1.4.0.1,terraria.fandom.com
4383,Upcoming features/Archive 1.4.1,https://terraria.fandom.com/wiki/Upcoming_features/Archive_1.4.1,terraria.fandom.com
4384,Upcoming features/Archive 1.4.2,https://terraria.fandom.com/wiki/Upcoming_features/Archive_1.4.2,terraria.fandom.com
4385,Upcoming features/Archive 1.4.3,https://terraria.fandom.com/wiki/Upcoming_features/Archive_1.4.3,terraria.fandom.com
4386,Upcoming features/Archive 1.4.4,https://terraria.fandom.com/wiki/Upcoming_features/Archive_1.4.4,terraria.fandom.com
4387,Upcoming features/header,https://terraria.fandom.com/wiki/Upcoming_features/header,terraria.fandom.com
4388,Use Style IDs,https://terraria.fandom.com/wiki/Use_Style_IDs,terraria.fandom.com
4389,Use time,https://terraria.fandom.com/wiki/Use_time,terraria.fandom.com
4390,Use time/row,https://terraria.fandom.com/wiki/Use_time/row,terraria.fandom.com
4391,Uzi,https://terraria.fandom.com/wiki/Uzi,terraria.fandom.com
4392,Valentine's Day,https://terraria.fandom.com/wiki/Valentine%27s_Day,terraria.fandom.com
4393,Valentine Ring,https://terraria.fandom.com/wiki/Valentine_Ring,terraria.fandom.com
4394,Valhalla Knight armor,https://terraria.fandom.com/wiki/Valhalla_Knight_armor,terraria.fandom.com
4395,Valkyrie Yoyo,https://terraria.fandom.com/wiki/Valkyrie_Yoyo,terraria.fandom.com
4396,Valor,https://terraria.fandom.com/wiki/Valor,terraria.fandom.com
4397,Value,https://terraria.fandom.com/wiki/Value,terraria.fandom.com
4398,Vampire,https://terraria.fandom.com/wiki/Vampire,terraria.fandom.com
4399,Vampire Frog Staff,https://terraria.fandom.com/wiki/Vampire_Frog_Staff,terraria.fandom.com
4400,Vampire Knives,https://terraria.fandom.com/wiki/Vampire_Knives,terraria.fandom.com
4401,Vampire set,https://terraria.fandom.com/wiki/Vampire_set,terraria.fandom.com
4402,Vanity Accessories,https://terraria.fandom.com/wiki/Vanity_Accessories,terraria.fandom.com
4403,Vanity Accessories/row,https://terraria.fandom.com/wiki/Vanity_Accessories/row,terraria.fandom.com
4404,Vanity Accessories/tip,https://terraria.fandom.com/wiki/Vanity_Accessories/tip,terraria.fandom.com
4405,Vanity items,https://terraria.fandom.com/wiki/Vanity_items,terraria.fandom.com
4406,Vanity items/cs,https://terraria.fandom.com/wiki/Vanity_items/cs,terraria.fandom.com
4407,Vanity items/it,https://terraria.fandom.com/wiki/Vanity_items/it,terraria.fandom.com
4408,Variegated Lardfish,https://terraria.fandom.com/wiki/Variegated_Lardfish,terraria.fandom.com
4409,Vase,https://terraria.fandom.com/wiki/Vase,terraria.fandom.com
4410,Vases,https://terraria.fandom.com/wiki/Vases,terraria.fandom.com
4411,Velocity,https://terraria.fandom.com/wiki/Velocity,terraria.fandom.com
4412,Venom Arrow,https://terraria.fandom.com/wiki/Venom_Arrow,terraria.fandom.com
4413,Venom Bullet,https://terraria.fandom.com/wiki/Venom_Bullet,terraria.fandom.com
4414,Venom Dart Trap,https://terraria.fandom.com/wiki/Venom_Dart_Trap,terraria.fandom.com
4415,Venom Staff,https://terraria.fandom.com/wiki/Venom_Staff,terraria.fandom.com
4416,Venus Magnum,https://terraria.fandom.com/wiki/Venus_Magnum,terraria.fandom.com
4417,Version history,https://terraria.fandom.com/wiki/Version_history,terraria.fandom.com
4418,Version history/yue,https://terraria.fandom.com/wiki/Version_history/yue,terraria.fandom.com
4419,Vertebra,https://terraria.fandom.com/wiki/Vertebra,terraria.fandom.com
4420,Vial of Blood,https://terraria.fandom.com/wiki/Vial_of_Blood,terraria.fandom.com
4421,Vial of Venom,https://terraria.fandom.com/wiki/Vial_of_Venom,terraria.fandom.com
4422,Vicious Bunny,https://terraria.fandom.com/wiki/Vicious_Bunny,terraria.fandom.com
4423,Vicious Goldfish,https://terraria.fandom.com/wiki/Vicious_Goldfish,terraria.fandom.com
4424,Vicious Mushroom,https://terraria.fandom.com/wiki/Vicious_Mushroom,terraria.fandom.com
4425,Vicious Penguin,https://terraria.fandom.com/wiki/Vicious_Penguin,terraria.fandom.com
4426,Victorian Goth set,https://terraria.fandom.com/wiki/Victorian_Goth_set,terraria.fandom.com
4427,Viking Helmet,https://terraria.fandom.com/wiki/Viking_Helmet,terraria.fandom.com
4428,Vile Mushroom,https://terraria.fandom.com/wiki/Vile_Mushroom,terraria.fandom.com
4429,Vile Spit,https://terraria.fandom.com/wiki/Vile_Spit,terraria.fandom.com
4430,Vilethorn,https://terraria.fandom.com/wiki/Vilethorn,terraria.fandom.com
4431,Vine,https://terraria.fandom.com/wiki/Vine,terraria.fandom.com
4432,Violet,https://terraria.fandom.com/wiki/Violet,terraria.fandom.com
4433,Violet Husk,https://terraria.fandom.com/wiki/Violet_Husk,terraria.fandom.com
4434,Vital Crystal,https://terraria.fandom.com/wiki/Vital_Crystal,terraria.fandom.com
4435,Vitamins,https://terraria.fandom.com/wiki/Vitamins,terraria.fandom.com
4436,Vitamins/nl,https://terraria.fandom.com/wiki/Vitamins/nl,terraria.fandom.com
4437,Void Bag,https://terraria.fandom.com/wiki/Void_Bag,terraria.fandom.com
4438,Void Dye,https://terraria.fandom.com/wiki/Void_Dye,terraria.fandom.com
4439,Void Vault,https://terraria.fandom.com/wiki/Void_Vault,terraria.fandom.com
4440,Void Vault/ja,https://terraria.fandom.com/wiki/Void_Vault/ja,terraria.fandom.com
4441,Volatile Gelatin,https://terraria.fandom.com/wiki/Volatile_Gelatin,terraria.fandom.com
4442,Volcano,https://terraria.fandom.com/wiki/Volcano,terraria.fandom.com
4443,Volcano/cs,https://terraria.fandom.com/wiki/Volcano/cs,terraria.fandom.com
4444,Voodoo Demon,https://terraria.fandom.com/wiki/Voodoo_Demon,terraria.fandom.com
4445,Voodoo Demon/cs,https://terraria.fandom.com/wiki/Voodoo_Demon/cs,terraria.fandom.com
4446,Vortex,https://terraria.fandom.com/wiki/Vortex,terraria.fandom.com
4447,Vortex Beater,https://terraria.fandom.com/wiki/Vortex_Beater,terraria.fandom.com
4448,Vortex Brick,https://terraria.fandom.com/wiki/Vortex_Brick,terraria.fandom.com
4449,Vortex Brick Wall,https://terraria.fandom.com/wiki/Vortex_Brick_Wall,terraria.fandom.com
4450,Vortex Dye,https://terraria.fandom.com/wiki/Vortex_Dye,terraria.fandom.com
4451,Vortex Fragment,https://terraria.fandom.com/wiki/Vortex_Fragment,terraria.fandom.com
4452,Vortex Fragment Block,https://terraria.fandom.com/wiki/Vortex_Fragment_Block,terraria.fandom.com
4453,Vortex armor,https://terraria.fandom.com/wiki/Vortex_armor,terraria.fandom.com
4454,Vortex furniture,https://terraria.fandom.com/wiki/Vortex_furniture,terraria.fandom.com
4455,Vortexian,https://terraria.fandom.com/wiki/Vortexian,terraria.fandom.com
4456,Vulcan Bolt,https://terraria.fandom.com/wiki/Vulcan_Bolt,terraria.fandom.com
4457,Vulcan Repeater,https://terraria.fandom.com/wiki/Vulcan_Repeater,terraria.fandom.com
4458,Vulkelf Ears,https://terraria.fandom.com/wiki/Vulkelf_Ears,terraria.fandom.com
4459,Vulture,https://terraria.fandom.com/wiki/Vulture,terraria.fandom.com
4460,Vulture/cs,https://terraria.fandom.com/wiki/Vulture/cs,terraria.fandom.com
4461,Waffle's Iron,https://terraria.fandom.com/wiki/Waffle%27s_Iron,terraria.fandom.com
4462,Wall Anchor,https://terraria.fandom.com/wiki/Wall_Anchor,terraria.fandom.com
4463,Wall Creeper,https://terraria.fandom.com/wiki/Wall_Creeper,terraria.fandom.com
4464,Wall IDs,https://terraria.fandom.com/wiki/Wall_IDs,terraria.fandom.com
4465,Wall Skeleton,https://terraria.fandom.com/wiki/Wall_Skeleton,terraria.fandom.com
4466,Wall of Flesh,https://terraria.fandom.com/wiki/Wall_of_Flesh,terraria.fandom.com
4467,Wall of Flesh/nl,https://terraria.fandom.com/wiki/Wall_of_Flesh/nl,terraria.fandom.com
4468,Wallpapers,https://terraria.fandom.com/wiki/Wallpapers,terraria.fandom.com
4469,Wand,https://terraria.fandom.com/wiki/Wand,terraria.fandom.com
4470,Wand of Frosting,https://terraria.fandom.com/wiki/Wand_of_Frosting,terraria.fandom.com
4471,Wand of Sparking,https://terraria.fandom.com/wiki/Wand_of_Sparking,terraria.fandom.com
4472,Wandering Eye,https://terraria.fandom.com/wiki/Wandering_Eye,terraria.fandom.com
4473,Wandering Eye Fish,https://terraria.fandom.com/wiki/Wandering_Eye_Fish,terraria.fandom.com
4474,Wandering set,https://terraria.fandom.com/wiki/Wandering_set,terraria.fandom.com
4475,Wands,https://terraria.fandom.com/wiki/Wands,terraria.fandom.com
4476,Wands/row,https://terraria.fandom.com/wiki/Wands/row,terraria.fandom.com
4477,War Axe of the Night,https://terraria.fandom.com/wiki/War_Axe_of_the_Night,terraria.fandom.com
4478,War Axe of the Night/it,https://terraria.fandom.com/wiki/War_Axe_of_the_Night/it,terraria.fandom.com
4479,War Axe of the Night/nl,https://terraria.fandom.com/wiki/War_Axe_of_the_Night/nl,terraria.fandom.com
4480,War Table,https://terraria.fandom.com/wiki/War_Table,terraria.fandom.com
4481,War Table Banner,https://terraria.fandom.com/wiki/War_Table_Banner,terraria.fandom.com
4482,Warmth Potion,https://terraria.fandom.com/wiki/Warmth_Potion,terraria.fandom.com
4483,Warrior Emblem,https://terraria.fandom.com/wiki/Warrior_Emblem,terraria.fandom.com
4484,Wasp Gun,https://terraria.fandom.com/wiki/Wasp_Gun,terraria.fandom.com
4485,Watches,https://terraria.fandom.com/wiki/Watches,terraria.fandom.com
4486,Water,https://terraria.fandom.com/wiki/Water,terraria.fandom.com
4487,Water Bolt,https://terraria.fandom.com/wiki/Water_Bolt,terraria.fandom.com
4488,Water Candle,https://terraria.fandom.com/wiki/Water_Candle,terraria.fandom.com
4489,Water Candle/da,https://terraria.fandom.com/wiki/Water_Candle/da,terraria.fandom.com
4490,Water Chest,https://terraria.fandom.com/wiki/Water_Chest,terraria.fandom.com
4491,Water Gun,https://terraria.fandom.com/wiki/Water_Gun,terraria.fandom.com
4492,Water Sphere,https://terraria.fandom.com/wiki/Water_Sphere,terraria.fandom.com
4493,Water Strider,https://terraria.fandom.com/wiki/Water_Strider,terraria.fandom.com
4494,Water Walking Boots,https://terraria.fandom.com/wiki/Water_Walking_Boots,terraria.fandom.com
4495,Water Walking Potion,https://terraria.fandom.com/wiki/Water_Walking_Potion,terraria.fandom.com
4496,Water fountains,https://terraria.fandom.com/wiki/Water_fountains,terraria.fandom.com
4497,Waterfall,https://terraria.fandom.com/wiki/Waterfall,terraria.fandom.com
4498,Waterfall Block,https://terraria.fandom.com/wiki/Waterfall_Block,terraria.fandom.com
4499,Waterfall Wall,https://terraria.fandom.com/wiki/Waterfall_Wall,terraria.fandom.com
4500,Waterleaf,https://terraria.fandom.com/wiki/Waterleaf,terraria.fandom.com
4501,Waterleaf/it,https://terraria.fandom.com/wiki/Waterleaf/it,terraria.fandom.com
4502,Waterleaf Seeds,https://terraria.fandom.com/wiki/Waterleaf_Seeds,terraria.fandom.com
4503,Weak,https://terraria.fandom.com/wiki/Weak,terraria.fandom.com
4504,Weapon Rack,https://terraria.fandom.com/wiki/Weapon_Rack,terraria.fandom.com
4505,Weapons,https://terraria.fandom.com/wiki/Weapons,terraria.fandom.com
4506,Weapons/cs,https://terraria.fandom.com/wiki/Weapons/cs,terraria.fandom.com
4507,Weapons/id,https://terraria.fandom.com/wiki/Weapons/id,terraria.fandom.com
4508,Weapons/it,https://terraria.fandom.com/wiki/Weapons/it,terraria.fandom.com
4509,Weapons/ja,https://terraria.fandom.com/wiki/Weapons/ja,terraria.fandom.com
4510,Weapons/nl,https://terraria.fandom.com/wiki/Weapons/nl,terraria.fandom.com
4511,Weapons/tr,https://terraria.fandom.com/wiki/Weapons/tr,terraria.fandom.com
4512,Weapons/vi,https://terraria.fandom.com/wiki/Weapons/vi,terraria.fandom.com
4513,Weather,https://terraria.fandom.com/wiki/Weather,terraria.fandom.com
4514,Weather Pain,https://terraria.fandom.com/wiki/Weather_Pain,terraria.fandom.com
4515,Weather Radio,https://terraria.fandom.com/wiki/Weather_Radio,terraria.fandom.com
4516,Weather Vane,https://terraria.fandom.com/wiki/Weather_Vane,terraria.fandom.com
4517,Web Covered Chest,https://terraria.fandom.com/wiki/Web_Covered_Chest,terraria.fandom.com
4518,Webbed,https://terraria.fandom.com/wiki/Webbed,terraria.fandom.com
4519,Wedding set,https://terraria.fandom.com/wiki/Wedding_set,terraria.fandom.com
4520,Weird Scales,https://terraria.fandom.com/wiki/Weird_Scales,terraria.fandom.com
4521,Well Fed,https://terraria.fandom.com/wiki/Well_Fed,terraria.fandom.com
4522,Werewolf,https://terraria.fandom.com/wiki/Werewolf,terraria.fandom.com
4523,Werewolf (disambiguation),https://terraria.fandom.com/wiki/Werewolf_(disambiguation),terraria.fandom.com
4524,Wet,https://terraria.fandom.com/wiki/Wet,terraria.fandom.com
4525,Whips,https://terraria.fandom.com/wiki/Whips,terraria.fandom.com
4526,Whips/row,https://terraria.fandom.com/wiki/Whips/row,terraria.fandom.com
4527,White Cultist Archer,https://terraria.fandom.com/wiki/White_Cultist_Archer,terraria.fandom.com
4528,White Horseshoe Balloon,https://terraria.fandom.com/wiki/White_Horseshoe_Balloon,terraria.fandom.com
4529,White Horseshoe Balloon/Crafting tree,https://terraria.fandom.com/wiki/White_Horseshoe_Balloon/Crafting_tree,terraria.fandom.com
4530,White Tuxedo set,https://terraria.fandom.com/wiki/White_Tuxedo_set,terraria.fandom.com
4531,Whoopie Cushion,https://terraria.fandom.com/wiki/Whoopie_Cushion,terraria.fandom.com
4532,Wiesnbräu,https://terraria.fandom.com/wiki/Wiesnbr%C3%A4u,terraria.fandom.com
4533,Will's set,https://terraria.fandom.com/wiki/Will%27s_set,terraria.fandom.com
4534,Wind,https://terraria.fandom.com/wiki/Wind,terraria.fandom.com
4535,Wind/row,https://terraria.fandom.com/wiki/Wind/row,terraria.fandom.com
4536,Windy Balloon,https://terraria.fandom.com/wiki/Windy_Balloon,terraria.fandom.com
4537,Windy Balloon/ja,https://terraria.fandom.com/wiki/Windy_Balloon/ja,terraria.fandom.com
4538,Windy Day,https://terraria.fandom.com/wiki/Windy_Day,terraria.fandom.com
4539,Windy Day/ja,https://terraria.fandom.com/wiki/Windy_Day/ja,terraria.fandom.com
4540,Wings,https://terraria.fandom.com/wiki/Wings,terraria.fandom.com
4541,Wings/List,https://terraria.fandom.com/wiki/Wings/List,terraria.fandom.com
4542,Wings/List/vi,https://terraria.fandom.com/wiki/Wings/List/vi,terraria.fandom.com
4543,Wings/ja,https://terraria.fandom.com/wiki/Wings/ja,terraria.fandom.com
4544,Wings/lt,https://terraria.fandom.com/wiki/Wings/lt,terraria.fandom.com
4545,Wings/tr,https://terraria.fandom.com/wiki/Wings/tr,terraria.fandom.com
4546,Wings/vi,https://terraria.fandom.com/wiki/Wings/vi,terraria.fandom.com
4547,Wire,https://terraria.fandom.com/wiki/Wire,terraria.fandom.com
4548,Wire Bulb,https://terraria.fandom.com/wiki/Wire_Bulb,terraria.fandom.com
4549,Wire Cutter,https://terraria.fandom.com/wiki/Wire_Cutter,terraria.fandom.com
4550,Wisp Dye,https://terraria.fandom.com/wiki/Wisp_Dye,terraria.fandom.com
4551,Wisp in a Bottle,https://terraria.fandom.com/wiki/Wisp_in_a_Bottle,terraria.fandom.com
4552,Witch's Broom,https://terraria.fandom.com/wiki/Witch%27s_Broom,terraria.fandom.com
4553,Witch Doctor,https://terraria.fandom.com/wiki/Witch_Doctor,terraria.fandom.com
4554,Witch Doctor/tr,https://terraria.fandom.com/wiki/Witch_Doctor/tr,terraria.fandom.com
4555,Witch set,https://terraria.fandom.com/wiki/Witch_set,terraria.fandom.com
4556,Wither Beast,https://terraria.fandom.com/wiki/Wither_Beast,terraria.fandom.com
4557,Wizard,https://terraria.fandom.com/wiki/Wizard,terraria.fandom.com
4558,Wizard's Hat,https://terraria.fandom.com/wiki/Wizard%27s_Hat,terraria.fandom.com
4559,Wizard/cs,https://terraria.fandom.com/wiki/Wizard/cs,terraria.fandom.com
4560,Wizard Hat,https://terraria.fandom.com/wiki/Wizard_Hat,terraria.fandom.com
4561,Wizard set,https://terraria.fandom.com/wiki/Wizard_set,terraria.fandom.com
4562,Wizard set/row,https://terraria.fandom.com/wiki/Wizard_set/row,terraria.fandom.com
4563,Wizard set/row0,https://terraria.fandom.com/wiki/Wizard_set/row0,terraria.fandom.com
4564,Wolf,https://terraria.fandom.com/wiki/Wolf,terraria.fandom.com
4565,Wolf Fang,https://terraria.fandom.com/wiki/Wolf_Fang,terraria.fandom.com
4566,Wolf set,https://terraria.fandom.com/wiki/Wolf_set,terraria.fandom.com
4567,Womannequin,https://terraria.fandom.com/wiki/Womannequin,terraria.fandom.com
4568,Wood Wall,https://terraria.fandom.com/wiki/Wood_Wall,terraria.fandom.com
4569,Wood armor,https://terraria.fandom.com/wiki/Wood_armor,terraria.fandom.com
4570,Wood armor/cs,https://terraria.fandom.com/wiki/Wood_armor/cs,terraria.fandom.com
4571,Wooden Arrow,https://terraria.fandom.com/wiki/Wooden_Arrow,terraria.fandom.com
4572,Wooden Boomerang,https://terraria.fandom.com/wiki/Wooden_Boomerang,terraria.fandom.com
4573,Wooden Bow,https://terraria.fandom.com/wiki/Wooden_Bow,terraria.fandom.com
4574,Wooden Crate,https://terraria.fandom.com/wiki/Wooden_Crate,terraria.fandom.com
4575,Wooden Hammer,https://terraria.fandom.com/wiki/Wooden_Hammer,terraria.fandom.com
4576,Wooden Hammer/it,https://terraria.fandom.com/wiki/Wooden_Hammer/it,terraria.fandom.com
4577,Wooden Hammer/lt,https://terraria.fandom.com/wiki/Wooden_Hammer/lt,terraria.fandom.com
4578,Wooden Hammer/nl,https://terraria.fandom.com/wiki/Wooden_Hammer/nl,terraria.fandom.com
4579,Wooden Spike,https://terraria.fandom.com/wiki/Wooden_Spike,terraria.fandom.com
4580,Wooden Sword,https://terraria.fandom.com/wiki/Wooden_Sword,terraria.fandom.com
4581,Wooden Yoyo,https://terraria.fandom.com/wiki/Wooden_Yoyo,terraria.fandom.com
4582,Wooden furniture,https://terraria.fandom.com/wiki/Wooden_furniture,terraria.fandom.com
4583,Woods,https://terraria.fandom.com/wiki/Woods,terraria.fandom.com
4584,Woods/nl,https://terraria.fandom.com/wiki/Woods/nl,terraria.fandom.com
4585,Woods/tr,https://terraria.fandom.com/wiki/Woods/tr,terraria.fandom.com
4586,Work Benches,https://terraria.fandom.com/wiki/Work_Benches,terraria.fandom.com
4587,Work Benches/cs,https://terraria.fandom.com/wiki/Work_Benches/cs,terraria.fandom.com
4588,Work Benches/da,https://terraria.fandom.com/wiki/Work_Benches/da,terraria.fandom.com
4589,Work Benches/nl,https://terraria.fandom.com/wiki/Work_Benches/nl,terraria.fandom.com
4590,Work Benches/resultcell,https://terraria.fandom.com/wiki/Work_Benches/resultcell,terraria.fandom.com
4591,Workshop Hub,https://terraria.fandom.com/wiki/Workshop_Hub,terraria.fandom.com
4592,World,https://terraria.fandom.com/wiki/World,terraria.fandom.com
4593,World/Name,https://terraria.fandom.com/wiki/World/Name,terraria.fandom.com
4594,World Feeder,https://terraria.fandom.com/wiki/World_Feeder,terraria.fandom.com
4595,World Feeder/cs,https://terraria.fandom.com/wiki/World_Feeder/cs,terraria.fandom.com
4596,World Globe,https://terraria.fandom.com/wiki/World_Globe,terraria.fandom.com
4597,World Globe/ja,https://terraria.fandom.com/wiki/World_Globe/ja,terraria.fandom.com
4598,World Seed,https://terraria.fandom.com/wiki/World_Seed,terraria.fandom.com
4599,World size,https://terraria.fandom.com/wiki/World_size,terraria.fandom.com
4600,World size/it,https://terraria.fandom.com/wiki/World_size/it,terraria.fandom.com
4601,Worm,https://terraria.fandom.com/wiki/Worm,terraria.fandom.com
4602,Worm (disambiguation),https://terraria.fandom.com/wiki/Worm_(disambiguation),terraria.fandom.com
4603,Worm AI,https://terraria.fandom.com/wiki/Worm_AI,terraria.fandom.com
4604,Worm Food,https://terraria.fandom.com/wiki/Worm_Food,terraria.fandom.com
4605,Worm Scarf,https://terraria.fandom.com/wiki/Worm_Scarf,terraria.fandom.com
4606,Worm Tooth,https://terraria.fandom.com/wiki/Worm_Tooth,terraria.fandom.com
4607,Wormhole Potion,https://terraria.fandom.com/wiki/Wormhole_Potion,terraria.fandom.com
4608,Wraith,https://terraria.fandom.com/wiki/Wraith,terraria.fandom.com
4609,Wrath Potion,https://terraria.fandom.com/wiki/Wrath_Potion,terraria.fandom.com
4610,Wrenches,https://terraria.fandom.com/wiki/Wrenches,terraria.fandom.com
4611,Writhing Remains,https://terraria.fandom.com/wiki/Writhing_Remains,terraria.fandom.com
4612,Wyvern,https://terraria.fandom.com/wiki/Wyvern,terraria.fandom.com
4613,Xeno Staff,https://terraria.fandom.com/wiki/Xeno_Staff,terraria.fandom.com
4614,Xenon Moss Brick,https://terraria.fandom.com/wiki/Xenon_Moss_Brick,terraria.fandom.com
4615,Xenon Moss Brick Wall,https://terraria.fandom.com/wiki/Xenon_Moss_Brick_Wall,terraria.fandom.com
4616,Xenopopper,https://terraria.fandom.com/wiki/Xenopopper,terraria.fandom.com
4617,Yelets,https://terraria.fandom.com/wiki/Yelets,terraria.fandom.com
4618,Yellow,https://terraria.fandom.com/wiki/Yellow,terraria.fandom.com
4619,Yellow Horseshoe Balloon,https://terraria.fandom.com/wiki/Yellow_Horseshoe_Balloon,terraria.fandom.com
4620,Yellow Horseshoe Balloon/Crafting tree,https://terraria.fandom.com/wiki/Yellow_Horseshoe_Balloon/Crafting_tree,terraria.fandom.com
4621,Yellow Marigold,https://terraria.fandom.com/wiki/Yellow_Marigold,terraria.fandom.com
4622,Yellow Slime,https://terraria.fandom.com/wiki/Yellow_Slime,terraria.fandom.com
4623,Yellow Willow Sapling,https://terraria.fandom.com/wiki/Yellow_Willow_Sapling,terraria.fandom.com
4624,Yeti,https://terraria.fandom.com/wiki/Yeti,terraria.fandom.com
4625,Yoraiz0r's Spell,https://terraria.fandom.com/wiki/Yoraiz0r%27s_Spell,terraria.fandom.com
4626,Yoraiz0r's set,https://terraria.fandom.com/wiki/Yoraiz0r%27s_set,terraria.fandom.com
4627,Yoyo Accessories,https://terraria.fandom.com/wiki/Yoyo_Accessories,terraria.fandom.com
4628,Yoyo Bag,https://terraria.fandom.com/wiki/Yoyo_Bag,terraria.fandom.com
4629,Yoyo Glove,https://terraria.fandom.com/wiki/Yoyo_Glove,terraria.fandom.com
4630,Yoyos,https://terraria.fandom.com/wiki/Yoyos,terraria.fandom.com
4631,Yoyos/row,https://terraria.fandom.com/wiki/Yoyos/row,terraria.fandom.com
4632,Zapinator,https://terraria.fandom.com/wiki/Zapinator,terraria.fandom.com
4633,Zenith,https://terraria.fandom.com/wiki/Zenith,terraria.fandom.com
4634,Zenith/Crafting tree,https://terraria.fandom.com/wiki/Zenith/Crafting_tree,terraria.fandom.com
4635,Zenith/Crafting tree/ja,https://terraria.fandom.com/wiki/Zenith/Crafting_tree/ja,terraria.fandom.com
4636,Zenith/ja,https://terraria.fandom.com/wiki/Zenith/ja,terraria.fandom.com
4637,Zenith/nl,https://terraria.fandom.com/wiki/Zenith/nl,terraria.fandom.com
4638,Zephyr Fish,https://terraria.fandom.com/wiki/Zephyr_Fish,terraria.fandom.com
4639,Zombie,https://terraria.fandom.com/wiki/Zombie,terraria.fandom.com
4640,Zombie/cs,https://terraria.fandom.com/wiki/Zombie/cs,terraria.fandom.com
4641,Zombie Arm,https://terraria.fandom.com/wiki/Zombie_Arm,terraria.fandom.com
4642,Zombie Elf,https://terraria.fandom.com/wiki/Zombie_Elf,terraria.fandom.com
4643,Zombie Merman,https://terraria.fandom.com/wiki/Zombie_Merman,terraria.fandom.com
4644,Zombies/nl,https://terraria.fandom.com/wiki/Zombies/nl,terraria.fandom.com
4645,Zombies/no,https://terraria.fandom.com/wiki/Zombies/no,terraria.fandom.com
4646,Zoologist,https://terraria.fandom.com/wiki/Zoologist,terraria.fandom.com
4647,Zoologist/ja,https://terraria.fandom.com/wiki/Zoologist/ja,terraria.fandom.com
4648,移动中国版,https://terraria.fandom.com/wiki/%E7%A7%BB%E5%8A%A8%E4%B8%AD%E5%9B%BD%E7%89%88,terraria.fandom.com
